meter_id,date,cluster_id
0,2018-01-13,3
1,2018-01-13,0
2,2018-01-13,2
3,2018-01-13,1
4,2018-01-13,1
5,2018-01-13,4
6,2018-01-13,4
7,2018-01-13,3
8,2018-01-13,2
9,2018-01-13,0
10,2018-01-13,0
11,2018-01-13,3
12,2018-01-13,0
13,2018-01-13,0
14,2018-01-13,3
15,2018-01-13,0
16,2018-01-13,3
17,2018-01-13,4
18,2018-01-13,2
19,2018-01-13,0
20,2018-01-13,2
21,2018-01-13,3
22,2018-01-13,3
23,2018-01-13,2
0,2018-01-14,3
1,2018-01-14,4
2,2018-01-14,0
3,2018-01-14,1
4,2018-01-14,2
5,2018-01-14,4
6,2018-01-14,4
7,2018-01-14,3
8,2018-01-14,0
9,2018-01-14,0
10,2018-01-14,3
11,2018-01-14,0
12,2018-01-14,0
13,2018-01-14,0
14,2018-01-14,3
15,2018-01-14,0
16,2018-01-14,0
17,2018-01-14,4
18,2018-01-14,2
19,2018-01-14,0
20,2018-01-14,2
21,2018-01-14,3
22,2018-01-14,0
23,2018-01-14,0
0,2018-01-15,3
1,2018-01-15,3
2,2018-01-15,3
3,2018-01-15,1
4,2018-01-15,4
5,2018-01-15,4
6,2018-01-15,1
7,2018-01-15,3
8,2018-01-15,3
9,2018-01-15,4
10,2018-01-15,4
11,2018-01-15,3
12,2018-01-15,3
13,2018-01-15,4
14,2018-01-15,3
15,2018-01-15,0
16,2018-01-15,3
17,2018-01-15,1
18,2018-01-15,2
19,2018-01-15,3
20,2018-01-15,0
21,2018-01-15,0
22,2018-01-15,3
23,2018-01-15,0
0,2018-01-16,3
1,2018-01-16,3
2,2018-01-16,2
3,2018-01-16,1
4,2018-01-16,4
5,2018-01-16,4
6,2018-01-16,1
7,2018-01-16,3
8,2018-01-16,3
9,2018-01-16,1
10,2018-01-16,4
11,2018-01-16,3
12,2018-01-16,3
13,2018-01-16,3
14,2018-01-16,3
15,2018-01-16,0
16,2018-01-16,3
17,2018-01-16,1
18,2018-01-16,2
19,2018-01-16,3
20,2018-01-16,2
21,2018-01-16,0
22,2018-01-16,4
23,2018-01-16,0
0,2018-01-17,3
1,2018-01-17,3
2,2018-01-17,2
3,2018-01-17,1
4,2018-01-17,4
5,2018-01-17,4
6,2018-01-17,1
7,2018-01-17,3
8,2018-01-17,3
9,2018-01-17,1
10,2018-01-17,4
11,2018-01-17,3
12,2018-01-17,3
13,2018-01-17,4
14,2018-01-17,3
15,2018-01-17,0
16,2018-01-17,0
17,2018-01-17,1
18,2018-01-17,2
19,2018-01-17,3
20,2018-01-17,0
21,2018-01-17,0
22,2018-01-17,3
23,2018-01-17,0
0,2018-01-18,3
1,2018-01-18,0
2,2018-01-18,3
3,2018-01-18,1
4,2018-01-18,4
5,2018-01-18,4
6,2018-01-18,1
7,2018-01-18,3
8,2018-01-18,3
9,2018-01-18,1
10,2018-01-18,4
11,2018-01-18,3
12,2018-01-18,0
13,2018-01-18,4
14,2018-01-18,3
15,2018-01-18,0
16,2018-01-18,0
17,2018-01-18,1
18,2018-01-18,2
19,2018-01-18,3
20,2018-01-18,0
21,2018-01-18,0
22,2018-01-18,4
23,2018-01-18,0
0,2018-01-19,3
1,2018-01-19,3
2,2018-01-19,2
3,2018-01-19,1
4,2018-01-19,4
5,2018-01-19,4
6,2018-01-19,1
7,2018-01-19,3
8,2018-01-19,3
9,2018-01-19,4
10,2018-01-19,4
11,2018-01-19,3
12,2018-01-19,4
13,2018-01-19,4
14,2018-01-19,3
15,2018-01-19,0
16,2018-01-19,3
17,2018-01-19,1
18,2018-01-19,2
19,2018-01-19,3
20,2018-01-19,0
21,2018-01-19,4
22,2018-01-19,4
23,2018-01-19,2
0,2018-01-20,3
1,2018-01-20,0
2,2018-01-20,0
3,2018-01-20,1
4,2018-01-20,1
5,2018-01-20,4
6,2018-01-20,4
7,2018-01-20,4
8,2018-01-20,0
9,2018-01-20,0
10,2018-01-20,0
11,2018-01-20,0
12,2018-01-20,0
13,2018-01-20,0
14,2018-01-20,0
15,2018-01-20,0
16,2018-01-20,0
17,2018-01-20,4
18,2018-01-20,2
19,2018-01-20,0
20,2018-01-20,2
21,2018-01-20,0
22,2018-01-20,0
23,2018-01-20,0
0,2018-01-21,0
1,2018-01-21,0
2,2018-01-21,0
3,2018-01-21,1
4,2018-01-21,2
5,2018-01-21,4
6,2018-01-21,4
7,2018-01-21,0
8,2018-01-21,0
9,2018-01-21,0
10,2018-01-21,0
11,2018-01-21,0
12,2018-01-21,0
13,2018-01-21,0
14,2018-01-21,0
15,2018-01-21,0
16,2018-01-21,0
17,2018-01-21,0
18,2018-01-21,2
19,2018-01-21,0
20,2018-01-21,2
21,2018-01-21,0
22,2018-01-21,0
23,2018-01-21,0
0,2018-01-22,3
1,2018-01-22,0
2,2018-01-22,0
3,2018-01-22,1
4,2018-01-22,4
5,2018-01-22,4
6,2018-01-22,1
7,2018-01-22,4
8,2018-01-22,0
9,2018-01-22,1
10,2018-01-22,4
11,2018-01-22,3
12,2018-01-22,3
13,2018-01-22,4
14,2018-01-22,3
15,2018-01-22,4
16,2018-01-22,3
17,2018-01-22,1
18,2018-01-22,2
19,2018-01-22,3
20,2018-01-22,2
21,2018-01-22,0
22,2018-01-22,4
23,2018-01-22,0
0,2018-01-23,3
1,2018-01-23,3
2,2018-01-23,2
3,2018-01-23,1
4,2018-01-23,4
5,2018-01-23,4
6,2018-01-23,1
7,2018-01-23,3
8,2018-01-23,2
9,2018-01-23,1
10,2018-01-23,4
11,2018-01-23,3
12,2018-01-23,3
13,2018-01-23,3
14,2018-01-23,3
15,2018-01-23,0
16,2018-01-23,3
17,2018-01-23,1
18,2018-01-23,2
19,2018-01-23,3
20,2018-01-23,2
21,2018-01-23,3
22,2018-01-23,3
23,2018-01-23,2
0,2018-01-24,3
1,2018-01-24,3
2,2018-01-24,2
3,2018-01-24,1
4,2018-01-24,4
5,2018-01-24,4
6,2018-01-24,1
7,2018-01-24,3
8,2018-01-24,2
9,2018-01-24,1
10,2018-01-24,4
11,2018-01-24,3
12,2018-01-24,3
13,2018-01-24,4
14,2018-01-24,3
15,2018-01-24,0
16,2018-01-24,3
17,2018-01-24,1
18,2018-01-24,2
19,2018-01-24,3
20,2018-01-24,0
21,2018-01-24,3
22,2018-01-24,3
23,2018-01-24,0
0,2018-01-25,3
1,2018-01-25,3
2,2018-01-25,2
3,2018-01-25,1
4,2018-01-25,4
5,2018-01-25,4
6,2018-01-25,1
7,2018-01-25,3
8,2018-01-25,2
9,2018-01-25,1
10,2018-01-25,4
11,2018-01-25,3
12,2018-01-25,3
13,2018-01-25,4
14,2018-01-25,3
15,2018-01-25,0
16,2018-01-25,3
17,2018-01-25,1
18,2018-01-25,2
19,2018-01-25,3
20,2018-01-25,0
21,2018-01-25,3
22,2018-01-25,4
23,2018-01-25,2
0,2018-01-26,3
1,2018-01-26,3
2,2018-01-26,0
3,2018-01-26,1
4,2018-01-26,4
5,2018-01-26,4
6,2018-01-26,1
7,2018-01-26,4
8,2018-01-26,0
9,2018-01-26,1
10,2018-01-26,4
11,2018-01-26,4
12,2018-01-26,4
13,2018-01-26,4
14,2018-01-26,3
15,2018-01-26,0
16,2018-01-26,0
17,2018-01-26,1
18,2018-01-26,2
19,2018-01-26,0
20,2018-01-26,2
21,2018-01-26,0
22,2018-01-26,4
23,2018-01-26,0
0,2018-01-27,3
1,2018-01-27,0
2,2018-01-27,0
3,2018-01-27,1
4,2018-01-27,2
5,2018-01-27,4
6,2018-01-27,1
7,2018-01-27,3
8,2018-01-27,0
9,2018-01-27,4
10,2018-01-27,3
11,2018-01-27,0
12,2018-01-27,0
13,2018-01-27,0
14,2018-01-27,0
15,2018-01-27,0
16,2018-01-27,0
17,2018-01-27,3
18,2018-01-27,2
19,2018-01-27,0
20,2018-01-27,2
21,2018-01-27,0
22,2018-01-27,0
23,2018-01-27,0
0,2018-01-28,3
1,2018-01-28,4
2,2018-01-28,3
3,2018-01-28,1
4,2018-01-28,2
5,2018-01-28,4
6,2018-01-28,0
7,2018-01-28,3
8,2018-01-28,0
9,2018-01-28,0
10,2018-01-28,0
11,2018-01-28,0
12,2018-01-28,0
13,2018-01-28,0
14,2018-01-28,0
15,2018-01-28,0
16,2018-01-28,0
17,2018-01-28,3
18,2018-01-28,2
19,2018-01-28,0
20,2018-01-28,2
21,2018-01-28,0
22,2018-01-28,0
23,2018-01-28,0
0,2018-01-29,3
1,2018-01-29,3
2,2018-01-29,3
3,2018-01-29,1
4,2018-01-29,4
5,2018-01-29,4
6,2018-01-29,1
7,2018-01-29,3
8,2018-01-29,3
9,2018-01-29,1
10,2018-01-29,4
11,2018-01-29,3
12,2018-01-29,3
13,2018-01-29,4
14,2018-01-29,3
15,2018-01-29,4
16,2018-01-29,3
17,2018-01-29,1
18,2018-01-29,2
19,2018-01-29,3
20,2018-01-29,1
21,2018-01-29,3
22,2018-01-29,4
23,2018-01-29,0
0,2018-01-30,3
1,2018-01-30,3
2,2018-01-30,2
3,2018-01-30,1
4,2018-01-30,4
5,2018-01-30,4
6,2018-01-30,1
7,2018-01-30,3
8,2018-01-30,3
9,2018-01-30,1
10,2018-01-30,4
11,2018-01-30,3
12,2018-01-30,3
13,2018-01-30,4
14,2018-01-30,3
15,2018-01-30,0
16,2018-01-30,3
17,2018-01-30,1
18,2018-01-30,2
19,2018-01-30,3
20,2018-01-30,1
21,2018-01-30,0
22,2018-01-30,3
23,2018-01-30,2
0,2018-01-31,3
1,2018-01-31,3
2,2018-01-31,3
3,2018-01-31,1
4,2018-01-31,4
5,2018-01-31,4
6,2018-01-31,1
7,2018-01-31,3
8,2018-01-31,3
9,2018-01-31,1
10,2018-01-31,4
11,2018-01-31,3
12,2018-01-31,3
13,2018-01-31,4
14,2018-01-31,3
15,2018-01-31,0
16,2018-01-31,3
17,2018-01-31,1
18,2018-01-31,2
19,2018-01-31,3
20,2018-01-31,0
21,2018-01-31,0
22,2018-01-31,4
23,2018-01-31,0
0,2018-02-01,3
1,2018-02-01,3
2,2018-02-01,3
3,2018-02-01,1
4,2018-02-01,4
5,2018-02-01,4
6,2018-02-01,1
7,2018-02-01,3
8,2018-02-01,3
9,2018-02-01,1
10,2018-02-01,4
11,2018-02-01,3
12,2018-02-01,4
13,2018-02-01,4
14,2018-02-01,3
15,2018-02-01,0
16,2018-02-01,0
17,2018-02-01,1
18,2018-02-01,2
19,2018-02-01,3
20,2018-02-01,2
21,2018-02-01,3
22,2018-02-01,4
23,2018-02-01,0
0,2018-02-02,3
1,2018-02-02,3
2,2018-02-02,2
3,2018-02-02,1
4,2018-02-02,4
5,2018-02-02,4
6,2018-02-02,1
7,2018-02-02,3
8,2018-02-02,2
9,2018-02-02,1
10,2018-02-02,4
11,2018-02-02,3
12,2018-02-02,3
13,2018-02-02,4
14,2018-02-02,2
15,2018-02-02,0
16,2018-02-02,3
17,2018-02-02,1
18,2018-02-02,2
19,2018-02-02,3
20,2018-02-02,0
21,2018-02-02,3
22,2018-02-02,4
23,2018-02-02,2
0,2018-02-03,3
1,2018-02-03,0
2,2018-02-03,2
3,2018-02-03,1
4,2018-02-03,2
5,2018-02-03,4
6,2018-02-03,3
7,2018-02-03,3
8,2018-02-03,2
9,2018-02-03,0
10,2018-02-03,0
11,2018-02-03,3
12,2018-02-03,0
13,2018-02-03,2
14,2018-02-03,0
15,2018-02-03,0
16,2018-02-03,0
17,2018-02-03,3
18,2018-02-03,2
19,2018-02-03,0
20,2018-02-03,0
21,2018-02-03,3
22,2018-02-03,3
23,2018-02-03,2
0,2018-02-04,3
1,2018-02-04,0
2,2018-02-04,3
3,2018-02-04,1
4,2018-02-04,2
5,2018-02-04,4
6,2018-02-04,0
7,2018-02-04,3
8,2018-02-04,2
9,2018-02-04,0
10,2018-02-04,3
11,2018-02-04,0
12,2018-02-04,0
13,2018-02-04,0
14,2018-02-04,0
15,2018-02-04,0
16,2018-02-04,0
17,2018-02-04,3
18,2018-02-04,2
19,2018-02-04,0
20,2018-02-04,0
21,2018-02-04,0
22,2018-02-04,0
23,2018-02-04,2
0,2018-02-05,3
1,2018-02-05,3
2,2018-02-05,3
3,2018-02-05,1
4,2018-02-05,4
5,2018-02-05,4
6,2018-02-05,1
7,2018-02-05,4
8,2018-02-05,3
9,2018-02-05,4
10,2018-02-05,4
11,2018-02-05,3
12,2018-02-05,0
13,2018-02-05,4
14,2018-02-05,3
15,2018-02-05,4
16,2018-02-05,3
17,2018-02-05,1
18,2018-02-05,2
19,2018-02-05,3
20,2018-02-05,1
21,2018-02-05,0
22,2018-02-05,4
23,2018-02-05,0
0,2018-02-06,3
1,2018-02-06,3
2,2018-02-06,2
3,2018-02-06,1
4,2018-02-06,4
5,2018-02-06,4
6,2018-02-06,1
7,2018-02-06,3
8,2018-02-06,2
9,2018-02-06,1
10,2018-02-06,4
11,2018-02-06,3
12,2018-02-06,3
13,2018-02-06,4
14,2018-02-06,3
15,2018-02-06,0
16,2018-02-06,3
17,2018-02-06,1
18,2018-02-06,2
19,2018-02-06,3
20,2018-02-06,0
21,2018-02-06,3
22,2018-02-06,4
23,2018-02-06,2
0,2018-02-07,3
1,2018-02-07,3
2,2018-02-07,3
3,2018-02-07,1
4,2018-02-07,4
5,2018-02-07,4
6,2018-02-07,1
7,2018-02-07,4
8,2018-02-07,0
9,2018-02-07,1
10,2018-02-07,4
11,2018-02-07,3
12,2018-02-07,0
13,2018-02-07,4
14,2018-02-07,3
15,2018-02-07,0
16,2018-02-07,0
17,2018-02-07,1
18,2018-02-07,2
19,2018-02-07,3
20,2018-02-07,2
21,2018-02-07,0
22,2018-02-07,4
23,2018-02-07,0
0,2018-02-08,3
1,2018-02-08,3
2,2018-02-08,2
3,2018-02-08,1
4,2018-02-08,4
5,2018-02-08,4
6,2018-02-08,1
7,2018-02-08,3
8,2018-02-08,2
9,2018-02-08,1
10,2018-02-08,4
11,2018-02-08,3
12,2018-02-08,3
13,2018-02-08,4
14,2018-02-08,3
15,2018-02-08,0
16,2018-02-08,3
17,2018-02-08,1
18,2018-02-08,2
19,2018-02-08,3
20,2018-02-08,2
21,2018-02-08,3
22,2018-02-08,4
23,2018-02-08,2
0,2018-02-09,3
1,2018-02-09,3
2,2018-02-09,2
3,2018-02-09,1
4,2018-02-09,4
5,2018-02-09,4
6,2018-02-09,1
7,2018-02-09,3
8,2018-02-09,2
9,2018-02-09,1
10,2018-02-09,4
11,2018-02-09,3
12,2018-02-09,3
13,2018-02-09,4
14,2018-02-09,3
15,2018-02-09,0
16,2018-02-09,3
17,2018-02-09,1
18,2018-02-09,2
19,2018-02-09,3
20,2018-02-09,2
21,2018-02-09,0
22,2018-02-09,4
23,2018-02-09,2
0,2018-02-10,3
1,2018-02-10,0
2,2018-02-10,0
3,2018-02-10,1
4,2018-02-10,2
5,2018-02-10,4
6,2018-02-10,4
7,2018-02-10,3
8,2018-02-10,0
9,2018-02-10,3
10,2018-02-10,0
11,2018-02-10,0
12,2018-02-10,0
13,2018-02-10,0
14,2018-02-10,0
15,2018-02-10,0
16,2018-02-10,0
17,2018-02-10,4
18,2018-02-10,2
19,2018-02-10,0
20,2018-02-10,1
21,2018-02-10,0
22,2018-02-10,3
23,2018-02-10,0
0,2018-02-11,3
1,2018-02-11,4
2,2018-02-11,0
3,2018-02-11,1
4,2018-02-11,2
5,2018-02-11,4
6,2018-02-11,0
7,2018-02-11,3
8,2018-02-11,0
9,2018-02-11,2
10,2018-02-11,0
11,2018-02-11,0
12,2018-02-11,0
13,2018-02-11,0
14,2018-02-11,0
15,2018-02-11,0
16,2018-02-11,0
17,2018-02-11,4
18,2018-02-11,2
19,2018-02-11,0
20,2018-02-11,0
21,2018-02-11,0
22,2018-02-11,0
23,2018-02-11,2
0,2018-02-12,3
1,2018-02-12,3
2,2018-02-12,2
3,2018-02-12,1
4,2018-02-12,4
5,2018-02-12,4
6,2018-02-12,1
7,2018-02-12,3
8,2018-02-12,2
9,2018-02-12,1
10,2018-02-12,4
11,2018-02-12,3
12,2018-02-12,3
13,2018-02-12,4
14,2018-02-12,3
15,2018-02-12,0
16,2018-02-12,3
17,2018-02-12,1
18,2018-02-12,2
19,2018-02-12,3
20,2018-02-12,2
21,2018-02-12,3
22,2018-02-12,4
23,2018-02-12,0
0,2018-02-13,3
1,2018-02-13,3
2,2018-02-13,2
3,2018-02-13,1
4,2018-02-13,4
5,2018-02-13,4
6,2018-02-13,1
7,2018-02-13,3
8,2018-02-13,2
9,2018-02-13,1
10,2018-02-13,4
11,2018-02-13,3
12,2018-02-13,3
13,2018-02-13,3
14,2018-02-13,2
15,2018-02-13,0
16,2018-02-13,3
17,2018-02-13,1
18,2018-02-13,2
19,2018-02-13,3
20,2018-02-13,2
21,2018-02-13,3
22,2018-02-13,3
23,2018-02-13,2
0,2018-02-14,3
1,2018-02-14,3
2,2018-02-14,2
3,2018-02-14,1
4,2018-02-14,4
5,2018-02-14,4
6,2018-02-14,1
7,2018-02-14,3
8,2018-02-14,2
9,2018-02-14,1
10,2018-02-14,4
11,2018-02-14,3
12,2018-02-14,3
13,2018-02-14,4
14,2018-02-14,3
15,2018-02-14,0
16,2018-02-14,0
17,2018-02-14,1
18,2018-02-14,2
19,2018-02-14,3
20,2018-02-14,1
21,2018-02-14,3
22,2018-02-14,4
23,2018-02-14,2
0,2018-02-15,3
1,2018-02-15,3
2,2018-02-15,3
3,2018-02-15,1
4,2018-02-15,4
5,2018-02-15,4
6,2018-02-15,1
7,2018-02-15,3
8,2018-02-15,3
9,2018-02-15,1
10,2018-02-15,4
11,2018-02-15,3
12,2018-02-15,3
13,2018-02-15,4
14,2018-02-15,3
15,2018-02-15,0
16,2018-02-15,0
17,2018-02-15,1
18,2018-02-15,2
19,2018-02-15,3
20,2018-02-15,0
21,2018-02-15,0
22,2018-02-15,4
23,2018-02-15,0
0,2018-02-16,3
1,2018-02-16,0
2,2018-02-16,3
3,2018-02-16,1
4,2018-02-16,4
5,2018-02-16,4
6,2018-02-16,1
7,2018-02-16,4
8,2018-02-16,0
9,2018-02-16,4
10,2018-02-16,4
11,2018-02-16,3
12,2018-02-16,0
13,2018-02-16,4
14,2018-02-16,3
15,2018-02-16,0
16,2018-02-16,0
17,2018-02-16,1
18,2018-02-16,2
19,2018-02-16,3
20,2018-02-16,4
21,2018-02-16,0
22,2018-02-16,4
23,2018-02-16,0
0,2018-02-17,3
1,2018-02-17,4
2,2018-02-17,0
3,2018-02-17,1
4,2018-02-17,2
5,2018-02-17,4
6,2018-02-17,4
7,2018-02-17,3
8,2018-02-17,0
9,2018-02-17,0
10,2018-02-17,3
11,2018-02-17,0
12,2018-02-17,0
13,2018-02-17,0
14,2018-02-17,0
15,2018-02-17,0
16,2018-02-17,0
17,2018-02-17,0
18,2018-02-17,2
19,2018-02-17,0
20,2018-02-17,1
21,2018-02-17,4
22,2018-02-17,0
23,2018-02-17,0
0,2018-02-18,3
1,2018-02-18,4
2,2018-02-18,3
3,2018-02-18,1
4,2018-02-18,2
5,2018-02-18,4
6,2018-02-18,3
7,2018-02-18,3
8,2018-02-18,2
9,2018-02-18,0
10,2018-02-18,0
11,2018-02-18,0
12,2018-02-18,0
13,2018-02-18,0
14,2018-02-18,0
15,2018-02-18,0
16,2018-02-18,0
17,2018-02-18,3
18,2018-02-18,2
19,2018-02-18,0
20,2018-02-18,0
21,2018-02-18,0
22,2018-02-18,2
23,2018-02-18,2
0,2018-02-19,3
1,2018-02-19,3
2,2018-02-19,2
3,2018-02-19,1
4,2018-02-19,4
5,2018-02-19,4
6,2018-02-19,1
7,2018-02-19,3
8,2018-02-19,2
9,2018-02-19,1
10,2018-02-19,4
11,2018-02-19,3
12,2018-02-19,3
13,2018-02-19,4
14,2018-02-19,2
15,2018-02-19,0
16,2018-02-19,3
17,2018-02-19,1
18,2018-02-19,2
19,2018-02-19,3
20,2018-02-19,0
21,2018-02-19,3
22,2018-02-19,0
23,2018-02-19,2
0,2018-02-20,3
1,2018-02-20,3
2,2018-02-20,2
3,2018-02-20,1
4,2018-02-20,4
5,2018-02-20,4
6,2018-02-20,1
7,2018-02-20,3
8,2018-02-20,2
9,2018-02-20,1
10,2018-02-20,4
11,2018-02-20,3
12,2018-02-20,3
13,2018-02-20,4
14,2018-02-20,2
15,2018-02-20,0
16,2018-02-20,3
17,2018-02-20,1
18,2018-02-20,2
19,2018-02-20,3
20,2018-02-20,2
21,2018-02-20,0
22,2018-02-20,3
23,2018-02-20,0
0,2018-02-21,2
1,2018-02-21,3
2,2018-02-21,2
3,2018-02-21,1
4,2018-02-21,4
5,2018-02-21,4
6,2018-02-21,1
7,2018-02-21,1
8,2018-02-21,2
9,2018-02-21,1
10,2018-02-21,4
11,2018-02-21,3
12,2018-02-21,0
13,2018-02-21,0
14,2018-02-21,3
15,2018-02-21,0
16,2018-02-21,3
17,2018-02-21,1
18,2018-02-21,2
19,2018-02-21,3
20,2018-02-21,2
21,2018-02-21,0
22,2018-02-21,3
23,2018-02-21,2
0,2018-02-22,3
1,2018-02-22,0
2,2018-02-22,2
3,2018-02-22,1
4,2018-02-22,4
5,2018-02-22,4
6,2018-02-22,1
7,2018-02-22,1
8,2018-02-22,0
9,2018-02-22,1
10,2018-02-22,4
11,2018-02-22,0
12,2018-02-22,0
13,2018-02-22,4
14,2018-02-22,3
15,2018-02-22,0
16,2018-02-22,0
17,2018-02-22,1
18,2018-02-22,2
19,2018-02-22,0
20,2018-02-22,2
21,2018-02-22,0
22,2018-02-22,4
23,2018-02-22,2
0,2018-02-23,3
1,2018-02-23,3
2,2018-02-23,3
3,2018-02-23,1
4,2018-02-23,4
5,2018-02-23,4
6,2018-02-23,1
7,2018-02-23,1
8,2018-02-23,0
9,2018-02-23,1
10,2018-02-23,4
11,2018-02-23,0
12,2018-02-23,0
13,2018-02-23,4
14,2018-02-23,3
15,2018-02-23,0
16,2018-02-23,0
17,2018-02-23,1
18,2018-02-23,2
19,2018-02-23,0
20,2018-02-23,2
21,2018-02-23,0
22,2018-02-23,0
23,2018-02-23,0
0,2018-02-24,3
1,2018-02-24,0
2,2018-02-24,0
3,2018-02-24,1
4,2018-02-24,2
5,2018-02-24,4
6,2018-02-24,1
7,2018-02-24,3
8,2018-02-24,2
9,2018-02-24,0
10,2018-02-24,0
11,2018-02-24,0
12,2018-02-24,0
13,2018-02-24,0
14,2018-02-24,0
15,2018-02-24,0
16,2018-02-24,0
17,2018-02-24,3
18,2018-02-24,2
19,2018-02-24,0
20,2018-02-24,2
21,2018-02-24,0
22,2018-02-24,0
23,2018-02-24,0
0,2018-02-25,3
1,2018-02-25,4
2,2018-02-25,3
3,2018-02-25,1
4,2018-02-25,2
5,2018-02-25,4
6,2018-02-25,4
7,2018-02-25,4
8,2018-02-25,0
9,2018-02-25,0
10,2018-02-25,0
11,2018-02-25,0
12,2018-02-25,0
13,2018-02-25,0
14,2018-02-25,0
15,2018-02-25,0
16,2018-02-25,0
17,2018-02-25,0
18,2018-02-25,2
19,2018-02-25,0
20,2018-02-25,2
21,2018-02-25,0
22,2018-02-25,0
23,2018-02-25,0
0,2018-02-26,3
1,2018-02-26,3
2,2018-02-26,2
3,2018-02-26,4
4,2018-02-26,4
5,2018-02-26,4
6,2018-02-26,1
7,2018-02-26,4
8,2018-02-26,2
9,2018-02-26,1
10,2018-02-26,4
11,2018-02-26,3
12,2018-02-26,3
13,2018-02-26,3
14,2018-02-26,3
15,2018-02-26,0
16,2018-02-26,3
17,2018-02-26,1
18,2018-02-26,2
19,2018-02-26,3
20,2018-02-26,0
21,2018-02-26,0
22,2018-02-26,3
23,2018-02-26,3
0,2018-02-27,3
1,2018-02-27,3
2,2018-02-27,2
3,2018-02-27,1
4,2018-02-27,4
5,2018-02-27,4
6,2018-02-27,1
7,2018-02-27,0
8,2018-02-27,2
9,2018-02-27,1
10,2018-02-27,4
11,2018-02-27,3
12,2018-02-27,3
13,2018-02-27,3
14,2018-02-27,2
15,2018-02-27,0
16,2018-02-27,3
17,2018-02-27,1
18,2018-02-27,2
19,2018-02-27,3
20,2018-02-27,0
21,2018-02-27,0
22,2018-02-27,4
23,2018-02-27,3
0,2018-02-28,3
1,2018-02-28,3
2,2018-02-28,2
3,2018-02-28,1
4,2018-02-28,4
5,2018-02-28,4
6,2018-02-28,1
7,2018-02-28,4
8,2018-02-28,2
9,2018-02-28,1
10,2018-02-28,4
11,2018-02-28,3
12,2018-02-28,3
13,2018-02-28,4
14,2018-02-28,3
15,2018-02-28,0
16,2018-02-28,3
17,2018-02-28,1
18,2018-02-28,2
19,2018-02-28,3
20,2018-02-28,0
21,2018-02-28,0
22,2018-02-28,4
23,2018-02-28,0
0,2018-03-01,3
1,2018-03-01,3
2,2018-03-01,2
3,2018-03-01,1
4,2018-03-01,4
5,2018-03-01,4
6,2018-03-01,1
7,2018-03-01,3
8,2018-03-01,2
9,2018-03-01,1
10,2018-03-01,4
11,2018-03-01,3
12,2018-03-01,3
13,2018-03-01,4
14,2018-03-01,3
15,2018-03-01,0
16,2018-03-01,4
17,2018-03-01,1
18,2018-03-01,2
19,2018-03-01,3
20,2018-03-01,0
21,2018-03-01,0
22,2018-03-01,4
23,2018-03-01,0
0,2018-03-02,3
1,2018-03-02,0
2,2018-03-02,2
3,2018-03-02,1
4,2018-03-02,4
5,2018-03-02,4
6,2018-03-02,1
7,2018-03-02,1
8,2018-03-02,2
9,2018-03-02,1
10,2018-03-02,4
11,2018-03-02,3
12,2018-03-02,3
13,2018-03-02,4
14,2018-03-02,3
15,2018-03-02,0
16,2018-03-02,0
17,2018-03-02,1
18,2018-03-02,2
19,2018-03-02,0
20,2018-03-02,4
21,2018-03-02,0
22,2018-03-02,4
23,2018-03-02,0
0,2018-03-03,4
1,2018-03-03,0
2,2018-03-03,0
3,2018-03-03,1
4,2018-03-03,2
5,2018-03-03,4
6,2018-03-03,0
7,2018-03-03,3
8,2018-03-03,0
9,2018-03-03,0
10,2018-03-03,3
11,2018-03-03,0
12,2018-03-03,0
13,2018-03-03,0
14,2018-03-03,0
15,2018-03-03,0
16,2018-03-03,0
17,2018-03-03,0
18,2018-03-03,2
19,2018-03-03,0
20,2018-03-03,2
21,2018-03-03,0
22,2018-03-03,0
23,2018-03-03,0
0,2018-03-04,3
1,2018-03-04,4
2,2018-03-04,0
3,2018-03-04,1
4,2018-03-04,2
5,2018-03-04,4
6,2018-03-04,3
7,2018-03-04,3
8,2018-03-04,0
9,2018-03-04,0
10,2018-03-04,0
11,2018-03-04,0
12,2018-03-04,0
13,2018-03-04,0
14,2018-03-04,0
15,2018-03-04,0
16,2018-03-04,0
17,2018-03-04,4
18,2018-03-04,2
19,2018-03-04,0
20,2018-03-04,2
21,2018-03-04,0
22,2018-03-04,0
23,2018-03-04,2
0,2018-03-05,3
1,2018-03-05,3
2,2018-03-05,2
3,2018-03-05,1
4,2018-03-05,4
5,2018-03-05,4
6,2018-03-05,1
7,2018-03-05,3
8,2018-03-05,2
9,2018-03-05,1
10,2018-03-05,4
11,2018-03-05,3
12,2018-03-05,3
13,2018-03-05,4
14,2018-03-05,3
15,2018-03-05,0
16,2018-03-05,3
17,2018-03-05,1
18,2018-03-05,2
19,2018-03-05,3
20,2018-03-05,0
21,2018-03-05,0
22,2018-03-05,3
23,2018-03-05,0
0,2018-03-06,3
1,2018-03-06,3
2,2018-03-06,2
3,2018-03-06,1
4,2018-03-06,4
5,2018-03-06,4
6,2018-03-06,1
7,2018-03-06,3
8,2018-03-06,3
9,2018-03-06,1
10,2018-03-06,4
11,2018-03-06,3
12,2018-03-06,3
13,2018-03-06,4
14,2018-03-06,2
15,2018-03-06,0
16,2018-03-06,3
17,2018-03-06,1
18,2018-03-06,2
19,2018-03-06,3
20,2018-03-06,0
21,2018-03-06,0
22,2018-03-06,4
23,2018-03-06,0
0,2018-03-07,3
1,2018-03-07,3
2,2018-03-07,2
3,2018-03-07,1
4,2018-03-07,4
5,2018-03-07,4
6,2018-03-07,1
7,2018-03-07,3
8,2018-03-07,3
9,2018-03-07,1
10,2018-03-07,4
11,2018-03-07,3
12,2018-03-07,3
13,2018-03-07,0
14,2018-03-07,3
15,2018-03-07,0
16,2018-03-07,0
17,2018-03-07,1
18,2018-03-07,2
19,2018-03-07,3
20,2018-03-07,0
21,2018-03-07,0
22,2018-03-07,4
23,2018-03-07,0
0,2018-03-08,3
1,2018-03-08,3
2,2018-03-08,2
3,2018-03-08,1
4,2018-03-08,4
5,2018-03-08,4
6,2018-03-08,1
7,2018-03-08,2
8,2018-03-08,2
9,2018-03-08,1
10,2018-03-08,4
11,2018-03-08,3
12,2018-03-08,3
13,2018-03-08,3
14,2018-03-08,2
15,2018-03-08,0
16,2018-03-08,3
17,2018-03-08,1
18,2018-03-08,2
19,2018-03-08,3
20,2018-03-08,0
21,2018-03-08,3
22,2018-03-08,3
23,2018-03-08,2
0,2018-03-09,3
1,2018-03-09,3
2,2018-03-09,2
3,2018-03-09,1
4,2018-03-09,4
5,2018-03-09,4
6,2018-03-09,1
7,2018-03-09,0
8,2018-03-09,2
9,2018-03-09,1
10,2018-03-09,0
11,2018-03-09,3
12,2018-03-09,3
13,2018-03-09,4
14,2018-03-09,2
15,2018-03-09,0
16,2018-03-09,3
17,2018-03-09,1
18,2018-03-09,2
19,2018-03-09,3
20,2018-03-09,0
21,2018-03-09,0
22,2018-03-09,4
23,2018-03-09,0
0,2018-03-10,3
1,2018-03-10,4
2,2018-03-10,0
3,2018-03-10,1
4,2018-03-10,2
5,2018-03-10,4
6,2018-03-10,4
7,2018-03-10,0
8,2018-03-10,0
9,2018-03-10,0
10,2018-03-10,0
11,2018-03-10,0
12,2018-03-10,0
13,2018-03-10,0
14,2018-03-10,0
15,2018-03-10,0
16,2018-03-10,0
17,2018-03-10,4
18,2018-03-10,2
19,2018-03-10,0
20,2018-03-10,0
21,2018-03-10,0
22,2018-03-10,3
23,2018-03-10,0
0,2018-03-11,0
1,2018-03-11,0
2,2018-03-11,0
3,2018-03-11,1
4,2018-03-11,2
5,2018-03-11,4
6,2018-03-11,0
7,2018-03-11,4
8,2018-03-11,0
9,2018-03-11,0
10,2018-03-11,0
11,2018-03-11,0
12,2018-03-11,0
13,2018-03-11,0
14,2018-03-11,0
15,2018-03-11,0
16,2018-03-11,0
17,2018-03-11,4
18,2018-03-11,2
19,2018-03-11,0
20,2018-03-11,0
21,2018-03-11,0
22,2018-03-11,0
23,2018-03-11,0
0,2018-03-12,3
1,2018-03-12,3
2,2018-03-12,3
3,2018-03-12,1
4,2018-03-12,4
5,2018-03-12,4
6,2018-03-12,1
7,2018-03-12,3
8,2018-03-12,3
9,2018-03-12,1
10,2018-03-12,4
11,2018-03-12,3
12,2018-03-12,3
13,2018-03-12,4
14,2018-03-12,3
15,2018-03-12,0
16,2018-03-12,0
17,2018-03-12,1
18,2018-03-12,2
19,2018-03-12,3
20,2018-03-12,4
21,2018-03-12,0
22,2018-03-12,4
23,2018-03-12,0
0,2018-03-13,3
1,2018-03-13,3
2,2018-03-13,3
3,2018-03-13,1
4,2018-03-13,4
5,2018-03-13,4
6,2018-03-13,1
7,2018-03-13,3
8,2018-03-13,2
9,2018-03-13,1
10,2018-03-13,1
11,2018-03-13,3
12,2018-03-13,3
13,2018-03-13,4
14,2018-03-13,3
15,2018-03-13,0
16,2018-03-13,0
17,2018-03-13,1
18,2018-03-13,2
19,2018-03-13,3
20,2018-03-13,0
21,2018-03-13,4
22,2018-03-13,4
23,2018-03-13,0
0,2018-03-14,2
1,2018-03-14,3
2,2018-03-14,2
3,2018-03-14,1
4,2018-03-14,4
5,2018-03-14,4
6,2018-03-14,1
7,2018-03-14,3
8,2018-03-14,2
9,2018-03-14,1
10,2018-03-14,4
11,2018-03-14,3
12,2018-03-14,3
13,2018-03-14,3
14,2018-03-14,2
15,2018-03-14,0
16,2018-03-14,2
17,2018-03-14,1
18,2018-03-14,2
19,2018-03-14,3
20,2018-03-14,0
21,2018-03-14,0
22,2018-03-14,3
23,2018-03-14,2
0,2018-03-15,3
1,2018-03-15,3
2,2018-03-15,3
3,2018-03-15,4
4,2018-03-15,4
5,2018-03-15,4
6,2018-03-15,1
7,2018-03-15,3
8,2018-03-15,0
9,2018-03-15,1
10,2018-03-15,4
11,2018-03-15,3
12,2018-03-15,3
13,2018-03-15,4
14,2018-03-15,3
15,2018-03-15,0
16,2018-03-15,0
17,2018-03-15,1
18,2018-03-15,2
19,2018-03-15,3
20,2018-03-15,0
21,2018-03-15,0
22,2018-03-15,4
23,2018-03-15,0
0,2018-03-16,3
1,2018-03-16,3
2,2018-03-16,2
3,2018-03-16,1
4,2018-03-16,4
5,2018-03-16,4
6,2018-03-16,1
7,2018-03-16,3
8,2018-03-16,2
9,2018-03-16,1
10,2018-03-16,4
11,2018-03-16,3
12,2018-03-16,3
13,2018-03-16,3
14,2018-03-16,2
15,2018-03-16,0
16,2018-03-16,3
17,2018-03-16,1
18,2018-03-16,2
19,2018-03-16,3
20,2018-03-16,2
21,2018-03-16,0
22,2018-03-16,4
23,2018-03-16,2
0,2018-03-17,0
1,2018-03-17,0
2,2018-03-17,0
3,2018-03-17,1
4,2018-03-17,2
5,2018-03-17,4
6,2018-03-17,3
7,2018-03-17,0
8,2018-03-17,0
9,2018-03-17,0
10,2018-03-17,2
11,2018-03-17,0
12,2018-03-17,0
13,2018-03-17,0
14,2018-03-17,0
15,2018-03-17,0
16,2018-03-17,0
17,2018-03-17,1
18,2018-03-17,2
19,2018-03-17,0
20,2018-03-17,0
21,2018-03-17,0
22,2018-03-17,0
23,2018-03-17,0
0,2018-03-18,3
1,2018-03-18,0
2,2018-03-18,3
3,2018-03-18,1
4,2018-03-18,2
5,2018-03-18,1
6,2018-03-18,0
7,2018-03-18,3
8,2018-03-18,2
9,2018-03-18,0
10,2018-03-18,2
11,2018-03-18,0
12,2018-03-18,0
13,2018-03-18,0
14,2018-03-18,0
15,2018-03-18,0
16,2018-03-18,0
17,2018-03-18,4
18,2018-03-18,2
19,2018-03-18,0
20,2018-03-18,2
21,2018-03-18,0
22,2018-03-18,3
23,2018-03-18,2
0,2018-03-19,3
1,2018-03-19,3
2,2018-03-19,2
3,2018-03-19,4
4,2018-03-19,4
5,2018-03-19,4
6,2018-03-19,1
7,2018-03-19,3
8,2018-03-19,2
9,2018-03-19,1
10,2018-03-19,4
11,2018-03-19,3
12,2018-03-19,3
13,2018-03-19,4
14,2018-03-19,3
15,2018-03-19,0
16,2018-03-19,3
17,2018-03-19,1
18,2018-03-19,2
19,2018-03-19,3
20,2018-03-19,0
21,2018-03-19,3
22,2018-03-19,0
23,2018-03-19,2
0,2018-03-20,3
1,2018-03-20,3
2,2018-03-20,2
3,2018-03-20,1
4,2018-03-20,4
5,2018-03-20,4
6,2018-03-20,1
7,2018-03-20,3
8,2018-03-20,2
9,2018-03-20,1
10,2018-03-20,4
11,2018-03-20,3
12,2018-03-20,3
13,2018-03-20,3
14,2018-03-20,2
15,2018-03-20,0
16,2018-03-20,2
17,2018-03-20,1
18,2018-03-20,2
19,2018-03-20,2
20,2018-03-20,0
21,2018-03-20,3
22,2018-03-20,4
23,2018-03-20,2
0,2018-03-21,2
1,2018-03-21,3
2,2018-03-21,2
3,2018-03-21,1
4,2018-03-21,4
5,2018-03-21,4
6,2018-03-21,1
7,2018-03-21,3
8,2018-03-21,2
9,2018-03-21,1
10,2018-03-21,4
11,2018-03-21,3
12,2018-03-21,0
13,2018-03-21,3
14,2018-03-21,3
15,2018-03-21,0
16,2018-03-21,3
17,2018-03-21,1
18,2018-03-21,2
19,2018-03-21,3
20,2018-03-21,0
21,2018-03-21,0
22,2018-03-21,3
23,2018-03-21,0
0,2018-03-22,3
1,2018-03-22,3
2,2018-03-22,2
3,2018-03-22,1
4,2018-03-22,4
5,2018-03-22,4
6,2018-03-22,1
7,2018-03-22,3
8,2018-03-22,2
9,2018-03-22,1
10,2018-03-22,4
11,2018-03-22,3
12,2018-03-22,3
13,2018-03-22,3
14,2018-03-22,3
15,2018-03-22,0
16,2018-03-22,3
17,2018-03-22,1
18,2018-03-22,2
19,2018-03-22,3
20,2018-03-22,0
21,2018-03-22,3
22,2018-03-22,0
23,2018-03-22,2
0,2018-03-23,3
1,2018-03-23,3
2,2018-03-23,2
3,2018-03-23,1
4,2018-03-23,4
5,2018-03-23,4
6,2018-03-23,1
7,2018-03-23,4
8,2018-03-23,2
9,2018-03-23,1
10,2018-03-23,4
11,2018-03-23,3
12,2018-03-23,3
13,2018-03-23,3
14,2018-03-23,2
15,2018-03-23,0
16,2018-03-23,2
17,2018-03-23,1
18,2018-03-23,2
19,2018-03-23,3
20,2018-03-23,0
21,2018-03-23,3
22,2018-03-23,4
23,2018-03-23,2
0,2018-03-24,3
1,2018-03-24,0
2,2018-03-24,2
3,2018-03-24,1
4,2018-03-24,2
5,2018-03-24,4
6,2018-03-24,2
7,2018-03-24,3
8,2018-03-24,2
9,2018-03-24,2
10,2018-03-24,2
11,2018-03-24,3
12,2018-03-24,0
13,2018-03-24,3
14,2018-03-24,3
15,2018-03-24,0
16,2018-03-24,3
17,2018-03-24,4
18,2018-03-24,2
19,2018-03-24,3
20,2018-03-24,2
21,2018-03-24,0
22,2018-03-24,2
23,2018-03-24,2
0,2018-03-25,3
1,2018-03-25,4
2,2018-03-25,3
3,2018-03-25,1
4,2018-03-25,0
5,2018-03-25,4
6,2018-03-25,2
7,2018-03-25,3
8,2018-03-25,2
9,2018-03-25,0
10,2018-03-25,2
11,2018-03-25,3
12,2018-03-25,4
13,2018-03-25,0
14,2018-03-25,3
15,2018-03-25,0
16,2018-03-25,3
17,2018-03-25,1
18,2018-03-25,2
19,2018-03-25,0
20,2018-03-25,2
21,2018-03-25,3
22,2018-03-25,0
23,2018-03-25,0
0,2018-03-26,3
1,2018-03-26,3
2,2018-03-26,3
3,2018-03-26,1
4,2018-03-26,1
5,2018-03-26,4
6,2018-03-26,1
7,2018-03-26,3
8,2018-03-26,2
9,2018-03-26,1
10,2018-03-26,1
11,2018-03-26,3
12,2018-03-26,3
13,2018-03-26,4
14,2018-03-26,3
15,2018-03-26,4
16,2018-03-26,3
17,2018-03-26,1
18,2018-03-26,2
19,2018-03-26,3
20,2018-03-26,0
21,2018-03-26,3
22,2018-03-26,4
23,2018-03-26,2
0,2018-03-27,3
1,2018-03-27,3
2,2018-03-27,2
3,2018-03-27,1
4,2018-03-27,1
5,2018-03-27,4
6,2018-03-27,1
7,2018-03-27,3
8,2018-03-27,2
9,2018-03-27,1
10,2018-03-27,4
11,2018-03-27,3
12,2018-03-27,3
13,2018-03-27,4
14,2018-03-27,3
15,2018-03-27,0
16,2018-03-27,3
17,2018-03-27,1
18,2018-03-27,2
19,2018-03-27,3
20,2018-03-27,3
21,2018-03-27,0
22,2018-03-27,3
23,2018-03-27,2
0,2018-03-28,3
1,2018-03-28,3
2,2018-03-28,3
3,2018-03-28,1
4,2018-03-28,4
5,2018-03-28,4
6,2018-03-28,1
7,2018-03-28,3
8,2018-03-28,3
9,2018-03-28,1
10,2018-03-28,4
11,2018-03-28,3
12,2018-03-28,3
13,2018-03-28,4
14,2018-03-28,3
15,2018-03-28,0
16,2018-03-28,3
17,2018-03-28,1
18,2018-03-28,2
19,2018-03-28,3
20,2018-03-28,0
21,2018-03-28,4
22,2018-03-28,4
23,2018-03-28,2
0,2018-03-29,3
1,2018-03-29,3
2,2018-03-29,3
3,2018-03-29,1
4,2018-03-29,1
5,2018-03-29,1
6,2018-03-29,1
7,2018-03-29,3
8,2018-03-29,2
9,2018-03-29,1
10,2018-03-29,1
11,2018-03-29,3
12,2018-03-29,4
13,2018-03-29,4
14,2018-03-29,3
15,2018-03-29,0
16,2018-03-29,3
17,2018-03-29,1
18,2018-03-29,2
19,2018-03-29,3
20,2018-03-29,0
21,2018-03-29,3
22,2018-03-29,1
23,2018-03-29,0
0,2018-03-30,3
1,2018-03-30,4
2,2018-03-30,0
3,2018-03-30,1
4,2018-03-30,1
5,2018-03-30,1
6,2018-03-30,1
7,2018-03-30,3
8,2018-03-30,0
9,2018-03-30,3
10,2018-03-30,0
11,2018-03-30,4
12,2018-03-30,4
13,2018-03-30,4
14,2018-03-30,4
15,2018-03-30,0
16,2018-03-30,0
17,2018-03-30,1
18,2018-03-30,2
19,2018-03-30,0
20,2018-03-30,0
21,2018-03-30,4
22,2018-03-30,3
23,2018-03-30,0
0,2018-03-31,2
1,2018-03-31,4
2,2018-03-31,2
3,2018-03-31,1
4,2018-03-31,0
5,2018-03-31,1
6,2018-03-31,2
7,2018-03-31,3
8,2018-03-31,2
9,2018-03-31,0
10,2018-03-31,2
11,2018-03-31,3
12,2018-03-31,4
13,2018-03-31,3
14,2018-03-31,0
15,2018-03-31,0
16,2018-03-31,0
17,2018-03-31,4
18,2018-03-31,2
19,2018-03-31,0
20,2018-03-31,0
21,2018-03-31,4
22,2018-03-31,0
23,2018-03-31,2
0,2018-04-01,3
1,2018-04-01,4
2,2018-04-01,2
3,2018-04-01,1
4,2018-04-01,2
5,2018-04-01,1
6,2018-04-01,2
7,2018-04-01,3
8,2018-04-01,2
9,2018-04-01,0
10,2018-04-01,2
11,2018-04-01,3
12,2018-04-01,0
13,2018-04-01,3
14,2018-04-01,0
15,2018-04-01,4
16,2018-04-01,0
17,2018-04-01,1
18,2018-04-01,2
19,2018-04-01,0
20,2018-04-01,0
21,2018-04-01,4
22,2018-04-01,4
23,2018-04-01,2
0,2018-04-02,2
1,2018-04-02,4
2,2018-04-02,3
3,2018-04-02,1
4,2018-04-02,1
5,2018-04-02,0
6,2018-04-02,1
7,2018-04-02,3
8,2018-04-02,2
9,2018-04-02,4
10,2018-04-02,4
11,2018-04-02,3
12,2018-04-02,3
13,2018-04-02,3
14,2018-04-02,3
15,2018-04-02,0
16,2018-04-02,2
17,2018-04-02,1
18,2018-04-02,2
19,2018-04-02,4
20,2018-04-02,2
21,2018-04-02,4
22,2018-04-02,3
23,2018-04-02,2
0,2018-04-03,3
1,2018-04-03,3
2,2018-04-03,3
3,2018-04-03,1
4,2018-04-03,4
5,2018-04-03,1
6,2018-04-03,1
7,2018-04-03,4
8,2018-04-03,2
9,2018-04-03,1
10,2018-04-03,4
11,2018-04-03,3
12,2018-04-03,3
13,2018-04-03,4
14,2018-04-03,3
15,2018-04-03,4
16,2018-04-03,3
17,2018-04-03,4
18,2018-04-03,2
19,2018-04-03,3
20,2018-04-03,0
21,2018-04-03,3
22,2018-04-03,3
23,2018-04-03,2
0,2018-04-04,3
1,2018-04-04,3
2,2018-04-04,2
3,2018-04-04,1
4,2018-04-04,1
5,2018-04-04,4
6,2018-04-04,1
7,2018-04-04,0
8,2018-04-04,0
9,2018-04-04,1
10,2018-04-04,4
11,2018-04-04,3
12,2018-04-04,3
13,2018-04-04,4
14,2018-04-04,3
15,2018-04-04,0
16,2018-04-04,3
17,2018-04-04,1
18,2018-04-04,2
19,2018-04-04,3
20,2018-04-04,0
21,2018-04-04,0
22,2018-04-04,4
23,2018-04-04,2
0,2018-04-05,3
1,2018-04-05,3
2,2018-04-05,2
3,2018-04-05,1
4,2018-04-05,1
5,2018-04-05,1
6,2018-04-05,1
7,2018-04-05,3
8,2018-04-05,2
9,2018-04-05,1
10,2018-04-05,4
11,2018-04-05,3
12,2018-04-05,4
13,2018-04-05,1
14,2018-04-05,2
15,2018-04-05,4
16,2018-04-05,3
17,2018-04-05,1
18,2018-04-05,2
19,2018-04-05,3
20,2018-04-05,0
21,2018-04-05,4
22,2018-04-05,1
23,2018-04-05,2
0,2018-04-06,3
1,2018-04-06,3
2,2018-04-06,2
3,2018-04-06,1
4,2018-04-06,4
5,2018-04-06,1
6,2018-04-06,1
7,2018-04-06,3
8,2018-04-06,2
9,2018-04-06,1
10,2018-04-06,1
11,2018-04-06,3
12,2018-04-06,4
13,2018-04-06,1
14,2018-04-06,2
15,2018-04-06,0
16,2018-04-06,3
17,2018-04-06,1
18,2018-04-06,2
19,2018-04-06,3
20,2018-04-06,0
21,2018-04-06,3
22,2018-04-06,3
23,2018-04-06,2
0,2018-04-07,3
1,2018-04-07,4
2,2018-04-07,2
3,2018-04-07,1
4,2018-04-07,0
5,2018-04-07,1
6,2018-04-07,2
7,2018-04-07,3
8,2018-04-07,2
9,2018-04-07,4
10,2018-04-07,2
11,2018-04-07,3
12,2018-04-07,4
13,2018-04-07,3
14,2018-04-07,0
15,2018-04-07,0
16,2018-04-07,3
17,2018-04-07,4
18,2018-04-07,2
19,2018-04-07,3
20,2018-04-07,2
21,2018-04-07,4
22,2018-04-07,4
23,2018-04-07,0
0,2018-04-08,0
1,2018-04-08,4
2,2018-04-08,2
3,2018-04-08,1
4,2018-04-08,2
5,2018-04-08,4
6,2018-04-08,2
7,2018-04-08,4
8,2018-04-08,2
9,2018-04-08,0
10,2018-04-08,0
11,2018-04-08,3
12,2018-04-08,0
13,2018-04-08,0
14,2018-04-08,3
15,2018-04-08,0
16,2018-04-08,3
17,2018-04-08,4
18,2018-04-08,2
19,2018-04-08,0
20,2018-04-08,2
21,2018-04-08,4
22,2018-04-08,3
23,2018-04-08,2
0,2018-04-09,3
1,2018-04-09,3
2,2018-04-09,2
3,2018-04-09,1
4,2018-04-09,1
5,2018-04-09,4
6,2018-04-09,1
7,2018-04-09,3
8,2018-04-09,2
9,2018-04-09,1
10,2018-04-09,4
11,2018-04-09,3
12,2018-04-09,3
13,2018-04-09,4
14,2018-04-09,3
15,2018-04-09,4
16,2018-04-09,3
17,2018-04-09,1
18,2018-04-09,2
19,2018-04-09,3
20,2018-04-09,0
21,2018-04-09,3
22,2018-04-09,3
23,2018-04-09,2
0,2018-04-10,3
1,2018-04-10,3
2,2018-04-10,3
3,2018-04-10,1
4,2018-04-10,1
5,2018-04-10,1
6,2018-04-10,1
7,2018-04-10,3
8,2018-04-10,0
9,2018-04-10,1
10,2018-04-10,1
11,2018-04-10,3
12,2018-04-10,4
13,2018-04-10,4
14,2018-04-10,3
15,2018-04-10,4
16,2018-04-10,3
17,2018-04-10,1
18,2018-04-10,2
19,2018-04-10,3
20,2018-04-10,0
21,2018-04-10,4
22,2018-04-10,1
23,2018-04-10,0
0,2018-04-11,2
1,2018-04-11,3
2,2018-04-11,2
3,2018-04-11,1
4,2018-04-11,4
5,2018-04-11,4
6,2018-04-11,1
7,2018-04-11,3
8,2018-04-11,2
9,2018-04-11,1
10,2018-04-11,4
11,2018-04-11,3
12,2018-04-11,3
13,2018-04-11,4
14,2018-04-11,3
15,2018-04-11,0
16,2018-04-11,3
17,2018-04-11,1
18,2018-04-11,2
19,2018-04-11,3
20,2018-04-11,0
21,2018-04-11,3
22,2018-04-11,3
23,2018-04-11,2
0,2018-04-12,3
1,2018-04-12,3
2,2018-04-12,2
3,2018-04-12,1
4,2018-04-12,4
5,2018-04-12,4
6,2018-04-12,1
7,2018-04-12,4
8,2018-04-12,2
9,2018-04-12,1
10,2018-04-12,4
11,2018-04-12,3
12,2018-04-12,4
13,2018-04-12,4
14,2018-04-12,3
15,2018-04-12,4
16,2018-04-12,3
17,2018-04-12,1
18,2018-04-12,2
19,2018-04-12,3
20,2018-04-12,0
21,2018-04-12,0
22,2018-04-12,4
23,2018-04-12,2
0,2018-04-13,3
1,2018-04-13,3
2,2018-04-13,2
3,2018-04-13,1
4,2018-04-13,4
5,2018-04-13,1
6,2018-04-13,1
7,2018-04-13,3
8,2018-04-13,2
9,2018-04-13,1
10,2018-04-13,4
11,2018-04-13,3
12,2018-04-13,4
13,2018-04-13,4
14,2018-04-13,2
15,2018-04-13,4
16,2018-04-13,3
17,2018-04-13,1
18,2018-04-13,2
19,2018-04-13,3
20,2018-04-13,0
21,2018-04-13,3
22,2018-04-13,4
23,2018-04-13,2
0,2018-04-14,4
1,2018-04-14,4
2,2018-04-14,2
3,2018-04-14,1
4,2018-04-14,0
5,2018-04-14,1
6,2018-04-14,2
7,2018-04-14,3
8,2018-04-14,2
9,2018-04-14,0
10,2018-04-14,0
11,2018-04-14,0
12,2018-04-14,4
13,2018-04-14,3
14,2018-04-14,3
15,2018-04-14,4
16,2018-04-14,3
17,2018-04-14,1
18,2018-04-14,2
19,2018-04-14,0
20,2018-04-14,3
21,2018-04-14,4
22,2018-04-14,3
23,2018-04-14,0
0,2018-04-15,4
1,2018-04-15,4
2,2018-04-15,2
3,2018-04-15,1
4,2018-04-15,2
5,2018-04-15,4
6,2018-04-15,2
7,2018-04-15,4
8,2018-04-15,2
9,2018-04-15,4
10,2018-04-15,4
11,2018-04-15,3
12,2018-04-15,4
13,2018-04-15,3
14,2018-04-15,0
15,2018-04-15,4
16,2018-04-15,3
17,2018-04-15,0
18,2018-04-15,2
19,2018-04-15,0
20,2018-04-15,2
21,2018-04-15,0
22,2018-04-15,3
23,2018-04-15,3
0,2018-04-16,3
1,2018-04-16,3
2,2018-04-16,3
3,2018-04-16,1
4,2018-04-16,1
5,2018-04-16,1
6,2018-04-16,1
7,2018-04-16,3
8,2018-04-16,2
9,2018-04-16,1
10,2018-04-16,4
11,2018-04-16,3
12,2018-04-16,3
13,2018-04-16,4
14,2018-04-16,3
15,2018-04-16,4
16,2018-04-16,3
17,2018-04-16,1
18,2018-04-16,2
19,2018-04-16,3
20,2018-04-16,3
21,2018-04-16,3
22,2018-04-16,4
23,2018-04-16,4
0,2018-04-17,3
1,2018-04-17,3
2,2018-04-17,2
3,2018-04-17,1
4,2018-04-17,4
5,2018-04-17,1
6,2018-04-17,1
7,2018-04-17,3
8,2018-04-17,2
9,2018-04-17,1
10,2018-04-17,4
11,2018-04-17,3
12,2018-04-17,3
13,2018-04-17,4
14,2018-04-17,3
15,2018-04-17,4
16,2018-04-17,3
17,2018-04-17,1
18,2018-04-17,2
19,2018-04-17,3
20,2018-04-17,3
21,2018-04-17,4
22,2018-04-17,1
23,2018-04-17,1
0,2018-04-18,3
1,2018-04-18,3
2,2018-04-18,2
3,2018-04-18,1
4,2018-04-18,1
5,2018-04-18,4
6,2018-04-18,1
7,2018-04-18,4
8,2018-04-18,2
9,2018-04-18,1
10,2018-04-18,4
11,2018-04-18,3
12,2018-04-18,4
13,2018-04-18,4
14,2018-04-18,3
15,2018-04-18,4
16,2018-04-18,3
17,2018-04-18,1
18,2018-04-18,2
19,2018-04-18,3
20,2018-04-18,3
21,2018-04-18,4
22,2018-04-18,3
23,2018-04-18,4
0,2018-04-19,3
1,2018-04-19,3
2,2018-04-19,2
3,2018-04-19,1
4,2018-04-19,1
5,2018-04-19,1
6,2018-04-19,1
7,2018-04-19,3
8,2018-04-19,2
9,2018-04-19,1
10,2018-04-19,4
11,2018-04-19,3
12,2018-04-19,3
13,2018-04-19,4
14,2018-04-19,3
15,2018-04-19,3
16,2018-04-19,3
17,2018-04-19,1
18,2018-04-19,2
19,2018-04-19,3
20,2018-04-19,0
21,2018-04-19,4
22,2018-04-19,4
23,2018-04-19,3
0,2018-04-20,3
1,2018-04-20,3
2,2018-04-20,2
3,2018-04-20,1
4,2018-04-20,1
5,2018-04-20,4
6,2018-04-20,1
7,2018-04-20,4
8,2018-04-20,2
9,2018-04-20,1
10,2018-04-20,1
11,2018-04-20,3
12,2018-04-20,3
13,2018-04-20,4
14,2018-04-20,3
15,2018-04-20,0
16,2018-04-20,3
17,2018-04-20,1
18,2018-04-20,2
19,2018-04-20,3
20,2018-04-20,0
21,2018-04-20,4
22,2018-04-20,3
23,2018-04-20,4
0,2018-04-21,0
1,2018-04-21,4
2,2018-04-21,2
3,2018-04-21,1
4,2018-04-21,0
5,2018-04-21,1
6,2018-04-21,2
7,2018-04-21,3
8,2018-04-21,3
9,2018-04-21,0
10,2018-04-21,0
11,2018-04-21,0
12,2018-04-21,4
13,2018-04-21,0
14,2018-04-21,0
15,2018-04-21,0
16,2018-04-21,3
17,2018-04-21,1
18,2018-04-21,2
19,2018-04-21,0
20,2018-04-21,0
21,2018-04-21,4
22,2018-04-21,4
23,2018-04-21,4
0,2018-04-22,4
1,2018-04-22,4
2,2018-04-22,2
3,2018-04-22,1
4,2018-04-22,0
5,2018-04-22,4
6,2018-04-22,2
7,2018-04-22,4
8,2018-04-22,2
9,2018-04-22,0
10,2018-04-22,0
11,2018-04-22,3
12,2018-04-22,4
13,2018-04-22,3
14,2018-04-22,0
15,2018-04-22,0
16,2018-04-22,3
17,2018-04-22,0
18,2018-04-22,2
19,2018-04-22,0
20,2018-04-22,2
21,2018-04-22,4
22,2018-04-22,3
23,2018-04-22,0
0,2018-04-23,3
1,2018-04-23,3
2,2018-04-23,2
3,2018-04-23,1
4,2018-04-23,1
5,2018-04-23,1
6,2018-04-23,1
7,2018-04-23,3
8,2018-04-23,3
9,2018-04-23,1
10,2018-04-23,4
11,2018-04-23,3
12,2018-04-23,4
13,2018-04-23,4
14,2018-04-23,3
15,2018-04-23,0
16,2018-04-23,3
17,2018-04-23,1
18,2018-04-23,2
19,2018-04-23,3
20,2018-04-23,0
21,2018-04-23,4
22,2018-04-23,4
23,2018-04-23,4
0,2018-04-24,4
1,2018-04-24,3
2,2018-04-24,2
3,2018-04-24,1
4,2018-04-24,1
5,2018-04-24,4
6,2018-04-24,1
7,2018-04-24,3
8,2018-04-24,2
9,2018-04-24,1
10,2018-04-24,4
11,2018-04-24,3
12,2018-04-24,3
13,2018-04-24,4
14,2018-04-24,3
15,2018-04-24,3
16,2018-04-24,3
17,2018-04-24,1
18,2018-04-24,2
19,2018-04-24,3
20,2018-04-24,0
21,2018-04-24,4
22,2018-04-24,3
23,2018-04-24,0
0,2018-04-25,3
1,2018-04-25,3
2,2018-04-25,2
3,2018-04-25,1
4,2018-04-25,4
5,2018-04-25,1
6,2018-04-25,1
7,2018-04-25,3
8,2018-04-25,2
9,2018-04-25,1
10,2018-04-25,4
11,2018-04-25,3
12,2018-04-25,4
13,2018-04-25,4
14,2018-04-25,3
15,2018-04-25,0
16,2018-04-25,3
17,2018-04-25,1
18,2018-04-25,2
19,2018-04-25,3
20,2018-04-25,0
21,2018-04-25,3
22,2018-04-25,4
23,2018-04-25,4
0,2018-04-26,4
1,2018-04-26,3
2,2018-04-26,2
3,2018-04-26,1
4,2018-04-26,1
5,2018-04-26,1
6,2018-04-26,1
7,2018-04-26,3
8,2018-04-26,2
9,2018-04-26,1
10,2018-04-26,4
11,2018-04-26,3
12,2018-04-26,3
13,2018-04-26,4
14,2018-04-26,3
15,2018-04-26,4
16,2018-04-26,3
17,2018-04-26,1
18,2018-04-26,2
19,2018-04-26,3
20,2018-04-26,0
21,2018-04-26,4
22,2018-04-26,1
23,2018-04-26,0
0,2018-04-27,3
1,2018-04-27,3
2,2018-04-27,2
3,2018-04-27,1
4,2018-04-27,1
5,2018-04-27,1
6,2018-04-27,1
7,2018-04-27,2
8,2018-04-27,2
9,2018-04-27,1
10,2018-04-27,4
11,2018-04-27,3
12,2018-04-27,4
13,2018-04-27,4
14,2018-04-27,3
15,2018-04-27,0
16,2018-04-27,3
17,2018-04-27,1
18,2018-04-27,2
19,2018-04-27,3
20,2018-04-27,3
21,2018-04-27,3
22,2018-04-27,3
23,2018-04-27,4
0,2018-04-28,4
1,2018-04-28,4
2,2018-04-28,2
3,2018-04-28,1
4,2018-04-28,0
5,2018-04-28,1
6,2018-04-28,2
7,2018-04-28,4
8,2018-04-28,2
9,2018-04-28,0
10,2018-04-28,2
11,2018-04-28,3
12,2018-04-28,4
13,2018-04-28,0
14,2018-04-28,3
15,2018-04-28,0
16,2018-04-28,0
17,2018-04-28,4
18,2018-04-28,2
19,2018-04-28,0
20,2018-04-28,0
21,2018-04-28,4
22,2018-04-28,4
23,2018-04-28,0
0,2018-04-29,4
1,2018-04-29,4
2,2018-04-29,0
3,2018-04-29,1
4,2018-04-29,4
5,2018-04-29,1
6,2018-04-29,2
7,2018-04-29,3
8,2018-04-29,2
9,2018-04-29,4
10,2018-04-29,0
11,2018-04-29,3
12,2018-04-29,4
13,2018-04-29,4
14,2018-04-29,0
15,2018-04-29,0
16,2018-04-29,0
17,2018-04-29,0
18,2018-04-29,2
19,2018-04-29,0
20,2018-04-29,0
21,2018-04-29,4
22,2018-04-29,3
23,2018-04-29,0
0,2018-04-30,3
1,2018-04-30,3
2,2018-04-30,2
3,2018-04-30,1
4,2018-04-30,1
5,2018-04-30,4
6,2018-04-30,1
7,2018-04-30,3
8,2018-04-30,2
9,2018-04-30,1
10,2018-04-30,4
11,2018-04-30,3
12,2018-04-30,4
13,2018-04-30,4
14,2018-04-30,3
15,2018-04-30,4
16,2018-04-30,3
17,2018-04-30,1
18,2018-04-30,2
19,2018-04-30,3
20,2018-04-30,0
21,2018-04-30,4
22,2018-04-30,4
23,2018-04-30,3
0,2018-05-01,3
1,2018-05-01,3
2,2018-05-01,2
3,2018-05-01,1
4,2018-05-01,4
5,2018-05-01,1
6,2018-05-01,1
7,2018-05-01,3
8,2018-05-01,3
9,2018-05-01,1
10,2018-05-01,4
11,2018-05-01,3
12,2018-05-01,4
13,2018-05-01,4
14,2018-05-01,3
15,2018-05-01,0
16,2018-05-01,3
17,2018-05-01,1
18,2018-05-01,2
19,2018-05-01,3
20,2018-05-01,3
21,2018-05-01,4
22,2018-05-01,4
23,2018-05-01,3
0,2018-05-02,3
1,2018-05-02,3
2,2018-05-02,2
3,2018-05-02,1
4,2018-05-02,1
5,2018-05-02,1
6,2018-05-02,1
7,2018-05-02,3
8,2018-05-02,2
9,2018-05-02,1
10,2018-05-02,4
11,2018-05-02,3
12,2018-05-02,4
13,2018-05-02,4
14,2018-05-02,3
15,2018-05-02,0
16,2018-05-02,3
17,2018-05-02,1
18,2018-05-02,2
19,2018-05-02,3
20,2018-05-02,3
21,2018-05-02,4
22,2018-05-02,1
23,2018-05-02,0
0,2018-05-03,3
1,2018-05-03,3
2,2018-05-03,3
3,2018-05-03,1
4,2018-05-03,1
5,2018-05-03,1
6,2018-05-03,1
7,2018-05-03,3
8,2018-05-03,2
9,2018-05-03,1
10,2018-05-03,4
11,2018-05-03,4
12,2018-05-03,4
13,2018-05-03,4
14,2018-05-03,3
15,2018-05-03,0
16,2018-05-03,3
17,2018-05-03,1
18,2018-05-03,2
19,2018-05-03,3
20,2018-05-03,0
21,2018-05-03,4
22,2018-05-03,4
23,2018-05-03,0
0,2018-05-04,3
1,2018-05-04,3
2,2018-05-04,2
3,2018-05-04,1
4,2018-05-04,1
5,2018-05-04,4
6,2018-05-04,1
7,2018-05-04,3
8,2018-05-04,2
9,2018-05-04,1
10,2018-05-04,4
11,2018-05-04,3
12,2018-05-04,3
13,2018-05-04,4
14,2018-05-04,2
15,2018-05-04,0
16,2018-05-04,3
17,2018-05-04,1
18,2018-05-04,2
19,2018-05-04,3
20,2018-05-04,0
21,2018-05-04,4
22,2018-05-04,1
23,2018-05-04,4
0,2018-05-05,0
1,2018-05-05,4
2,2018-05-05,2
3,2018-05-05,1
4,2018-05-05,0
5,2018-05-05,1
6,2018-05-05,2
7,2018-05-05,4
8,2018-05-05,2
9,2018-05-05,0
10,2018-05-05,0
11,2018-05-05,0
12,2018-05-05,4
13,2018-05-05,0
14,2018-05-05,0
15,2018-05-05,2
16,2018-05-05,3
17,2018-05-05,1
18,2018-05-05,2
19,2018-05-05,0
20,2018-05-05,2
21,2018-05-05,4
22,2018-05-05,2
23,2018-05-05,4
0,2018-05-06,0
1,2018-05-06,4
2,2018-05-06,2
3,2018-05-06,1
4,2018-05-06,0
5,2018-05-06,4
6,2018-05-06,2
7,2018-05-06,3
8,2018-05-06,3
9,2018-05-06,3
10,2018-05-06,0
11,2018-05-06,3
12,2018-05-06,4
13,2018-05-06,0
14,2018-05-06,0
15,2018-05-06,2
16,2018-05-06,3
17,2018-05-06,0
18,2018-05-06,2
19,2018-05-06,0
20,2018-05-06,0
21,2018-05-06,0
22,2018-05-06,3
23,2018-05-06,4
0,2018-05-07,4
1,2018-05-07,3
2,2018-05-07,2
3,2018-05-07,1
4,2018-05-07,1
5,2018-05-07,4
6,2018-05-07,1
7,2018-05-07,0
8,2018-05-07,2
9,2018-05-07,1
10,2018-05-07,4
11,2018-05-07,3
12,2018-05-07,4
13,2018-05-07,4
14,2018-05-07,3
15,2018-05-07,0
16,2018-05-07,3
17,2018-05-07,1
18,2018-05-07,2
19,2018-05-07,3
20,2018-05-07,1
21,2018-05-07,4
22,2018-05-07,4
23,2018-05-07,4
0,2018-05-08,4
1,2018-05-08,3
2,2018-05-08,2
3,2018-05-08,1
4,2018-05-08,1
5,2018-05-08,1
6,2018-05-08,1
7,2018-05-08,3
8,2018-05-08,2
9,2018-05-08,1
10,2018-05-08,4
11,2018-05-08,3
12,2018-05-08,3
13,2018-05-08,4
14,2018-05-08,3
15,2018-05-08,0
16,2018-05-08,3
17,2018-05-08,1
18,2018-05-08,2
19,2018-05-08,3
20,2018-05-08,1
21,2018-05-08,3
22,2018-05-08,1
23,2018-05-08,4
0,2018-05-09,4
1,2018-05-09,3
2,2018-05-09,0
3,2018-05-09,1
4,2018-05-09,1
5,2018-05-09,1
6,2018-05-09,1
7,2018-05-09,0
8,2018-05-09,3
9,2018-05-09,1
10,2018-05-09,4
11,2018-05-09,3
12,2018-05-09,4
13,2018-05-09,4
14,2018-05-09,3
15,2018-05-09,0
16,2018-05-09,3
17,2018-05-09,1
18,2018-05-09,2
19,2018-05-09,0
20,2018-05-09,4
21,2018-05-09,3
22,2018-05-09,0
23,2018-05-09,4
0,2018-05-10,4
1,2018-05-10,4
2,2018-05-10,4
3,2018-05-10,1
4,2018-05-10,1
5,2018-05-10,1
6,2018-05-10,1
7,2018-05-10,4
8,2018-05-10,0
9,2018-05-10,0
10,2018-05-10,4
11,2018-05-10,4
12,2018-05-10,4
13,2018-05-10,4
14,2018-05-10,0
15,2018-05-10,0
16,2018-05-10,4
17,2018-05-10,1
18,2018-05-10,0
19,2018-05-10,0
20,2018-05-10,0
21,2018-05-10,4
22,2018-05-10,4
23,2018-05-10,0
0,2018-05-11,4
1,2018-05-11,4
2,2018-05-11,2
3,2018-05-11,1
4,2018-05-11,4
5,2018-05-11,1
6,2018-05-11,1
7,2018-05-11,3
8,2018-05-11,2
9,2018-05-11,3
10,2018-05-11,0
11,2018-05-11,3
12,2018-05-11,4
13,2018-05-11,4
14,2018-05-11,0
15,2018-05-11,0
16,2018-05-11,3
17,2018-05-11,1
18,2018-05-11,2
19,2018-05-11,3
20,2018-05-11,2
21,2018-05-11,3
22,2018-05-11,0
23,2018-05-11,4
0,2018-05-12,4
1,2018-05-12,4
2,2018-05-12,2
3,2018-05-12,1
4,2018-05-12,0
5,2018-05-12,1
6,2018-05-12,2
7,2018-05-12,0
8,2018-05-12,2
9,2018-05-12,4
10,2018-05-12,0
11,2018-05-12,3
12,2018-05-12,4
13,2018-05-12,0
14,2018-05-12,0
15,2018-05-12,2
16,2018-05-12,3
17,2018-05-12,1
18,2018-05-12,2
19,2018-05-12,0
20,2018-05-12,2
21,2018-05-12,4
22,2018-05-12,3
23,2018-05-12,4
0,2018-05-13,4
1,2018-05-13,4
2,2018-05-13,4
3,2018-05-13,1
4,2018-05-13,2
5,2018-05-13,1
6,2018-05-13,0
7,2018-05-13,4
8,2018-05-13,3
9,2018-05-13,0
10,2018-05-13,0
11,2018-05-13,0
12,2018-05-13,4
13,2018-05-13,0
14,2018-05-13,0
15,2018-05-13,0
16,2018-05-13,4
17,2018-05-13,0
18,2018-05-13,0
19,2018-05-13,0
20,2018-05-13,0
21,2018-05-13,4
22,2018-05-13,4
23,2018-05-13,0
0,2018-05-14,3
1,2018-05-14,3
2,2018-05-14,2
3,2018-05-14,1
4,2018-05-14,4
5,2018-05-14,1
6,2018-05-14,1
7,2018-05-14,3
8,2018-05-14,2
9,2018-05-14,1
10,2018-05-14,4
11,2018-05-14,3
12,2018-05-14,4
13,2018-05-14,4
14,2018-05-14,3
15,2018-05-14,0
16,2018-05-14,3
17,2018-05-14,1
18,2018-05-14,2
19,2018-05-14,3
20,2018-05-14,3
21,2018-05-14,4
22,2018-05-14,4
23,2018-05-14,1
0,2018-05-15,3
1,2018-05-15,3
2,2018-05-15,2
3,2018-05-15,1
4,2018-05-15,4
5,2018-05-15,1
6,2018-05-15,1
7,2018-05-15,4
8,2018-05-15,3
9,2018-05-15,1
10,2018-05-15,4
11,2018-05-15,3
12,2018-05-15,4
13,2018-05-15,4
14,2018-05-15,3
15,2018-05-15,4
16,2018-05-15,3
17,2018-05-15,1
18,2018-05-15,2
19,2018-05-15,3
20,2018-05-15,2
21,2018-05-15,4
22,2018-05-15,1
23,2018-05-15,4
0,2018-05-16,3
1,2018-05-16,4
2,2018-05-16,3
3,2018-05-16,1
4,2018-05-16,4
5,2018-05-16,1
6,2018-05-16,1
7,2018-05-16,3
8,2018-05-16,3
9,2018-05-16,1
10,2018-05-16,1
11,2018-05-16,4
12,2018-05-16,4
13,2018-05-16,1
14,2018-05-16,3
15,2018-05-16,4
16,2018-05-16,3
17,2018-05-16,1
18,2018-05-16,2
19,2018-05-16,3
20,2018-05-16,0
21,2018-05-16,4
22,2018-05-16,4
23,2018-05-16,0
0,2018-05-17,4
1,2018-05-17,3
2,2018-05-17,2
3,2018-05-17,1
4,2018-05-17,1
5,2018-05-17,1
6,2018-05-17,1
7,2018-05-17,3
8,2018-05-17,2
9,2018-05-17,1
10,2018-05-17,4
11,2018-05-17,3
12,2018-05-17,4
13,2018-05-17,4
14,2018-05-17,3
15,2018-05-17,0
16,2018-05-17,3
17,2018-05-17,1
18,2018-05-17,2
19,2018-05-17,3
20,2018-05-17,0
21,2018-05-17,3
22,2018-05-17,1
23,2018-05-17,3
0,2018-05-18,3
1,2018-05-18,3
2,2018-05-18,2
3,2018-05-18,1
4,2018-05-18,1
5,2018-05-18,1
6,2018-05-18,1
7,2018-05-18,3
8,2018-05-18,2
9,2018-05-18,1
10,2018-05-18,1
11,2018-05-18,3
12,2018-05-18,4
13,2018-05-18,4
14,2018-05-18,3
15,2018-05-18,0
16,2018-05-18,3
17,2018-05-18,1
18,2018-05-18,2
19,2018-05-18,3
20,2018-05-18,3
21,2018-05-18,3
22,2018-05-18,3
23,2018-05-18,3
0,2018-05-19,4
1,2018-05-19,4
2,2018-05-19,2
3,2018-05-19,1
4,2018-05-19,0
5,2018-05-19,1
6,2018-05-19,2
7,2018-05-19,3
8,2018-05-19,2
9,2018-05-19,0
10,2018-05-19,0
11,2018-05-19,0
12,2018-05-19,4
13,2018-05-19,0
14,2018-05-19,0
15,2018-05-19,2
16,2018-05-19,0
17,2018-05-19,1
18,2018-05-19,2
19,2018-05-19,0
20,2018-05-19,0
21,2018-05-19,4
22,2018-05-19,4
23,2018-05-19,0
0,2018-05-20,4
1,2018-05-20,4
2,2018-05-20,2
3,2018-05-20,1
4,2018-05-20,2
5,2018-05-20,4
6,2018-05-20,2
7,2018-05-20,3
8,2018-05-20,0
9,2018-05-20,4
10,2018-05-20,0
11,2018-05-20,0
12,2018-05-20,4
13,2018-05-20,0
14,2018-05-20,0
15,2018-05-20,2
16,2018-05-20,3
17,2018-05-20,0
18,2018-05-20,2
19,2018-05-20,0
20,2018-05-20,2
21,2018-05-20,0
22,2018-05-20,2
23,2018-05-20,0
0,2018-05-21,4
1,2018-05-21,4
2,2018-05-21,3
3,2018-05-21,1
4,2018-05-21,4
5,2018-05-21,4
6,2018-05-21,1
7,2018-05-21,0
8,2018-05-21,2
9,2018-05-21,0
10,2018-05-21,4
11,2018-05-21,3
12,2018-05-21,4
13,2018-05-21,4
14,2018-05-21,0
15,2018-05-21,0
16,2018-05-21,3
17,2018-05-21,1
18,2018-05-21,2
19,2018-05-21,0
20,2018-05-21,0
21,2018-05-21,4
22,2018-05-21,4
23,2018-05-21,4
0,2018-05-22,4
1,2018-05-22,3
2,2018-05-22,2
3,2018-05-22,1
4,2018-05-22,1
5,2018-05-22,4
6,2018-05-22,1
7,2018-05-22,0
8,2018-05-22,2
9,2018-05-22,1
10,2018-05-22,4
11,2018-05-22,3
12,2018-05-22,3
13,2018-05-22,4
14,2018-05-22,3
15,2018-05-22,0
16,2018-05-22,3
17,2018-05-22,1
18,2018-05-22,2
19,2018-05-22,3
20,2018-05-22,0
21,2018-05-22,4
22,2018-05-22,4
23,2018-05-22,3
0,2018-05-23,0
1,2018-05-23,3
2,2018-05-23,4
3,2018-05-23,1
4,2018-05-23,1
5,2018-05-23,1
6,2018-05-23,1
7,2018-05-23,3
8,2018-05-23,3
9,2018-05-23,1
10,2018-05-23,1
11,2018-05-23,4
12,2018-05-23,4
13,2018-05-23,4
14,2018-05-23,3
15,2018-05-23,0
16,2018-05-23,3
17,2018-05-23,1
18,2018-05-23,2
19,2018-05-23,4
20,2018-05-23,3
21,2018-05-23,4
22,2018-05-23,1
23,2018-05-23,0
0,2018-05-24,4
1,2018-05-24,3
2,2018-05-24,2
3,2018-05-24,1
4,2018-05-24,4
5,2018-05-24,1
6,2018-05-24,1
7,2018-05-24,3
8,2018-05-24,2
9,2018-05-24,1
10,2018-05-24,4
11,2018-05-24,3
12,2018-05-24,3
13,2018-05-24,4
14,2018-05-24,2
15,2018-05-24,0
16,2018-05-24,3
17,2018-05-24,1
18,2018-05-24,2
19,2018-05-24,3
20,2018-05-24,0
21,2018-05-24,4
22,2018-05-24,4
23,2018-05-24,4
0,2018-05-25,4
1,2018-05-25,3
2,2018-05-25,2
3,2018-05-25,1
4,2018-05-25,1
5,2018-05-25,1
6,2018-05-25,1
7,2018-05-25,4
8,2018-05-25,2
9,2018-05-25,1
10,2018-05-25,4
11,2018-05-25,3
12,2018-05-25,4
13,2018-05-25,4
14,2018-05-25,3
15,2018-05-25,0
16,2018-05-25,3
17,2018-05-25,1
18,2018-05-25,2
19,2018-05-25,0
20,2018-05-25,0
21,2018-05-25,4
22,2018-05-25,4
23,2018-05-25,4
0,2018-05-26,4
1,2018-05-26,4
2,2018-05-26,3
3,2018-05-26,1
4,2018-05-26,0
5,2018-05-26,1
6,2018-05-26,2
7,2018-05-26,3
8,2018-05-26,3
9,2018-05-26,0
10,2018-05-26,4
11,2018-05-26,4
12,2018-05-26,4
13,2018-05-26,0
14,2018-05-26,0
15,2018-05-26,2
16,2018-05-26,3
17,2018-05-26,1
18,2018-05-26,2
19,2018-05-26,0
20,2018-05-26,0
21,2018-05-26,3
22,2018-05-26,0
23,2018-05-26,4
0,2018-05-27,4
1,2018-05-27,4
2,2018-05-27,0
3,2018-05-27,1
4,2018-05-27,0
5,2018-05-27,4
6,2018-05-27,2
7,2018-05-27,0
8,2018-05-27,3
9,2018-05-27,4
10,2018-05-27,0
11,2018-05-27,3
12,2018-05-27,4
13,2018-05-27,0
14,2018-05-27,0
15,2018-05-27,2
16,2018-05-27,3
17,2018-05-27,0
18,2018-05-27,2
19,2018-05-27,0
20,2018-05-27,2
21,2018-05-27,0
22,2018-05-27,3
23,2018-05-27,0
0,2018-05-28,3
1,2018-05-28,3
2,2018-05-28,3
3,2018-05-28,1
4,2018-05-28,4
5,2018-05-28,4
6,2018-05-28,1
7,2018-05-28,3
8,2018-05-28,3
9,2018-05-28,1
10,2018-05-28,4
11,2018-05-28,3
12,2018-05-28,4
13,2018-05-28,4
14,2018-05-28,3
15,2018-05-28,0
16,2018-05-28,3
17,2018-05-28,1
18,2018-05-28,2
19,2018-05-28,3
20,2018-05-28,3
21,2018-05-28,3
22,2018-05-28,4
23,2018-05-28,4
0,2018-05-29,4
1,2018-05-29,3
2,2018-05-29,2
3,2018-05-29,1
4,2018-05-29,4
5,2018-05-29,4
6,2018-05-29,1
7,2018-05-29,4
8,2018-05-29,2
9,2018-05-29,1
10,2018-05-29,4
11,2018-05-29,3
12,2018-05-29,4
13,2018-05-29,4
14,2018-05-29,2
15,2018-05-29,0
16,2018-05-29,3
17,2018-05-29,1
18,2018-05-29,2
19,2018-05-29,3
20,2018-05-29,0
21,2018-05-29,3
22,2018-05-29,3
23,2018-05-29,3
0,2018-05-30,4
1,2018-05-30,3
2,2018-05-30,3
3,2018-05-30,1
4,2018-05-30,4
5,2018-05-30,4
6,2018-05-30,1
7,2018-05-30,3
8,2018-05-30,3
9,2018-05-30,1
10,2018-05-30,4
11,2018-05-30,3
12,2018-05-30,3
13,2018-05-30,4
14,2018-05-30,3
15,2018-05-30,0
16,2018-05-30,3
17,2018-05-30,1
18,2018-05-30,2
19,2018-05-30,3
20,2018-05-30,3
21,2018-05-30,3
22,2018-05-30,4
23,2018-05-30,4
0,2018-05-31,4
1,2018-05-31,4
2,2018-05-31,3
3,2018-05-31,1
4,2018-05-31,1
5,2018-05-31,1
6,2018-05-31,1
7,2018-05-31,3
8,2018-05-31,3
9,2018-05-31,1
10,2018-05-31,4
11,2018-05-31,3
12,2018-05-31,4
13,2018-05-31,4
14,2018-05-31,3
15,2018-05-31,0
16,2018-05-31,3
17,2018-05-31,1
18,2018-05-31,2
19,2018-05-31,3
20,2018-05-31,2
21,2018-05-31,0
22,2018-05-31,4
23,2018-05-31,3
0,2018-06-01,4
1,2018-06-01,3
2,2018-06-01,2
3,2018-06-01,1
4,2018-06-01,4
5,2018-06-01,4
6,2018-06-01,1
7,2018-06-01,0
8,2018-06-01,2
9,2018-06-01,1
10,2018-06-01,4
11,2018-06-01,3
12,2018-06-01,4
13,2018-06-01,4
14,2018-06-01,2
15,2018-06-01,0
16,2018-06-01,3
17,2018-06-01,1
18,2018-06-01,2
19,2018-06-01,0
20,2018-06-01,2
21,2018-06-01,4
22,2018-06-01,4
23,2018-06-01,4
0,2018-06-02,4
1,2018-06-02,4
2,2018-06-02,2
3,2018-06-02,1
4,2018-06-02,0
5,2018-06-02,1
6,2018-06-02,2
7,2018-06-02,3
8,2018-06-02,3
9,2018-06-02,0
10,2018-06-02,0
11,2018-06-02,0
12,2018-06-02,4
13,2018-06-02,0
14,2018-06-02,0
15,2018-06-02,2
16,2018-06-02,3
17,2018-06-02,1
18,2018-06-02,2
19,2018-06-02,0
20,2018-06-02,2
21,2018-06-02,0
22,2018-06-02,2
23,2018-06-02,4
0,2018-06-03,4
1,2018-06-03,4
2,2018-06-03,3
3,2018-06-03,1
4,2018-06-03,0
5,2018-06-03,4
6,2018-06-03,2
7,2018-06-03,4
8,2018-06-03,3
9,2018-06-03,4
10,2018-06-03,0
11,2018-06-03,3
12,2018-06-03,4
13,2018-06-03,0
14,2018-06-03,0
15,2018-06-03,2
16,2018-06-03,3
17,2018-06-03,0
18,2018-06-03,2
19,2018-06-03,0
20,2018-06-03,0
21,2018-06-03,0
22,2018-06-03,0
23,2018-06-03,4
0,2018-06-04,4
1,2018-06-04,3
2,2018-06-04,2
3,2018-06-04,1
4,2018-06-04,4
5,2018-06-04,4
6,2018-06-04,1
7,2018-06-04,3
8,2018-06-04,3
9,2018-06-04,1
10,2018-06-04,4
11,2018-06-04,3
12,2018-06-04,4
13,2018-06-04,4
14,2018-06-04,3
15,2018-06-04,0
16,2018-06-04,3
17,2018-06-04,1
18,2018-06-04,2
19,2018-06-04,3
20,2018-06-04,0
21,2018-06-04,4
22,2018-06-04,3
23,2018-06-04,4
0,2018-06-05,4
1,2018-06-05,3
2,2018-06-05,2
3,2018-06-05,1
4,2018-06-05,4
5,2018-06-05,1
6,2018-06-05,1
7,2018-06-05,4
8,2018-06-05,2
9,2018-06-05,1
10,2018-06-05,4
11,2018-06-05,3
12,2018-06-05,3
13,2018-06-05,4
14,2018-06-05,3
15,2018-06-05,0
16,2018-06-05,3
17,2018-06-05,1
18,2018-06-05,2
19,2018-06-05,3
20,2018-06-05,0
21,2018-06-05,4
22,2018-06-05,4
23,2018-06-05,0
0,2018-06-06,4
1,2018-06-06,3
2,2018-06-06,3
3,2018-06-06,1
4,2018-06-06,1
5,2018-06-06,1
6,2018-06-06,1
7,2018-06-06,0
8,2018-06-06,3
9,2018-06-06,1
10,2018-06-06,1
11,2018-06-06,3
12,2018-06-06,4
13,2018-06-06,4
14,2018-06-06,3
15,2018-06-06,0
16,2018-06-06,3
17,2018-06-06,1
18,2018-06-06,2
19,2018-06-06,3
20,2018-06-06,3
21,2018-06-06,3
22,2018-06-06,4
23,2018-06-06,0
0,2018-06-07,4
1,2018-06-07,3
2,2018-06-07,2
3,2018-06-07,1
4,2018-06-07,4
5,2018-06-07,1
6,2018-06-07,1
7,2018-06-07,3
8,2018-06-07,2
9,2018-06-07,1
10,2018-06-07,4
11,2018-06-07,3
12,2018-06-07,4
13,2018-06-07,4
14,2018-06-07,3
15,2018-06-07,0
16,2018-06-07,3
17,2018-06-07,1
18,2018-06-07,2
19,2018-06-07,3
20,2018-06-07,3
21,2018-06-07,3
22,2018-06-07,4
23,2018-06-07,3
0,2018-06-08,1
1,2018-06-08,3
2,2018-06-08,3
3,2018-06-08,1
4,2018-06-08,1
5,2018-06-08,1
6,2018-06-08,1
7,2018-06-08,4
8,2018-06-08,3
9,2018-06-08,1
10,2018-06-08,1
11,2018-06-08,3
12,2018-06-08,4
13,2018-06-08,4
14,2018-06-08,3
15,2018-06-08,0
16,2018-06-08,3
17,2018-06-08,1
18,2018-06-08,2
19,2018-06-08,3
20,2018-06-08,3
21,2018-06-08,3
22,2018-06-08,4
23,2018-06-08,4
0,2018-06-09,4
1,2018-06-09,4
2,2018-06-09,3
3,2018-06-09,1
4,2018-06-09,0
5,2018-06-09,1
6,2018-06-09,2
7,2018-06-09,3
8,2018-06-09,3
9,2018-06-09,1
10,2018-06-09,0
11,2018-06-09,0
12,2018-06-09,4
13,2018-06-09,0
14,2018-06-09,0
15,2018-06-09,2
16,2018-06-09,3
17,2018-06-09,1
18,2018-06-09,2
19,2018-06-09,0
20,2018-06-09,0
21,2018-06-09,0
22,2018-06-09,2
23,2018-06-09,0
0,2018-06-10,4
1,2018-06-10,4
2,2018-06-10,0
3,2018-06-10,1
4,2018-06-10,0
5,2018-06-10,1
6,2018-06-10,2
7,2018-06-10,0
8,2018-06-10,3
9,2018-06-10,0
10,2018-06-10,0
11,2018-06-10,0
12,2018-06-10,4
13,2018-06-10,0
14,2018-06-10,0
15,2018-06-10,2
16,2018-06-10,0
17,2018-06-10,0
18,2018-06-10,2
19,2018-06-10,0
20,2018-06-10,2
21,2018-06-10,0
22,2018-06-10,4
23,2018-06-10,4
0,2018-06-11,0
1,2018-06-11,4
2,2018-06-11,3
3,2018-06-11,1
4,2018-06-11,1
5,2018-06-11,1
6,2018-06-11,1
7,2018-06-11,4
8,2018-06-11,3
9,2018-06-11,1
10,2018-06-11,1
11,2018-06-11,4
12,2018-06-11,4
13,2018-06-11,1
14,2018-06-11,3
15,2018-06-11,0
16,2018-06-11,3
17,2018-06-11,1
18,2018-06-11,2
19,2018-06-11,3
20,2018-06-11,3
21,2018-06-11,4
22,2018-06-11,4
23,2018-06-11,4
0,2018-06-12,3
1,2018-06-12,3
2,2018-06-12,2
3,2018-06-12,1
4,2018-06-12,1
5,2018-06-12,1
6,2018-06-12,1
7,2018-06-12,3
8,2018-06-12,3
9,2018-06-12,1
10,2018-06-12,4
11,2018-06-12,3
12,2018-06-12,3
13,2018-06-12,4
14,2018-06-12,3
15,2018-06-12,0
16,2018-06-12,3
17,2018-06-12,1
18,2018-06-12,2
19,2018-06-12,3
20,2018-06-12,0
21,2018-06-12,0
22,2018-06-12,4
23,2018-06-12,0
0,2018-06-13,3
1,2018-06-13,3
2,2018-06-13,0
3,2018-06-13,1
4,2018-06-13,1
5,2018-06-13,1
6,2018-06-13,1
7,2018-06-13,4
8,2018-06-13,3
9,2018-06-13,1
10,2018-06-13,4
11,2018-06-13,4
12,2018-06-13,4
13,2018-06-13,4
14,2018-06-13,3
15,2018-06-13,0
16,2018-06-13,3
17,2018-06-13,1
18,2018-06-13,2
19,2018-06-13,3
20,2018-06-13,0
21,2018-06-13,4
22,2018-06-13,4
23,2018-06-13,0
0,2018-06-14,4
1,2018-06-14,3
2,2018-06-14,2
3,2018-06-14,1
4,2018-06-14,1
5,2018-06-14,1
6,2018-06-14,1
7,2018-06-14,3
8,2018-06-14,2
9,2018-06-14,1
10,2018-06-14,4
11,2018-06-14,3
12,2018-06-14,4
13,2018-06-14,4
14,2018-06-14,3
15,2018-06-14,0
16,2018-06-14,3
17,2018-06-14,1
18,2018-06-14,2
19,2018-06-14,3
20,2018-06-14,0
21,2018-06-14,4
22,2018-06-14,1
23,2018-06-14,0
0,2018-06-15,4
1,2018-06-15,3
2,2018-06-15,2
3,2018-06-15,1
4,2018-06-15,1
5,2018-06-15,1
6,2018-06-15,1
7,2018-06-15,4
8,2018-06-15,2
9,2018-06-15,1
10,2018-06-15,4
11,2018-06-15,3
12,2018-06-15,4
13,2018-06-15,4
14,2018-06-15,3
15,2018-06-15,0
16,2018-06-15,3
17,2018-06-15,1
18,2018-06-15,2
19,2018-06-15,0
20,2018-06-15,0
21,2018-06-15,0
22,2018-06-15,4
23,2018-06-15,0
0,2018-06-16,3
1,2018-06-16,4
2,2018-06-16,3
3,2018-06-16,1
4,2018-06-16,0
5,2018-06-16,1
6,2018-06-16,2
7,2018-06-16,0
8,2018-06-16,3
9,2018-06-16,4
10,2018-06-16,0
11,2018-06-16,4
12,2018-06-16,4
13,2018-06-16,0
14,2018-06-16,0
15,2018-06-16,2
16,2018-06-16,3
17,2018-06-16,1
18,2018-06-16,2
19,2018-06-16,0
20,2018-06-16,2
21,2018-06-16,0
22,2018-06-16,3
23,2018-06-16,4
0,2018-06-17,4
1,2018-06-17,4
2,2018-06-17,0
3,2018-06-17,1
4,2018-06-17,1
5,2018-06-17,1
6,2018-06-17,2
7,2018-06-17,4
8,2018-06-17,3
9,2018-06-17,4
10,2018-06-17,0
11,2018-06-17,0
12,2018-06-17,4
13,2018-06-17,0
14,2018-06-17,0
15,2018-06-17,2
16,2018-06-17,0
17,2018-06-17,0
18,2018-06-17,2
19,2018-06-17,0
20,2018-06-17,2
21,2018-06-17,4
22,2018-06-17,0
23,2018-06-17,4
0,2018-06-18,4
1,2018-06-18,3
2,2018-06-18,2
3,2018-06-18,1
4,2018-06-18,1
5,2018-06-18,1
6,2018-06-18,1
7,2018-06-18,3
8,2018-06-18,2
9,2018-06-18,1
10,2018-06-18,4
11,2018-06-18,3
12,2018-06-18,3
13,2018-06-18,4
14,2018-06-18,3
15,2018-06-18,0
16,2018-06-18,3
17,2018-06-18,1
18,2018-06-18,2
19,2018-06-18,3
20,2018-06-18,0
21,2018-06-18,4
22,2018-06-18,3
23,2018-06-18,4
0,2018-06-19,3
1,2018-06-19,3
2,2018-06-19,2
3,2018-06-19,1
4,2018-06-19,4
5,2018-06-19,1
6,2018-06-19,1
7,2018-06-19,0
8,2018-06-19,2
9,2018-06-19,1
10,2018-06-19,4
11,2018-06-19,3
12,2018-06-19,3
13,2018-06-19,4
14,2018-06-19,3
15,2018-06-19,0
16,2018-06-19,3
17,2018-06-19,1
18,2018-06-19,2
19,2018-06-19,0
20,2018-06-19,0
21,2018-06-19,4
22,2018-06-19,4
23,2018-06-19,4
0,2018-06-20,3
1,2018-06-20,3
2,2018-06-20,2
3,2018-06-20,1
4,2018-06-20,1
5,2018-06-20,1
6,2018-06-20,1
7,2018-06-20,4
8,2018-06-20,2
9,2018-06-20,1
10,2018-06-20,4
11,2018-06-20,3
12,2018-06-20,4
13,2018-06-20,4
14,2018-06-20,3
15,2018-06-20,0
16,2018-06-20,3
17,2018-06-20,1
18,2018-06-20,2
19,2018-06-20,3
20,2018-06-20,0
21,2018-06-20,4
22,2018-06-20,3
23,2018-06-20,3
0,2018-06-21,4
1,2018-06-21,3
2,2018-06-21,2
3,2018-06-21,1
4,2018-06-21,1
5,2018-06-21,1
6,2018-06-21,1
7,2018-06-21,4
8,2018-06-21,3
9,2018-06-21,1
10,2018-06-21,4
11,2018-06-21,3
12,2018-06-21,4
13,2018-06-21,4
14,2018-06-21,3
15,2018-06-21,0
16,2018-06-21,3
17,2018-06-21,1
18,2018-06-21,2
19,2018-06-21,0
20,2018-06-21,0
21,2018-06-21,4
22,2018-06-21,4
23,2018-06-21,0
0,2018-06-22,4
1,2018-06-22,3
2,2018-06-22,2
3,2018-06-22,1
4,2018-06-22,1
5,2018-06-22,1
6,2018-06-22,1
7,2018-06-22,3
8,2018-06-22,2
9,2018-06-22,4
10,2018-06-22,4
11,2018-06-22,3
12,2018-06-22,4
13,2018-06-22,4
14,2018-06-22,3
15,2018-06-22,0
16,2018-06-22,3
17,2018-06-22,1
18,2018-06-22,2
19,2018-06-22,3
20,2018-06-22,3
21,2018-06-22,3
22,2018-06-22,3
23,2018-06-22,0
0,2018-06-23,4
1,2018-06-23,4
2,2018-06-23,3
3,2018-06-23,1
4,2018-06-23,0
5,2018-06-23,1
6,2018-06-23,2
7,2018-06-23,3
8,2018-06-23,2
9,2018-06-23,4
10,2018-06-23,0
11,2018-06-23,0
12,2018-06-23,4
13,2018-06-23,0
14,2018-06-23,0
15,2018-06-23,2
16,2018-06-23,3
17,2018-06-23,1
18,2018-06-23,2
19,2018-06-23,3
20,2018-06-23,0
21,2018-06-23,4
22,2018-06-23,0
23,2018-06-23,0
0,2018-06-24,4
1,2018-06-24,4
2,2018-06-24,3
3,2018-06-24,1
4,2018-06-24,0
5,2018-06-24,1
6,2018-06-24,2
7,2018-06-24,4
8,2018-06-24,3
9,2018-06-24,0
10,2018-06-24,0
11,2018-06-24,0
12,2018-06-24,4
13,2018-06-24,0
14,2018-06-24,0
15,2018-06-24,2
16,2018-06-24,3
17,2018-06-24,3
18,2018-06-24,2
19,2018-06-24,0
20,2018-06-24,2
21,2018-06-24,4
22,2018-06-24,0
23,2018-06-24,0
0,2018-06-25,4
1,2018-06-25,3
2,2018-06-25,2
3,2018-06-25,1
4,2018-06-25,1
5,2018-06-25,1
6,2018-06-25,1
7,2018-06-25,3
8,2018-06-25,2
9,2018-06-25,1
10,2018-06-25,4
11,2018-06-25,3
12,2018-06-25,4
13,2018-06-25,4
14,2018-06-25,3
15,2018-06-25,0
16,2018-06-25,3
17,2018-06-25,1
18,2018-06-25,2
19,2018-06-25,3
20,2018-06-25,0
21,2018-06-25,0
22,2018-06-25,4
23,2018-06-25,0
0,2018-06-26,3
1,2018-06-26,3
2,2018-06-26,2
3,2018-06-26,1
4,2018-06-26,4
5,2018-06-26,1
6,2018-06-26,1
7,2018-06-26,0
8,2018-06-26,2
9,2018-06-26,4
10,2018-06-26,4
11,2018-06-26,3
12,2018-06-26,4
13,2018-06-26,4
14,2018-06-26,2
15,2018-06-26,0
16,2018-06-26,3
17,2018-06-26,1
18,2018-06-26,2
19,2018-06-26,3
20,2018-06-26,0
21,2018-06-26,4
22,2018-06-26,4
23,2018-06-26,0
0,2018-06-27,3
1,2018-06-27,3
2,2018-06-27,3
3,2018-06-27,1
4,2018-06-27,1
5,2018-06-27,1
6,2018-06-27,1
7,2018-06-27,4
8,2018-06-27,2
9,2018-06-27,1
10,2018-06-27,4
11,2018-06-27,3
12,2018-06-27,4
13,2018-06-27,4
14,2018-06-27,0
15,2018-06-27,0
16,2018-06-27,3
17,2018-06-27,1
18,2018-06-27,2
19,2018-06-27,3
20,2018-06-27,0
21,2018-06-27,3
22,2018-06-27,3
23,2018-06-27,0
0,2018-06-28,4
1,2018-06-28,3
2,2018-06-28,2
3,2018-06-28,1
4,2018-06-28,1
5,2018-06-28,1
6,2018-06-28,1
7,2018-06-28,3
8,2018-06-28,2
9,2018-06-28,1
10,2018-06-28,4
11,2018-06-28,3
12,2018-06-28,4
13,2018-06-28,4
14,2018-06-28,3
15,2018-06-28,0
16,2018-06-28,3
17,2018-06-28,1
18,2018-06-28,2
19,2018-06-28,0
20,2018-06-28,0
21,2018-06-28,3
22,2018-06-28,4
23,2018-06-28,3
0,2018-06-29,3
1,2018-06-29,4
2,2018-06-29,2
3,2018-06-29,1
4,2018-06-29,4
5,2018-06-29,1
6,2018-06-29,1
7,2018-06-29,4
8,2018-06-29,2
9,2018-06-29,1
10,2018-06-29,4
11,2018-06-29,4
12,2018-06-29,4
13,2018-06-29,4
14,2018-06-29,3
15,2018-06-29,0
16,2018-06-29,3
17,2018-06-29,1
18,2018-06-29,2
19,2018-06-29,0
20,2018-06-29,2
21,2018-06-29,4
22,2018-06-29,4
23,2018-06-29,4
0,2018-06-30,3
1,2018-06-30,4
2,2018-06-30,2
3,2018-06-30,1
4,2018-06-30,0
5,2018-06-30,1
6,2018-06-30,2
7,2018-06-30,4
8,2018-06-30,2
9,2018-06-30,4
10,2018-06-30,0
11,2018-06-30,0
12,2018-06-30,4
13,2018-06-30,0
14,2018-06-30,0
15,2018-06-30,0
16,2018-06-30,3
17,2018-06-30,1
18,2018-06-30,2
19,2018-06-30,0
20,2018-06-30,0
21,2018-06-30,0
22,2018-06-30,3
23,2018-06-30,0
0,2018-07-01,3
1,2018-07-01,4
2,2018-07-01,2
3,2018-07-01,1
4,2018-07-01,0
5,2018-07-01,4
6,2018-07-01,2
7,2018-07-01,0
8,2018-07-01,2
9,2018-07-01,0
10,2018-07-01,0
11,2018-07-01,0
12,2018-07-01,0
13,2018-07-01,0
14,2018-07-01,0
15,2018-07-01,2
16,2018-07-01,0
17,2018-07-01,1
18,2018-07-01,2
19,2018-07-01,0
20,2018-07-01,0
21,2018-07-01,4
22,2018-07-01,0
23,2018-07-01,0
0,2018-07-02,3
1,2018-07-02,3
2,2018-07-02,2
3,2018-07-02,1
4,2018-07-02,1
5,2018-07-02,4
6,2018-07-02,1
7,2018-07-02,0
8,2018-07-02,2
9,2018-07-02,1
10,2018-07-02,1
11,2018-07-02,3
12,2018-07-02,4
13,2018-07-02,4
14,2018-07-02,3
15,2018-07-02,0
16,2018-07-02,3
17,2018-07-02,1
18,2018-07-02,2
19,2018-07-02,0
20,2018-07-02,0
21,2018-07-02,3
22,2018-07-02,3
23,2018-07-02,4
0,2018-07-03,4
1,2018-07-03,3
2,2018-07-03,2
3,2018-07-03,1
4,2018-07-03,1
5,2018-07-03,1
6,2018-07-03,1
7,2018-07-03,4
8,2018-07-03,2
9,2018-07-03,1
10,2018-07-03,4
11,2018-07-03,3
12,2018-07-03,4
13,2018-07-03,4
14,2018-07-03,3
15,2018-07-03,0
16,2018-07-03,3
17,2018-07-03,1
18,2018-07-03,2
19,2018-07-03,3
20,2018-07-03,3
21,2018-07-03,4
22,2018-07-03,4
23,2018-07-03,0
0,2018-07-04,3
1,2018-07-04,3
2,2018-07-04,2
3,2018-07-04,1
4,2018-07-04,1
5,2018-07-04,1
6,2018-07-04,1
7,2018-07-04,4
8,2018-07-04,2
9,2018-07-04,1
10,2018-07-04,1
11,2018-07-04,3
12,2018-07-04,4
13,2018-07-04,4
14,2018-07-04,0
15,2018-07-04,0
16,2018-07-04,3
17,2018-07-04,1
18,2018-07-04,2
19,2018-07-04,3
20,2018-07-04,0
21,2018-07-04,4
22,2018-07-04,4
23,2018-07-04,0
0,2018-07-05,3
1,2018-07-05,3
2,2018-07-05,3
3,2018-07-05,1
4,2018-07-05,1
5,2018-07-05,1
6,2018-07-05,1
7,2018-07-05,4
8,2018-07-05,3
9,2018-07-05,1
10,2018-07-05,1
11,2018-07-05,3
12,2018-07-05,4
13,2018-07-05,1
14,2018-07-05,3
15,2018-07-05,4
16,2018-07-05,3
17,2018-07-05,1
18,2018-07-05,2
19,2018-07-05,3
20,2018-07-05,0
21,2018-07-05,4
22,2018-07-05,1
23,2018-07-05,0
0,2018-07-06,3
1,2018-07-06,4
2,2018-07-06,3
3,2018-07-06,1
4,2018-07-06,1
5,2018-07-06,1
6,2018-07-06,1
7,2018-07-06,3
8,2018-07-06,3
9,2018-07-06,1
10,2018-07-06,1
11,2018-07-06,3
12,2018-07-06,4
13,2018-07-06,1
14,2018-07-06,0
15,2018-07-06,0
16,2018-07-06,3
17,2018-07-06,1
18,2018-07-06,2
19,2018-07-06,0
20,2018-07-06,0
21,2018-07-06,4
22,2018-07-06,4
23,2018-07-06,0
0,2018-07-07,4
1,2018-07-07,4
2,2018-07-07,2
3,2018-07-07,1
4,2018-07-07,0
5,2018-07-07,1
6,2018-07-07,2
7,2018-07-07,0
8,2018-07-07,2
9,2018-07-07,1
10,2018-07-07,4
11,2018-07-07,0
12,2018-07-07,4
13,2018-07-07,0
14,2018-07-07,0
15,2018-07-07,2
16,2018-07-07,3
17,2018-07-07,1
18,2018-07-07,2
19,2018-07-07,0
20,2018-07-07,0
21,2018-07-07,4
22,2018-07-07,2
23,2018-07-07,0
0,2018-07-08,3
1,2018-07-08,4
2,2018-07-08,2
3,2018-07-08,1
4,2018-07-08,0
5,2018-07-08,1
6,2018-07-08,2
7,2018-07-08,0
8,2018-07-08,2
9,2018-07-08,4
10,2018-07-08,0
11,2018-07-08,0
12,2018-07-08,0
13,2018-07-08,0
14,2018-07-08,0
15,2018-07-08,2
16,2018-07-08,2
17,2018-07-08,1
18,2018-07-08,2
19,2018-07-08,0
20,2018-07-08,2
21,2018-07-08,0
22,2018-07-08,0
23,2018-07-08,0
0,2018-07-09,3
1,2018-07-09,4
2,2018-07-09,2
3,2018-07-09,1
4,2018-07-09,1
5,2018-07-09,1
6,2018-07-09,1
7,2018-07-09,0
8,2018-07-09,2
9,2018-07-09,1
10,2018-07-09,4
11,2018-07-09,3
12,2018-07-09,4
13,2018-07-09,4
14,2018-07-09,3
15,2018-07-09,4
16,2018-07-09,3
17,2018-07-09,1
18,2018-07-09,2
19,2018-07-09,3
20,2018-07-09,0
21,2018-07-09,4
22,2018-07-09,4
23,2018-07-09,0
0,2018-07-10,4
1,2018-07-10,3
2,2018-07-10,2
3,2018-07-10,1
4,2018-07-10,1
5,2018-07-10,1
6,2018-07-10,1
7,2018-07-10,0
8,2018-07-10,2
9,2018-07-10,1
10,2018-07-10,1
11,2018-07-10,3
12,2018-07-10,3
13,2018-07-10,4
14,2018-07-10,3
15,2018-07-10,4
16,2018-07-10,3
17,2018-07-10,1
18,2018-07-10,2
19,2018-07-10,3
20,2018-07-10,3
21,2018-07-10,4
22,2018-07-10,3
23,2018-07-10,0
0,2018-07-11,4
1,2018-07-11,3
2,2018-07-11,2
3,2018-07-11,1
4,2018-07-11,1
5,2018-07-11,1
6,2018-07-11,1
7,2018-07-11,3
8,2018-07-11,2
9,2018-07-11,1
10,2018-07-11,4
11,2018-07-11,3
12,2018-07-11,4
13,2018-07-11,4
14,2018-07-11,3
15,2018-07-11,4
16,2018-07-11,3
17,2018-07-11,1
18,2018-07-11,2
19,2018-07-11,3
20,2018-07-11,0
21,2018-07-11,4
22,2018-07-11,4
23,2018-07-11,0
0,2018-07-12,3
1,2018-07-12,3
2,2018-07-12,2
3,2018-07-12,1
4,2018-07-12,4
5,2018-07-12,1
6,2018-07-12,1
7,2018-07-12,0
8,2018-07-12,2
9,2018-07-12,1
10,2018-07-12,4
11,2018-07-12,3
12,2018-07-12,0
13,2018-07-12,4
14,2018-07-12,3
15,2018-07-12,4
16,2018-07-12,3
17,2018-07-12,1
18,2018-07-12,2
19,2018-07-12,0
20,2018-07-12,0
21,2018-07-12,3
22,2018-07-12,3
23,2018-07-12,0
0,2018-07-13,3
1,2018-07-13,4
2,2018-07-13,2
3,2018-07-13,1
4,2018-07-13,1
5,2018-07-13,1
6,2018-07-13,1
7,2018-07-13,4
8,2018-07-13,2
9,2018-07-13,1
10,2018-07-13,1
11,2018-07-13,3
12,2018-07-13,4
13,2018-07-13,4
14,2018-07-13,3
15,2018-07-13,0
16,2018-07-13,3
17,2018-07-13,1
18,2018-07-13,2
19,2018-07-13,0
20,2018-07-13,0
21,2018-07-13,4
22,2018-07-13,4
23,2018-07-13,0
0,2018-07-14,4
1,2018-07-14,4
2,2018-07-14,2
3,2018-07-14,1
4,2018-07-14,0
5,2018-07-14,1
6,2018-07-14,0
7,2018-07-14,4
8,2018-07-14,2
9,2018-07-14,4
10,2018-07-14,1
11,2018-07-14,0
12,2018-07-14,4
13,2018-07-14,4
14,2018-07-14,0
15,2018-07-14,0
16,2018-07-14,3
17,2018-07-14,1
18,2018-07-14,2
19,2018-07-14,0
20,2018-07-14,2
21,2018-07-14,4
22,2018-07-14,0
23,2018-07-14,0
0,2018-07-15,4
1,2018-07-15,4
2,2018-07-15,2
3,2018-07-15,1
4,2018-07-15,0
5,2018-07-15,1
6,2018-07-15,2
7,2018-07-15,4
8,2018-07-15,2
9,2018-07-15,4
10,2018-07-15,0
11,2018-07-15,0
12,2018-07-15,4
13,2018-07-15,4
14,2018-07-15,0
15,2018-07-15,2
16,2018-07-15,3
17,2018-07-15,4
18,2018-07-15,2
19,2018-07-15,0
20,2018-07-15,2
21,2018-07-15,0
22,2018-07-15,3
23,2018-07-15,4
0,2018-07-16,3
1,2018-07-16,3
2,2018-07-16,2
3,2018-07-16,1
4,2018-07-16,1
5,2018-07-16,1
6,2018-07-16,1
7,2018-07-16,3
8,2018-07-16,2
9,2018-07-16,1
10,2018-07-16,4
11,2018-07-16,3
12,2018-07-16,4
13,2018-07-16,4
14,2018-07-16,3
15,2018-07-16,0
16,2018-07-16,3
17,2018-07-16,1
18,2018-07-16,2
19,2018-07-16,0
20,2018-07-16,2
21,2018-07-16,4
22,2018-07-16,4
23,2018-07-16,0
0,2018-07-17,4
1,2018-07-17,3
2,2018-07-17,2
3,2018-07-17,1
4,2018-07-17,1
5,2018-07-17,1
6,2018-07-17,1
7,2018-07-17,0
8,2018-07-17,2
9,2018-07-17,4
10,2018-07-17,4
11,2018-07-17,3
12,2018-07-17,4
13,2018-07-17,4
14,2018-07-17,3
15,2018-07-17,0
16,2018-07-17,3
17,2018-07-17,1
18,2018-07-17,2
19,2018-07-17,0
20,2018-07-17,0
21,2018-07-17,4
22,2018-07-17,3
23,2018-07-17,0
0,2018-07-18,3
1,2018-07-18,3
2,2018-07-18,2
3,2018-07-18,1
4,2018-07-18,1
5,2018-07-18,1
6,2018-07-18,1
7,2018-07-18,0
8,2018-07-18,2
9,2018-07-18,4
10,2018-07-18,4
11,2018-07-18,3
12,2018-07-18,4
13,2018-07-18,4
14,2018-07-18,3
15,2018-07-18,0
16,2018-07-18,3
17,2018-07-18,1
18,2018-07-18,2
19,2018-07-18,0
20,2018-07-18,0
21,2018-07-18,3
22,2018-07-18,1
23,2018-07-18,0
0,2018-07-19,3
1,2018-07-19,3
2,2018-07-19,2
3,2018-07-19,1
4,2018-07-19,1
5,2018-07-19,1
6,2018-07-19,1
7,2018-07-19,4
8,2018-07-19,2
9,2018-07-19,1
10,2018-07-19,4
11,2018-07-19,3
12,2018-07-19,4
13,2018-07-19,4
14,2018-07-19,2
15,2018-07-19,0
16,2018-07-19,3
17,2018-07-19,1
18,2018-07-19,2
19,2018-07-19,0
20,2018-07-19,0
21,2018-07-19,4
22,2018-07-19,4
23,2018-07-19,0
0,2018-07-20,4
1,2018-07-20,3
2,2018-07-20,0
3,2018-07-20,1
4,2018-07-20,1
5,2018-07-20,1
6,2018-07-20,1
7,2018-07-20,0
8,2018-07-20,0
9,2018-07-20,1
10,2018-07-20,4
11,2018-07-20,4
12,2018-07-20,4
13,2018-07-20,1
14,2018-07-20,2
15,2018-07-20,0
16,2018-07-20,3
17,2018-07-20,1
18,2018-07-20,2
19,2018-07-20,3
20,2018-07-20,3
21,2018-07-20,4
22,2018-07-20,3
23,2018-07-20,0
0,2018-07-21,3
1,2018-07-21,4
2,2018-07-21,4
3,2018-07-21,1
4,2018-07-21,0
5,2018-07-21,1
6,2018-07-21,2
7,2018-07-21,3
8,2018-07-21,3
9,2018-07-21,0
10,2018-07-21,4
11,2018-07-21,4
12,2018-07-21,4
13,2018-07-21,4
14,2018-07-21,0
15,2018-07-21,2
16,2018-07-21,3
17,2018-07-21,1
18,2018-07-21,2
19,2018-07-21,4
20,2018-07-21,0
21,2018-07-21,4
22,2018-07-21,4
23,2018-07-21,0
0,2018-07-22,3
1,2018-07-22,4
2,2018-07-22,2
3,2018-07-22,1
4,2018-07-22,0
5,2018-07-22,1
6,2018-07-22,2
7,2018-07-22,3
8,2018-07-22,2
9,2018-07-22,4
10,2018-07-22,0
11,2018-07-22,0
12,2018-07-22,4
13,2018-07-22,0
14,2018-07-22,0
15,2018-07-22,2
16,2018-07-22,3
17,2018-07-22,1
18,2018-07-22,2
19,2018-07-22,0
20,2018-07-22,0
21,2018-07-22,4
22,2018-07-22,2
23,2018-07-22,0
0,2018-07-23,4
1,2018-07-23,4
2,2018-07-23,2
3,2018-07-23,1
4,2018-07-23,1
5,2018-07-23,4
6,2018-07-23,1
7,2018-07-23,0
8,2018-07-23,2
9,2018-07-23,1
10,2018-07-23,4
11,2018-07-23,3
12,2018-07-23,4
13,2018-07-23,4
14,2018-07-23,3
15,2018-07-23,0
16,2018-07-23,3
17,2018-07-23,1
18,2018-07-23,2
19,2018-07-23,0
20,2018-07-23,0
21,2018-07-23,4
22,2018-07-23,0
23,2018-07-23,0
0,2018-07-24,3
1,2018-07-24,3
2,2018-07-24,2
3,2018-07-24,1
4,2018-07-24,1
5,2018-07-24,1
6,2018-07-24,1
7,2018-07-24,0
8,2018-07-24,2
9,2018-07-24,1
10,2018-07-24,4
11,2018-07-24,3
12,2018-07-24,4
13,2018-07-24,4
14,2018-07-24,2
15,2018-07-24,0
16,2018-07-24,3
17,2018-07-24,1
18,2018-07-24,2
19,2018-07-24,0
20,2018-07-24,0
21,2018-07-24,4
22,2018-07-24,0
23,2018-07-24,0
0,2018-07-25,3
1,2018-07-25,3
2,2018-07-25,2
3,2018-07-25,1
4,2018-07-25,1
5,2018-07-25,1
6,2018-07-25,1
7,2018-07-25,0
8,2018-07-25,2
9,2018-07-25,4
10,2018-07-25,4
11,2018-07-25,3
12,2018-07-25,0
13,2018-07-25,4
14,2018-07-25,2
15,2018-07-25,0
16,2018-07-25,3
17,2018-07-25,1
18,2018-07-25,2
19,2018-07-25,3
20,2018-07-25,2
21,2018-07-25,0
22,2018-07-25,3
23,2018-07-25,0
0,2018-07-26,3
1,2018-07-26,3
2,2018-07-26,2
3,2018-07-26,1
4,2018-07-26,1
5,2018-07-26,1
6,2018-07-26,1
7,2018-07-26,0
8,2018-07-26,2
9,2018-07-26,1
10,2018-07-26,4
11,2018-07-26,3
12,2018-07-26,0
13,2018-07-26,4
14,2018-07-26,2
15,2018-07-26,0
16,2018-07-26,3
17,2018-07-26,1
18,2018-07-26,2
19,2018-07-26,0
20,2018-07-26,0
21,2018-07-26,4
22,2018-07-26,0
23,2018-07-26,0
0,2018-07-27,3
1,2018-07-27,0
2,2018-07-27,2
3,2018-07-27,1
4,2018-07-27,1
5,2018-07-27,1
6,2018-07-27,1
7,2018-07-27,0
8,2018-07-27,2
9,2018-07-27,2
10,2018-07-27,4
11,2018-07-27,3
12,2018-07-27,0
13,2018-07-27,4
14,2018-07-27,2
15,2018-07-27,0
16,2018-07-27,3
17,2018-07-27,1
18,2018-07-27,2
19,2018-07-27,0
20,2018-07-27,0
21,2018-07-27,4
22,2018-07-27,4
23,2018-07-27,4
0,2018-07-28,3
1,2018-07-28,4
2,2018-07-28,4
3,2018-07-28,1
4,2018-07-28,2
5,2018-07-28,1
6,2018-07-28,2
7,2018-07-28,3
8,2018-07-28,0
9,2018-07-28,2
10,2018-07-28,1
11,2018-07-28,4
12,2018-07-28,0
13,2018-07-28,4
14,2018-07-28,0
15,2018-07-28,0
16,2018-07-28,3
17,2018-07-28,1
18,2018-07-28,2
19,2018-07-28,0
20,2018-07-28,0
21,2018-07-28,4
22,2018-07-28,3
23,2018-07-28,4
0,2018-07-29,4
1,2018-07-29,4
2,2018-07-29,2
3,2018-07-29,1
4,2018-07-29,2
5,2018-07-29,1
6,2018-07-29,2
7,2018-07-29,3
8,2018-07-29,2
9,2018-07-29,4
10,2018-07-29,0
11,2018-07-29,3
12,2018-07-29,0
13,2018-07-29,3
14,2018-07-29,0
15,2018-07-29,2
16,2018-07-29,2
17,2018-07-29,1
18,2018-07-29,2
19,2018-07-29,0
20,2018-07-29,0
21,2018-07-29,0
22,2018-07-29,0
23,2018-07-29,0
0,2018-07-30,3
1,2018-07-30,3
2,2018-07-30,2
3,2018-07-30,1
4,2018-07-30,1
5,2018-07-30,4
6,2018-07-30,1
7,2018-07-30,0
8,2018-07-30,2
9,2018-07-30,1
10,2018-07-30,4
11,2018-07-30,3
12,2018-07-30,0
13,2018-07-30,4
14,2018-07-30,2
15,2018-07-30,0
16,2018-07-30,3
17,2018-07-30,1
18,2018-07-30,2
19,2018-07-30,3
20,2018-07-30,0
21,2018-07-30,4
22,2018-07-30,3
23,2018-07-30,0
0,2018-07-31,3
1,2018-07-31,0
2,2018-07-31,2
3,2018-07-31,1
4,2018-07-31,1
5,2018-07-31,4
6,2018-07-31,1
7,2018-07-31,0
8,2018-07-31,2
9,2018-07-31,2
10,2018-07-31,4
11,2018-07-31,0
12,2018-07-31,0
13,2018-07-31,4
14,2018-07-31,2
15,2018-07-31,4
16,2018-07-31,3
17,2018-07-31,1
18,2018-07-31,2
19,2018-07-31,0
20,2018-07-31,0
21,2018-07-31,4
22,2018-07-31,4
23,2018-07-31,0
0,2018-08-01,3
1,2018-08-01,4
2,2018-08-01,2
3,2018-08-01,1
4,2018-08-01,1
5,2018-08-01,4
6,2018-08-01,1
7,2018-08-01,4
8,2018-08-01,2
9,2018-08-01,2
10,2018-08-01,1
11,2018-08-01,0
12,2018-08-01,0
13,2018-08-01,4
14,2018-08-01,2
15,2018-08-01,0
16,2018-08-01,3
17,2018-08-01,1
18,2018-08-01,2
19,2018-08-01,0
20,2018-08-01,0
21,2018-08-01,4
22,2018-08-01,4
23,2018-08-01,0
0,2018-08-02,3
1,2018-08-02,3
2,2018-08-02,2
3,2018-08-02,1
4,2018-08-02,4
5,2018-08-02,4
6,2018-08-02,1
7,2018-08-02,0
8,2018-08-02,2
9,2018-08-02,1
10,2018-08-02,4
11,2018-08-02,3
12,2018-08-02,0
13,2018-08-02,4
14,2018-08-02,2
15,2018-08-02,4
16,2018-08-02,3
17,2018-08-02,1
18,2018-08-02,2
19,2018-08-02,0
20,2018-08-02,0
21,2018-08-02,0
22,2018-08-02,2
23,2018-08-02,0
0,2018-08-03,3
1,2018-08-03,3
2,2018-08-03,2
3,2018-08-03,1
4,2018-08-03,1
5,2018-08-03,1
6,2018-08-03,1
7,2018-08-03,0
8,2018-08-03,2
9,2018-08-03,1
10,2018-08-03,1
11,2018-08-03,3
12,2018-08-03,0
13,2018-08-03,4
14,2018-08-03,2
15,2018-08-03,4
16,2018-08-03,3
17,2018-08-03,1
18,2018-08-03,2
19,2018-08-03,0
20,2018-08-03,0
21,2018-08-03,4
22,2018-08-03,0
23,2018-08-03,0
0,2018-08-04,0
1,2018-08-04,4
2,2018-08-04,0
3,2018-08-04,1
4,2018-08-04,0
5,2018-08-04,4
6,2018-08-04,2
7,2018-08-04,0
8,2018-08-04,0
9,2018-08-04,2
10,2018-08-04,1
11,2018-08-04,0
12,2018-08-04,0
13,2018-08-04,0
14,2018-08-04,2
15,2018-08-04,4
16,2018-08-04,0
17,2018-08-04,1
18,2018-08-04,2
19,2018-08-04,0
20,2018-08-04,0
21,2018-08-04,4
22,2018-08-04,0
23,2018-08-04,0
0,2018-08-05,0
1,2018-08-05,0
2,2018-08-05,2
3,2018-08-05,1
4,2018-08-05,0
5,2018-08-05,4
6,2018-08-05,0
7,2018-08-05,0
8,2018-08-05,2
9,2018-08-05,2
10,2018-08-05,0
11,2018-08-05,0
12,2018-08-05,0
13,2018-08-05,0
14,2018-08-05,3
15,2018-08-05,0
16,2018-08-05,2
17,2018-08-05,1
18,2018-08-05,2
19,2018-08-05,0
20,2018-08-05,2
21,2018-08-05,4
22,2018-08-05,3
23,2018-08-05,0
0,2018-08-06,3
1,2018-08-06,3
2,2018-08-06,2
3,2018-08-06,1
4,2018-08-06,1
5,2018-08-06,4
6,2018-08-06,1
7,2018-08-06,4
8,2018-08-06,2
9,2018-08-06,2
10,2018-08-06,1
11,2018-08-06,3
12,2018-08-06,0
13,2018-08-06,4
14,2018-08-06,2
15,2018-08-06,4
16,2018-08-06,3
17,2018-08-06,1
18,2018-08-06,2
19,2018-08-06,0
20,2018-08-06,0
21,2018-08-06,4
22,2018-08-06,4
23,2018-08-06,0
0,2018-08-07,3
1,2018-08-07,3
2,2018-08-07,2
3,2018-08-07,1
4,2018-08-07,1
5,2018-08-07,4
6,2018-08-07,1
7,2018-08-07,0
8,2018-08-07,2
9,2018-08-07,2
10,2018-08-07,4
11,2018-08-07,3
12,2018-08-07,0
13,2018-08-07,4
14,2018-08-07,2
15,2018-08-07,0
16,2018-08-07,3
17,2018-08-07,1
18,2018-08-07,2
19,2018-08-07,0
20,2018-08-07,0
21,2018-08-07,0
22,2018-08-07,0
23,2018-08-07,0
0,2018-08-08,4
1,2018-08-08,3
2,2018-08-08,2
3,2018-08-08,1
4,2018-08-08,1
5,2018-08-08,1
6,2018-08-08,1
7,2018-08-08,4
8,2018-08-08,2
9,2018-08-08,2
10,2018-08-08,1
11,2018-08-08,3
12,2018-08-08,3
13,2018-08-08,4
14,2018-08-08,2
15,2018-08-08,4
16,2018-08-08,3
17,2018-08-08,1
18,2018-08-08,2
19,2018-08-08,3
20,2018-08-08,2
21,2018-08-08,4
22,2018-08-08,3
23,2018-08-08,4
0,2018-08-09,1
1,2018-08-09,3
2,2018-08-09,4
3,2018-08-09,1
4,2018-08-09,1
5,2018-08-09,4
6,2018-08-09,1
7,2018-08-09,4
8,2018-08-09,0
9,2018-08-09,4
10,2018-08-09,1
11,2018-08-09,4
12,2018-08-09,4
13,2018-08-09,4
14,2018-08-09,0
15,2018-08-09,4
16,2018-08-09,3
17,2018-08-09,1
18,2018-08-09,2
19,2018-08-09,0
20,2018-08-09,1
21,2018-08-09,3
22,2018-08-09,4
23,2018-08-09,3
0,2018-08-10,3
1,2018-08-10,3
2,2018-08-10,2
3,2018-08-10,1
4,2018-08-10,1
5,2018-08-10,1
6,2018-08-10,1
7,2018-08-10,3
8,2018-08-10,2
9,2018-08-10,1
10,2018-08-10,4
11,2018-08-10,3
12,2018-08-10,0
13,2018-08-10,4
14,2018-08-10,2
15,2018-08-10,4
16,2018-08-10,3
17,2018-08-10,1
18,2018-08-10,2
19,2018-08-10,0
20,2018-08-10,2
21,2018-08-10,3
22,2018-08-10,0
23,2018-08-10,4
0,2018-08-11,3
1,2018-08-11,3
2,2018-08-11,2
3,2018-08-11,1
4,2018-08-11,4
5,2018-08-11,4
6,2018-08-11,2
7,2018-08-11,4
8,2018-08-11,2
9,2018-08-11,0
10,2018-08-11,4
11,2018-08-11,0
12,2018-08-11,4
13,2018-08-11,3
14,2018-08-11,2
15,2018-08-11,0
16,2018-08-11,3
17,2018-08-11,1
18,2018-08-11,2
19,2018-08-11,0
20,2018-08-11,0
21,2018-08-11,0
22,2018-08-11,0
23,2018-08-11,0
0,2018-08-12,3
1,2018-08-12,0
2,2018-08-12,3
3,2018-08-12,1
4,2018-08-12,0
5,2018-08-12,4
6,2018-08-12,2
7,2018-08-12,3
8,2018-08-12,2
9,2018-08-12,4
10,2018-08-12,0
11,2018-08-12,0
12,2018-08-12,0
13,2018-08-12,0
14,2018-08-12,3
15,2018-08-12,0
16,2018-08-12,3
17,2018-08-12,1
18,2018-08-12,2
19,2018-08-12,0
20,2018-08-12,0
21,2018-08-12,4
22,2018-08-12,0
23,2018-08-12,0
0,2018-08-13,3
1,2018-08-13,3
2,2018-08-13,4
3,2018-08-13,1
4,2018-08-13,1
5,2018-08-13,4
6,2018-08-13,1
7,2018-08-13,0
8,2018-08-13,3
9,2018-08-13,1
10,2018-08-13,4
11,2018-08-13,3
12,2018-08-13,4
13,2018-08-13,4
14,2018-08-13,2
15,2018-08-13,4
16,2018-08-13,3
17,2018-08-13,1
18,2018-08-13,2
19,2018-08-13,0
20,2018-08-13,0
21,2018-08-13,4
22,2018-08-13,3
23,2018-08-13,0
0,2018-08-14,3
1,2018-08-14,3
2,2018-08-14,3
3,2018-08-14,1
4,2018-08-14,1
5,2018-08-14,4
6,2018-08-14,1
7,2018-08-14,0
8,2018-08-14,3
9,2018-08-14,1
10,2018-08-14,1
11,2018-08-14,3
12,2018-08-14,4
13,2018-08-14,4
14,2018-08-14,0
15,2018-08-14,0
16,2018-08-14,3
17,2018-08-14,1
18,2018-08-14,2
19,2018-08-14,3
20,2018-08-14,0
21,2018-08-14,4
22,2018-08-14,4
23,2018-08-14,3
0,2018-08-15,3
1,2018-08-15,3
2,2018-08-15,2
3,2018-08-15,1
4,2018-08-15,1
5,2018-08-15,4
6,2018-08-15,1
7,2018-08-15,4
8,2018-08-15,2
9,2018-08-15,1
10,2018-08-15,4
11,2018-08-15,3
12,2018-08-15,4
13,2018-08-15,4
14,2018-08-15,3
15,2018-08-15,0
16,2018-08-15,3
17,2018-08-15,1
18,2018-08-15,2
19,2018-08-15,3
20,2018-08-15,0
21,2018-08-15,4
22,2018-08-15,3
23,2018-08-15,0
0,2018-08-16,3
1,2018-08-16,3
2,2018-08-16,2
3,2018-08-16,1
4,2018-08-16,1
5,2018-08-16,4
6,2018-08-16,1
7,2018-08-16,0
8,2018-08-16,2
9,2018-08-16,1
10,2018-08-16,4
11,2018-08-16,3
12,2018-08-16,4
13,2018-08-16,4
14,2018-08-16,3
15,2018-08-16,0
16,2018-08-16,3
17,2018-08-16,1
18,2018-08-16,2
19,2018-08-16,0
20,2018-08-16,0
21,2018-08-16,0
22,2018-08-16,4
23,2018-08-16,0
0,2018-08-17,1
1,2018-08-17,3
2,2018-08-17,3
3,2018-08-17,1
4,2018-08-17,1
5,2018-08-17,4
6,2018-08-17,1
7,2018-08-17,4
8,2018-08-17,3
9,2018-08-17,1
10,2018-08-17,1
11,2018-08-17,3
12,2018-08-17,4
13,2018-08-17,4
14,2018-08-17,0
15,2018-08-17,0
16,2018-08-17,3
17,2018-08-17,1
18,2018-08-17,2
19,2018-08-17,0
20,2018-08-17,0
21,2018-08-17,4
22,2018-08-17,4
23,2018-08-17,4
0,2018-08-18,3
1,2018-08-18,0
2,2018-08-18,2
3,2018-08-18,1
4,2018-08-18,2
5,2018-08-18,4
6,2018-08-18,2
7,2018-08-18,3
8,2018-08-18,2
9,2018-08-18,0
10,2018-08-18,4
11,2018-08-18,0
12,2018-08-18,4
13,2018-08-18,4
14,2018-08-18,0
15,2018-08-18,2
16,2018-08-18,3
17,2018-08-18,1
18,2018-08-18,2
19,2018-08-18,0
20,2018-08-18,0
21,2018-08-18,0
22,2018-08-18,3
23,2018-08-18,0
0,2018-08-19,3
1,2018-08-19,4
2,2018-08-19,3
3,2018-08-19,1
4,2018-08-19,2
5,2018-08-19,4
6,2018-08-19,2
7,2018-08-19,0
8,2018-08-19,2
9,2018-08-19,4
10,2018-08-19,0
11,2018-08-19,3
12,2018-08-19,0
13,2018-08-19,0
14,2018-08-19,3
15,2018-08-19,0
16,2018-08-19,3
17,2018-08-19,1
18,2018-08-19,2
19,2018-08-19,0
20,2018-08-19,0
21,2018-08-19,4
22,2018-08-19,0
23,2018-08-19,0
0,2018-08-20,3
1,2018-08-20,3
2,2018-08-20,2
3,2018-08-20,1
4,2018-08-20,4
5,2018-08-20,4
6,2018-08-20,1
7,2018-08-20,4
8,2018-08-20,2
9,2018-08-20,1
10,2018-08-20,4
11,2018-08-20,3
12,2018-08-20,4
13,2018-08-20,4
14,2018-08-20,3
15,2018-08-20,0
16,2018-08-20,3
17,2018-08-20,1
18,2018-08-20,2
19,2018-08-20,3
20,2018-08-20,0
21,2018-08-20,3
22,2018-08-20,3
23,2018-08-20,4
0,2018-08-21,3
1,2018-08-21,3
2,2018-08-21,2
3,2018-08-21,1
4,2018-08-21,1
5,2018-08-21,1
6,2018-08-21,1
7,2018-08-21,0
8,2018-08-21,2
9,2018-08-21,1
10,2018-08-21,4
11,2018-08-21,3
12,2018-08-21,4
13,2018-08-21,4
14,2018-08-21,3
15,2018-08-21,0
16,2018-08-21,3
17,2018-08-21,1
18,2018-08-21,2
19,2018-08-21,3
20,2018-08-21,0
21,2018-08-21,4
22,2018-08-21,3
23,2018-08-21,4
0,2018-08-22,3
1,2018-08-22,3
2,2018-08-22,2
3,2018-08-22,1
4,2018-08-22,1
5,2018-08-22,4
6,2018-08-22,1
7,2018-08-22,0
8,2018-08-22,2
9,2018-08-22,1
10,2018-08-22,1
11,2018-08-22,3
12,2018-08-22,4
13,2018-08-22,4
14,2018-08-22,2
15,2018-08-22,1
16,2018-08-22,3
17,2018-08-22,1
18,2018-08-22,2
19,2018-08-22,3
20,2018-08-22,0
21,2018-08-22,0
22,2018-08-22,4
23,2018-08-22,4
0,2018-08-23,3
1,2018-08-23,3
2,2018-08-23,2
3,2018-08-23,1
4,2018-08-23,1
5,2018-08-23,1
6,2018-08-23,1
7,2018-08-23,0
8,2018-08-23,2
9,2018-08-23,1
10,2018-08-23,4
11,2018-08-23,3
12,2018-08-23,3
13,2018-08-23,4
14,2018-08-23,2
15,2018-08-23,3
16,2018-08-23,3
17,2018-08-23,1
18,2018-08-23,2
19,2018-08-23,3
20,2018-08-23,0
21,2018-08-23,4
22,2018-08-23,3
23,2018-08-23,3
0,2018-08-24,4
1,2018-08-24,4
2,2018-08-24,3
3,2018-08-24,1
4,2018-08-24,1
5,2018-08-24,1
6,2018-08-24,1
7,2018-08-24,0
8,2018-08-24,2
9,2018-08-24,1
10,2018-08-24,1
11,2018-08-24,3
12,2018-08-24,0
13,2018-08-24,1
14,2018-08-24,0
15,2018-08-24,0
16,2018-08-24,3
17,2018-08-24,1
18,2018-08-24,2
19,2018-08-24,0
20,2018-08-24,0
21,2018-08-24,4
22,2018-08-24,4
23,2018-08-24,4
0,2018-08-25,0
1,2018-08-25,4
2,2018-08-25,4
3,2018-08-25,1
4,2018-08-25,2
5,2018-08-25,1
6,2018-08-25,2
7,2018-08-25,4
8,2018-08-25,0
9,2018-08-25,1
10,2018-08-25,4
11,2018-08-25,4
12,2018-08-25,4
13,2018-08-25,4
14,2018-08-25,0
15,2018-08-25,0
16,2018-08-25,3
17,2018-08-25,1
18,2018-08-25,2
19,2018-08-25,0
20,2018-08-25,0
21,2018-08-25,4
22,2018-08-25,4
23,2018-08-25,0
0,2018-08-26,4
1,2018-08-26,4
2,2018-08-26,3
3,2018-08-26,1
4,2018-08-26,2
5,2018-08-26,4
6,2018-08-26,2
7,2018-08-26,3
8,2018-08-26,2
9,2018-08-26,4
10,2018-08-26,0
11,2018-08-26,3
12,2018-08-26,4
13,2018-08-26,0
14,2018-08-26,4
15,2018-08-26,0
16,2018-08-26,3
17,2018-08-26,1
18,2018-08-26,2
19,2018-08-26,4
20,2018-08-26,3
21,2018-08-26,4
22,2018-08-26,3
23,2018-08-26,0
0,2018-08-27,4
1,2018-08-27,3
2,2018-08-27,3
3,2018-08-27,1
4,2018-08-27,4
5,2018-08-27,4
6,2018-08-27,1
7,2018-08-27,3
8,2018-08-27,2
9,2018-08-27,1
10,2018-08-27,4
11,2018-08-27,3
12,2018-08-27,4
13,2018-08-27,4
14,2018-08-27,3
15,2018-08-27,0
16,2018-08-27,3
17,2018-08-27,1
18,2018-08-27,2
19,2018-08-27,3
20,2018-08-27,0
21,2018-08-27,4
22,2018-08-27,4
23,2018-08-27,3
0,2018-08-28,3
1,2018-08-28,3
2,2018-08-28,3
3,2018-08-28,1
4,2018-08-28,4
5,2018-08-28,4
6,2018-08-28,1
7,2018-08-28,4
8,2018-08-28,2
9,2018-08-28,1
10,2018-08-28,4
11,2018-08-28,3
12,2018-08-28,3
13,2018-08-28,4
14,2018-08-28,3
15,2018-08-28,0
16,2018-08-28,3
17,2018-08-28,1
18,2018-08-28,2
19,2018-08-28,3
20,2018-08-28,0
21,2018-08-28,4
22,2018-08-28,4
23,2018-08-28,3
0,2018-08-29,4
1,2018-08-29,3
2,2018-08-29,3
3,2018-08-29,1
4,2018-08-29,1
5,2018-08-29,4
6,2018-08-29,1
7,2018-08-29,4
8,2018-08-29,3
9,2018-08-29,4
10,2018-08-29,1
11,2018-08-29,4
12,2018-08-29,4
13,2018-08-29,4
14,2018-08-29,2
15,2018-08-29,0
16,2018-08-29,3
17,2018-08-29,1
18,2018-08-29,2
19,2018-08-29,3
20,2018-08-29,4
21,2018-08-29,4
22,2018-08-29,3
23,2018-08-29,4
0,2018-08-30,4
1,2018-08-30,3
2,2018-08-30,4
3,2018-08-30,1
4,2018-08-30,1
5,2018-08-30,1
6,2018-08-30,1
7,2018-08-30,3
8,2018-08-30,3
9,2018-08-30,1
10,2018-08-30,1
11,2018-08-30,3
12,2018-08-30,4
13,2018-08-30,4
14,2018-08-30,2
15,2018-08-30,4
16,2018-08-30,3
17,2018-08-30,1
18,2018-08-30,2
19,2018-08-30,3
20,2018-08-30,4
21,2018-08-30,4
22,2018-08-30,4
23,2018-08-30,3
0,2018-08-31,3
1,2018-08-31,3
2,2018-08-31,4
3,2018-08-31,1
4,2018-08-31,1
5,2018-08-31,4
6,2018-08-31,1
7,2018-08-31,4
8,2018-08-31,3
9,2018-08-31,0
10,2018-08-31,4
11,2018-08-31,3
12,2018-08-31,4
13,2018-08-31,1
14,2018-08-31,2
15,2018-08-31,0
16,2018-08-31,3
17,2018-08-31,1
18,2018-08-31,2
19,2018-08-31,3
20,2018-08-31,4
21,2018-08-31,3
22,2018-08-31,4
23,2018-08-31,0
0,2018-09-01,1
1,2018-09-01,4
2,2018-09-01,4
3,2018-09-01,1
4,2018-09-01,2
5,2018-09-01,1
6,2018-09-01,2
7,2018-09-01,0
8,2018-09-01,3
9,2018-09-01,1
10,2018-09-01,0
11,2018-09-01,4
12,2018-09-01,4
13,2018-09-01,0
14,2018-09-01,0
15,2018-09-01,0
16,2018-09-01,3
17,2018-09-01,1
18,2018-09-01,2
19,2018-09-01,0
20,2018-09-01,3
21,2018-09-01,0
22,2018-09-01,3
23,2018-09-01,0
0,2018-09-02,4
1,2018-09-02,4
2,2018-09-02,3
3,2018-09-02,1
4,2018-09-02,2
5,2018-09-02,4
6,2018-09-02,2
7,2018-09-02,4
8,2018-09-02,3
9,2018-09-02,4
10,2018-09-02,0
11,2018-09-02,3
12,2018-09-02,4
13,2018-09-02,0
14,2018-09-02,0
15,2018-09-02,0
16,2018-09-02,3
17,2018-09-02,1
18,2018-09-02,2
19,2018-09-02,0
20,2018-09-02,0
21,2018-09-02,0
22,2018-09-02,0
23,2018-09-02,0
0,2018-09-03,4
1,2018-09-03,3
2,2018-09-03,3
3,2018-09-03,1
4,2018-09-03,1
5,2018-09-03,4
6,2018-09-03,1
7,2018-09-03,3
8,2018-09-03,3
9,2018-09-03,1
10,2018-09-03,4
11,2018-09-03,3
12,2018-09-03,3
13,2018-09-03,4
14,2018-09-03,3
15,2018-09-03,0
16,2018-09-03,3
17,2018-09-03,1
18,2018-09-03,2
19,2018-09-03,3
20,2018-09-03,4
21,2018-09-03,3
22,2018-09-03,3
23,2018-09-03,4
0,2018-09-04,3
1,2018-09-04,3
2,2018-09-04,2
3,2018-09-04,1
4,2018-09-04,1
5,2018-09-04,4
6,2018-09-04,1
7,2018-09-04,3
8,2018-09-04,2
9,2018-09-04,1
10,2018-09-04,4
11,2018-09-04,3
12,2018-09-04,3
13,2018-09-04,4
14,2018-09-04,4
15,2018-09-04,3
16,2018-09-04,3
17,2018-09-04,1
18,2018-09-04,2
19,2018-09-04,3
20,2018-09-04,0
21,2018-09-04,4
22,2018-09-04,1
23,2018-09-04,3
0,2018-09-05,3
1,2018-09-05,3
2,2018-09-05,2
3,2018-09-05,1
4,2018-09-05,1
5,2018-09-05,1
6,2018-09-05,1
7,2018-09-05,4
8,2018-09-05,3
9,2018-09-05,1
10,2018-09-05,4
11,2018-09-05,3
12,2018-09-05,3
13,2018-09-05,4
14,2018-09-05,2
15,2018-09-05,0
16,2018-09-05,3
17,2018-09-05,1
18,2018-09-05,2
19,2018-09-05,3
20,2018-09-05,0
21,2018-09-05,3
22,2018-09-05,3
23,2018-09-05,3
0,2018-09-06,3
1,2018-09-06,4
2,2018-09-06,4
3,2018-09-06,1
4,2018-09-06,1
5,2018-09-06,4
6,2018-09-06,1
7,2018-09-06,4
8,2018-09-06,3
9,2018-09-06,1
10,2018-09-06,1
11,2018-09-06,3
12,2018-09-06,4
13,2018-09-06,4
14,2018-09-06,2
15,2018-09-06,0
16,2018-09-06,3
17,2018-09-06,1
18,2018-09-06,2
19,2018-09-06,3
20,2018-09-06,3
21,2018-09-06,4
22,2018-09-06,4
23,2018-09-06,3
0,2018-09-07,3
1,2018-09-07,3
2,2018-09-07,2
3,2018-09-07,1
4,2018-09-07,1
5,2018-09-07,1
6,2018-09-07,1
7,2018-09-07,4
8,2018-09-07,2
9,2018-09-07,1
10,2018-09-07,4
11,2018-09-07,3
12,2018-09-07,4
13,2018-09-07,4
14,2018-09-07,2
15,2018-09-07,3
16,2018-09-07,3
17,2018-09-07,1
18,2018-09-07,2
19,2018-09-07,3
20,2018-09-07,0
21,2018-09-07,4
22,2018-09-07,4
23,2018-09-07,3
0,2018-09-08,4
1,2018-09-08,4
2,2018-09-08,3
3,2018-09-08,1
4,2018-09-08,0
5,2018-09-08,1
6,2018-09-08,2
7,2018-09-08,3
8,2018-09-08,2
9,2018-09-08,4
10,2018-09-08,0
11,2018-09-08,3
12,2018-09-08,4
13,2018-09-08,3
14,2018-09-08,2
15,2018-09-08,0
16,2018-09-08,3
17,2018-09-08,1
18,2018-09-08,2
19,2018-09-08,4
20,2018-09-08,3
21,2018-09-08,4
22,2018-09-08,2
23,2018-09-08,0
0,2018-09-09,4
1,2018-09-09,4
2,2018-09-09,3
3,2018-09-09,1
4,2018-09-09,0
5,2018-09-09,1
6,2018-09-09,2
7,2018-09-09,4
8,2018-09-09,2
9,2018-09-09,0
10,2018-09-09,0
11,2018-09-09,3
12,2018-09-09,4
13,2018-09-09,3
14,2018-09-09,0
15,2018-09-09,2
16,2018-09-09,3
17,2018-09-09,3
18,2018-09-09,2
19,2018-09-09,4
20,2018-09-09,3
21,2018-09-09,4
22,2018-09-09,0
23,2018-09-09,0
0,2018-09-10,3
1,2018-09-10,3
2,2018-09-10,3
3,2018-09-10,1
4,2018-09-10,1
5,2018-09-10,4
6,2018-09-10,1
7,2018-09-10,3
8,2018-09-10,2
9,2018-09-10,1
10,2018-09-10,4
11,2018-09-10,3
12,2018-09-10,3
13,2018-09-10,4
14,2018-09-10,3
15,2018-09-10,3
16,2018-09-10,3
17,2018-09-10,1
18,2018-09-10,2
19,2018-09-10,3
20,2018-09-10,0
21,2018-09-10,4
22,2018-09-10,4
23,2018-09-10,0
0,2018-09-11,3
1,2018-09-11,3
2,2018-09-11,2
3,2018-09-11,1
4,2018-09-11,1
5,2018-09-11,1
6,2018-09-11,1
7,2018-09-11,4
8,2018-09-11,2
9,2018-09-11,4
10,2018-09-11,4
11,2018-09-11,3
12,2018-09-11,3
13,2018-09-11,4
14,2018-09-11,2
15,2018-09-11,3
16,2018-09-11,3
17,2018-09-11,1
18,2018-09-11,2
19,2018-09-11,3
20,2018-09-11,0
21,2018-09-11,3
22,2018-09-11,3
23,2018-09-11,4
0,2018-09-12,3
1,2018-09-12,3
2,2018-09-12,2
3,2018-09-12,1
4,2018-09-12,4
5,2018-09-12,1
6,2018-09-12,1
7,2018-09-12,4
8,2018-09-12,2
9,2018-09-12,4
10,2018-09-12,4
11,2018-09-12,3
12,2018-09-12,3
13,2018-09-12,4
14,2018-09-12,2
15,2018-09-12,0
16,2018-09-12,3
17,2018-09-12,1
18,2018-09-12,2
19,2018-09-12,3
20,2018-09-12,3
21,2018-09-12,4
22,2018-09-12,4
23,2018-09-12,4
0,2018-09-13,1
1,2018-09-13,3
2,2018-09-13,2
3,2018-09-13,1
4,2018-09-13,1
5,2018-09-13,1
6,2018-09-13,1
7,2018-09-13,4
8,2018-09-13,3
9,2018-09-13,4
10,2018-09-13,4
11,2018-09-13,3
12,2018-09-13,3
13,2018-09-13,4
14,2018-09-13,2
15,2018-09-13,0
16,2018-09-13,3
17,2018-09-13,1
18,2018-09-13,2
19,2018-09-13,3
20,2018-09-13,3
21,2018-09-13,3
22,2018-09-13,4
23,2018-09-13,1
0,2018-09-14,3
1,2018-09-14,3
2,2018-09-14,1
3,2018-09-14,1
4,2018-09-14,1
5,2018-09-14,1
6,2018-09-14,1
7,2018-09-14,4
8,2018-09-14,2
9,2018-09-14,4
10,2018-09-14,4
11,2018-09-14,3
12,2018-09-14,3
13,2018-09-14,4
14,2018-09-14,2
15,2018-09-14,0
16,2018-09-14,3
17,2018-09-14,1
18,2018-09-14,2
19,2018-09-14,3
20,2018-09-14,3
21,2018-09-14,4
22,2018-09-14,3
23,2018-09-14,4
0,2018-09-15,3
1,2018-09-15,4
2,2018-09-15,3
3,2018-09-15,1
4,2018-09-15,0
5,2018-09-15,1
6,2018-09-15,2
7,2018-09-15,3
8,2018-09-15,2
9,2018-09-15,4
10,2018-09-15,4
11,2018-09-15,3
12,2018-09-15,4
13,2018-09-15,0
14,2018-09-15,2
15,2018-09-15,0
16,2018-09-15,3
17,2018-09-15,1
18,2018-09-15,2
19,2018-09-15,0
20,2018-09-15,3
21,2018-09-15,4
22,2018-09-15,0
23,2018-09-15,4
0,2018-09-16,4
1,2018-09-16,4
2,2018-09-16,2
3,2018-09-16,1
4,2018-09-16,0
5,2018-09-16,1
6,2018-09-16,2
7,2018-09-16,4
8,2018-09-16,3
9,2018-09-16,1
10,2018-09-16,0
11,2018-09-16,0
12,2018-09-16,4
13,2018-09-16,0
14,2018-09-16,0
15,2018-09-16,2
16,2018-09-16,3
17,2018-09-16,0
18,2018-09-16,2
19,2018-09-16,0
20,2018-09-16,3
21,2018-09-16,4
22,2018-09-16,3
23,2018-09-16,0
0,2018-09-17,4
1,2018-09-17,4
2,2018-09-17,3
3,2018-09-17,1
4,2018-09-17,4
5,2018-09-17,4
6,2018-09-17,1
7,2018-09-17,3
8,2018-09-17,2
9,2018-09-17,3
10,2018-09-17,0
11,2018-09-17,3
12,2018-09-17,3
13,2018-09-17,4
14,2018-09-17,3
15,2018-09-17,0
16,2018-09-17,3
17,2018-09-17,1
18,2018-09-17,2
19,2018-09-17,3
20,2018-09-17,0
21,2018-09-17,4
22,2018-09-17,3
23,2018-09-17,4
0,2018-09-18,4
1,2018-09-18,3
2,2018-09-18,3
3,2018-09-18,1
4,2018-09-18,1
5,2018-09-18,4
6,2018-09-18,1
7,2018-09-18,4
8,2018-09-18,2
9,2018-09-18,0
10,2018-09-18,3
11,2018-09-18,3
12,2018-09-18,3
13,2018-09-18,4
14,2018-09-18,2
15,2018-09-18,0
16,2018-09-18,3
17,2018-09-18,1
18,2018-09-18,2
19,2018-09-18,3
20,2018-09-18,1
21,2018-09-18,4
22,2018-09-18,3
23,2018-09-18,4
0,2018-09-19,3
1,2018-09-19,3
2,2018-09-19,2
3,2018-09-19,1
4,2018-09-19,1
5,2018-09-19,1
6,2018-09-19,1
7,2018-09-19,4
8,2018-09-19,2
9,2018-09-19,0
10,2018-09-19,4
11,2018-09-19,3
12,2018-09-19,4
13,2018-09-19,4
14,2018-09-19,2
15,2018-09-19,3
16,2018-09-19,3
17,2018-09-19,1
18,2018-09-19,2
19,2018-09-19,3
20,2018-09-19,1
21,2018-09-19,4
22,2018-09-19,3
23,2018-09-19,4
0,2018-09-20,3
1,2018-09-20,3
2,2018-09-20,2
3,2018-09-20,1
4,2018-09-20,1
5,2018-09-20,1
6,2018-09-20,1
7,2018-09-20,3
8,2018-09-20,2
9,2018-09-20,4
10,2018-09-20,4
11,2018-09-20,3
12,2018-09-20,3
13,2018-09-20,4
14,2018-09-20,2
15,2018-09-20,0
16,2018-09-20,3
17,2018-09-20,1
18,2018-09-20,2
19,2018-09-20,3
20,2018-09-20,1
21,2018-09-20,4
22,2018-09-20,4
23,2018-09-20,4
0,2018-09-21,4
1,2018-09-21,3
2,2018-09-21,1
3,2018-09-21,1
4,2018-09-21,1
5,2018-09-21,4
6,2018-09-21,1
7,2018-09-21,4
8,2018-09-21,3
9,2018-09-21,4
10,2018-09-21,4
11,2018-09-21,3
12,2018-09-21,4
13,2018-09-21,4
14,2018-09-21,2
15,2018-09-21,1
16,2018-09-21,3
17,2018-09-21,1
18,2018-09-21,2
19,2018-09-21,3
20,2018-09-21,4
21,2018-09-21,4
22,2018-09-21,3
23,2018-09-21,4
0,2018-09-22,4
1,2018-09-22,4
2,2018-09-22,1
3,2018-09-22,1
4,2018-09-22,2
5,2018-09-22,1
6,2018-09-22,2
7,2018-09-22,3
8,2018-09-22,3
9,2018-09-22,4
10,2018-09-22,1
11,2018-09-22,0
12,2018-09-22,4
13,2018-09-22,3
14,2018-09-22,0
15,2018-09-22,3
16,2018-09-22,3
17,2018-09-22,4
18,2018-09-22,2
19,2018-09-22,0
20,2018-09-22,3
21,2018-09-22,3
22,2018-09-22,0
23,2018-09-22,4
0,2018-09-23,4
1,2018-09-23,4
2,2018-09-23,3
3,2018-09-23,1
4,2018-09-23,0
5,2018-09-23,4
6,2018-09-23,2
7,2018-09-23,4
8,2018-09-23,3
9,2018-09-23,1
10,2018-09-23,0
11,2018-09-23,3
12,2018-09-23,4
13,2018-09-23,0
14,2018-09-23,0
15,2018-09-23,2
16,2018-09-23,3
17,2018-09-23,0
18,2018-09-23,2
19,2018-09-23,4
20,2018-09-23,0
21,2018-09-23,4
22,2018-09-23,0
23,2018-09-23,4
0,2018-09-24,3
1,2018-09-24,3
2,2018-09-24,2
3,2018-09-24,1
4,2018-09-24,1
5,2018-09-24,1
6,2018-09-24,1
7,2018-09-24,4
8,2018-09-24,2
9,2018-09-24,4
10,2018-09-24,4
11,2018-09-24,3
12,2018-09-24,3
13,2018-09-24,4
14,2018-09-24,2
15,2018-09-24,4
16,2018-09-24,3
17,2018-09-24,1
18,2018-09-24,2
19,2018-09-24,3
20,2018-09-24,1
21,2018-09-24,4
22,2018-09-24,3
23,2018-09-24,4
0,2018-09-25,3
1,2018-09-25,3
2,2018-09-25,2
3,2018-09-25,1
4,2018-09-25,4
5,2018-09-25,4
6,2018-09-25,1
7,2018-09-25,2
8,2018-09-25,2
9,2018-09-25,0
10,2018-09-25,4
11,2018-09-25,3
12,2018-09-25,3
13,2018-09-25,4
14,2018-09-25,3
15,2018-09-25,4
16,2018-09-25,3
17,2018-09-25,1
18,2018-09-25,2
19,2018-09-25,3
20,2018-09-25,4
21,2018-09-25,4
22,2018-09-25,4
23,2018-09-25,4
0,2018-09-26,3
1,2018-09-26,3
2,2018-09-26,2
3,2018-09-26,1
4,2018-09-26,4
5,2018-09-26,4
6,2018-09-26,1
7,2018-09-26,4
8,2018-09-26,2
9,2018-09-26,0
10,2018-09-26,4
11,2018-09-26,3
12,2018-09-26,3
13,2018-09-26,4
14,2018-09-26,3
15,2018-09-26,0
16,2018-09-26,3
17,2018-09-26,1
18,2018-09-26,2
19,2018-09-26,3
20,2018-09-26,0
21,2018-09-26,4
22,2018-09-26,1
23,2018-09-26,4
0,2018-09-27,3
1,2018-09-27,3
2,2018-09-27,2
3,2018-09-27,1
4,2018-09-27,1
5,2018-09-27,1
6,2018-09-27,1
7,2018-09-27,3
8,2018-09-27,2
9,2018-09-27,1
10,2018-09-27,4
11,2018-09-27,3
12,2018-09-27,3
13,2018-09-27,4
14,2018-09-27,2
15,2018-09-27,0
16,2018-09-27,3
17,2018-09-27,1
18,2018-09-27,2
19,2018-09-27,3
20,2018-09-27,1
21,2018-09-27,4
22,2018-09-27,4
23,2018-09-27,3
0,2018-09-28,4
1,2018-09-28,3
2,2018-09-28,2
3,2018-09-28,1
4,2018-09-28,1
5,2018-09-28,1
6,2018-09-28,1
7,2018-09-28,4
8,2018-09-28,2
9,2018-09-28,4
10,2018-09-28,0
11,2018-09-28,3
12,2018-09-28,3
13,2018-09-28,4
14,2018-09-28,3
15,2018-09-28,0
16,2018-09-28,3
17,2018-09-28,1
18,2018-09-28,2
19,2018-09-28,3
20,2018-09-28,1
21,2018-09-28,3
22,2018-09-28,1
23,2018-09-28,3
0,2018-09-29,3
1,2018-09-29,4
2,2018-09-29,3
3,2018-09-29,1
4,2018-09-29,4
5,2018-09-29,1
6,2018-09-29,2
7,2018-09-29,3
8,2018-09-29,3
9,2018-09-29,1
10,2018-09-29,2
11,2018-09-29,0
12,2018-09-29,4
13,2018-09-29,4
14,2018-09-29,0
15,2018-09-29,0
16,2018-09-29,3
17,2018-09-29,1
18,2018-09-29,2
19,2018-09-29,0
20,2018-09-29,0
21,2018-09-29,3
22,2018-09-29,3
23,2018-09-29,1
0,2018-09-30,3
1,2018-09-30,4
2,2018-09-30,3
3,2018-09-30,1
4,2018-09-30,0
5,2018-09-30,4
6,2018-09-30,2
7,2018-09-30,4
8,2018-09-30,3
9,2018-09-30,1
10,2018-09-30,1
11,2018-09-30,3
12,2018-09-30,4
13,2018-09-30,4
14,2018-09-30,0
15,2018-09-30,0
16,2018-09-30,0
17,2018-09-30,3
18,2018-09-30,2
19,2018-09-30,4
20,2018-09-30,4
21,2018-09-30,4
22,2018-09-30,0
23,2018-09-30,4
0,2018-10-01,3
1,2018-10-01,3
2,2018-10-01,3
3,2018-10-01,1
4,2018-10-01,1
5,2018-10-01,4
6,2018-10-01,1
7,2018-10-01,4
8,2018-10-01,3
9,2018-10-01,4
10,2018-10-01,4
11,2018-10-01,3
12,2018-10-01,3
13,2018-10-01,4
14,2018-10-01,3
15,2018-10-01,4
16,2018-10-01,3
17,2018-10-01,1
18,2018-10-01,2
19,2018-10-01,3
20,2018-10-01,1
21,2018-10-01,4
22,2018-10-01,4
23,2018-10-01,4
0,2018-10-02,3
1,2018-10-02,3
2,2018-10-02,2
3,2018-10-02,1
4,2018-10-02,4
5,2018-10-02,1
6,2018-10-02,1
7,2018-10-02,2
8,2018-10-02,2
9,2018-10-02,4
10,2018-10-02,4
11,2018-10-02,3
12,2018-10-02,3
13,2018-10-02,4
14,2018-10-02,3
15,2018-10-02,4
16,2018-10-02,3
17,2018-10-02,1
18,2018-10-02,2
19,2018-10-02,3
20,2018-10-02,4
21,2018-10-02,4
22,2018-10-02,4
23,2018-10-02,3
0,2018-10-03,3
1,2018-10-03,3
2,2018-10-03,2
3,2018-10-03,1
4,2018-10-03,4
5,2018-10-03,1
6,2018-10-03,1
7,2018-10-03,4
8,2018-10-03,3
9,2018-10-03,3
10,2018-10-03,4
11,2018-10-03,3
12,2018-10-03,4
13,2018-10-03,4
14,2018-10-03,3
15,2018-10-03,4
16,2018-10-03,3
17,2018-10-03,1
18,2018-10-03,2
19,2018-10-03,3
20,2018-10-03,0
21,2018-10-03,3
22,2018-10-03,3
23,2018-10-03,0
0,2018-10-04,3
1,2018-10-04,3
2,2018-10-04,2
3,2018-10-04,1
4,2018-10-04,1
5,2018-10-04,1
6,2018-10-04,1
7,2018-10-04,3
8,2018-10-04,2
9,2018-10-04,1
10,2018-10-04,4
11,2018-10-04,3
12,2018-10-04,3
13,2018-10-04,4
14,2018-10-04,3
15,2018-10-04,4
16,2018-10-04,3
17,2018-10-04,1
18,2018-10-04,2
19,2018-10-04,3
20,2018-10-04,1
21,2018-10-04,4
22,2018-10-04,4
23,2018-10-04,3
0,2018-10-05,3
1,2018-10-05,3
2,2018-10-05,2
3,2018-10-05,1
4,2018-10-05,1
5,2018-10-05,1
6,2018-10-05,1
7,2018-10-05,3
8,2018-10-05,2
9,2018-10-05,1
10,2018-10-05,4
11,2018-10-05,3
12,2018-10-05,4
13,2018-10-05,4
14,2018-10-05,3
15,2018-10-05,0
16,2018-10-05,3
17,2018-10-05,1
18,2018-10-05,2
19,2018-10-05,3
20,2018-10-05,0
21,2018-10-05,4
22,2018-10-05,3
23,2018-10-05,3
0,2018-10-06,3
1,2018-10-06,4
2,2018-10-06,3
3,2018-10-06,1
4,2018-10-06,2
5,2018-10-06,1
6,2018-10-06,2
7,2018-10-06,4
8,2018-10-06,3
9,2018-10-06,1
10,2018-10-06,0
11,2018-10-06,3
12,2018-10-06,4
13,2018-10-06,0
14,2018-10-06,0
15,2018-10-06,4
16,2018-10-06,3
17,2018-10-06,4
18,2018-10-06,2
19,2018-10-06,3
20,2018-10-06,2
21,2018-10-06,0
22,2018-10-06,3
23,2018-10-06,3
0,2018-10-07,3
1,2018-10-07,4
2,2018-10-07,3
3,2018-10-07,1
4,2018-10-07,2
5,2018-10-07,4
6,2018-10-07,3
7,2018-10-07,4
8,2018-10-07,0
9,2018-10-07,4
10,2018-10-07,0
11,2018-10-07,4
12,2018-10-07,4
13,2018-10-07,0
14,2018-10-07,4
15,2018-10-07,0
16,2018-10-07,4
17,2018-10-07,0
18,2018-10-07,0
19,2018-10-07,4
20,2018-10-07,3
21,2018-10-07,4
22,2018-10-07,0
23,2018-10-07,0
0,2018-10-08,3
1,2018-10-08,4
2,2018-10-08,2
3,2018-10-08,1
4,2018-10-08,1
5,2018-10-08,1
6,2018-10-08,1
7,2018-10-08,3
8,2018-10-08,3
9,2018-10-08,1
10,2018-10-08,4
11,2018-10-08,3
12,2018-10-08,3
13,2018-10-08,4
14,2018-10-08,3
15,2018-10-08,0
16,2018-10-08,3
17,2018-10-08,1
18,2018-10-08,2
19,2018-10-08,3
20,2018-10-08,0
21,2018-10-08,4
22,2018-10-08,3
23,2018-10-08,4
0,2018-10-09,3
1,2018-10-09,3
2,2018-10-09,2
3,2018-10-09,1
4,2018-10-09,1
5,2018-10-09,4
6,2018-10-09,1
7,2018-10-09,4
8,2018-10-09,3
9,2018-10-09,1
10,2018-10-09,4
11,2018-10-09,3
12,2018-10-09,3
13,2018-10-09,4
14,2018-10-09,3
15,2018-10-09,0
16,2018-10-09,3
17,2018-10-09,1
18,2018-10-09,2
19,2018-10-09,3
20,2018-10-09,0
21,2018-10-09,4
22,2018-10-09,4
23,2018-10-09,3
0,2018-10-10,3
1,2018-10-10,3
2,2018-10-10,2
3,2018-10-10,1
4,2018-10-10,1
5,2018-10-10,4
6,2018-10-10,1
7,2018-10-10,3
8,2018-10-10,3
9,2018-10-10,1
10,2018-10-10,4
11,2018-10-10,3
12,2018-10-10,4
13,2018-10-10,4
14,2018-10-10,3
15,2018-10-10,4
16,2018-10-10,3
17,2018-10-10,1
18,2018-10-10,2
19,2018-10-10,3
20,2018-10-10,0
21,2018-10-10,3
22,2018-10-10,4
23,2018-10-10,3
0,2018-10-11,3
1,2018-10-11,3
2,2018-10-11,2
3,2018-10-11,1
4,2018-10-11,1
5,2018-10-11,1
6,2018-10-11,1
7,2018-10-11,4
8,2018-10-11,3
9,2018-10-11,1
10,2018-10-11,4
11,2018-10-11,3
12,2018-10-11,4
13,2018-10-11,4
14,2018-10-11,3
15,2018-10-11,4
16,2018-10-11,3
17,2018-10-11,1
18,2018-10-11,2
19,2018-10-11,3
20,2018-10-11,0
21,2018-10-11,3
22,2018-10-11,3
23,2018-10-11,3
0,2018-10-12,3
1,2018-10-12,3
2,2018-10-12,2
3,2018-10-12,1
4,2018-10-12,1
5,2018-10-12,1
6,2018-10-12,1
7,2018-10-12,3
8,2018-10-12,2
9,2018-10-12,1
10,2018-10-12,4
11,2018-10-12,3
12,2018-10-12,4
13,2018-10-12,4
14,2018-10-12,3
15,2018-10-12,0
16,2018-10-12,3
17,2018-10-12,1
18,2018-10-12,2
19,2018-10-12,3
20,2018-10-12,0
21,2018-10-12,4
22,2018-10-12,4
23,2018-10-12,3
0,2018-10-13,3
1,2018-10-13,4
2,2018-10-13,2
3,2018-10-13,1
4,2018-10-13,2
5,2018-10-13,1
6,2018-10-13,2
7,2018-10-13,4
8,2018-10-13,2
9,2018-10-13,4
10,2018-10-13,0
11,2018-10-13,3
12,2018-10-13,4
13,2018-10-13,0
14,2018-10-13,0
15,2018-10-13,0
16,2018-10-13,3
17,2018-10-13,1
18,2018-10-13,2
19,2018-10-13,0
20,2018-10-13,2
21,2018-10-13,4
22,2018-10-13,3
23,2018-10-13,1
0,2018-10-14,3
1,2018-10-14,4
2,2018-10-14,2
3,2018-10-14,1
4,2018-10-14,2
5,2018-10-14,4
6,2018-10-14,3
7,2018-10-14,3
8,2018-10-14,3
9,2018-10-14,0
10,2018-10-14,0
11,2018-10-14,0
12,2018-10-14,4
13,2018-10-14,3
14,2018-10-14,0
15,2018-10-14,0
16,2018-10-14,3
17,2018-10-14,0
18,2018-10-14,2
19,2018-10-14,4
20,2018-10-14,0
21,2018-10-14,4
22,2018-10-14,3
23,2018-10-14,3
0,2018-10-15,3
1,2018-10-15,3
2,2018-10-15,3
3,2018-10-15,1
4,2018-10-15,1
5,2018-10-15,4
6,2018-10-15,1
7,2018-10-15,4
8,2018-10-15,2
9,2018-10-15,1
10,2018-10-15,4
11,2018-10-15,3
12,2018-10-15,4
13,2018-10-15,4
14,2018-10-15,3
15,2018-10-15,4
16,2018-10-15,3
17,2018-10-15,1
18,2018-10-15,2
19,2018-10-15,3
20,2018-10-15,0
21,2018-10-15,3
22,2018-10-15,3
23,2018-10-15,3
0,2018-10-16,3
1,2018-10-16,3
2,2018-10-16,2
3,2018-10-16,1
4,2018-10-16,1
5,2018-10-16,4
6,2018-10-16,1
7,2018-10-16,3
8,2018-10-16,2
9,2018-10-16,1
10,2018-10-16,4
11,2018-10-16,3
12,2018-10-16,3
13,2018-10-16,4
14,2018-10-16,3
15,2018-10-16,4
16,2018-10-16,3
17,2018-10-16,1
18,2018-10-16,2
19,2018-10-16,3
20,2018-10-16,3
21,2018-10-16,4
22,2018-10-16,3
23,2018-10-16,2
0,2018-10-17,3
1,2018-10-17,3
2,2018-10-17,2
3,2018-10-17,1
4,2018-10-17,1
5,2018-10-17,1
6,2018-10-17,1
7,2018-10-17,4
8,2018-10-17,3
9,2018-10-17,1
10,2018-10-17,1
11,2018-10-17,3
12,2018-10-17,4
13,2018-10-17,4
14,2018-10-17,3
15,2018-10-17,0
16,2018-10-17,3
17,2018-10-17,1
18,2018-10-17,2
19,2018-10-17,3
20,2018-10-17,0
21,2018-10-17,4
22,2018-10-17,3
23,2018-10-17,1
0,2018-10-18,3
1,2018-10-18,3
2,2018-10-18,2
3,2018-10-18,1
4,2018-10-18,1
5,2018-10-18,1
6,2018-10-18,1
7,2018-10-18,2
8,2018-10-18,3
9,2018-10-18,1
10,2018-10-18,4
11,2018-10-18,3
12,2018-10-18,4
13,2018-10-18,4
14,2018-10-18,3
15,2018-10-18,0
16,2018-10-18,3
17,2018-10-18,1
18,2018-10-18,2
19,2018-10-18,3
20,2018-10-18,0
21,2018-10-18,3
22,2018-10-18,4
23,2018-10-18,1
0,2018-10-19,3
1,2018-10-19,3
2,2018-10-19,2
3,2018-10-19,1
4,2018-10-19,1
5,2018-10-19,1
6,2018-10-19,1
7,2018-10-19,4
8,2018-10-19,3
9,2018-10-19,1
10,2018-10-19,1
11,2018-10-19,3
12,2018-10-19,3
13,2018-10-19,1
14,2018-10-19,3
15,2018-10-19,0
16,2018-10-19,3
17,2018-10-19,1
18,2018-10-19,2
19,2018-10-19,3
20,2018-10-19,0
21,2018-10-19,4
22,2018-10-19,3
23,2018-10-19,1
0,2018-10-20,3
1,2018-10-20,4
2,2018-10-20,3
3,2018-10-20,1
4,2018-10-20,2
5,2018-10-20,1
6,2018-10-20,2
7,2018-10-20,3
8,2018-10-20,2
9,2018-10-20,4
10,2018-10-20,0
11,2018-10-20,4
12,2018-10-20,4
13,2018-10-20,3
14,2018-10-20,0
15,2018-10-20,0
16,2018-10-20,3
17,2018-10-20,1
18,2018-10-20,2
19,2018-10-20,0
20,2018-10-20,0
21,2018-10-20,4
22,2018-10-20,3
23,2018-10-20,3
0,2018-10-21,3
1,2018-10-21,4
2,2018-10-21,2
3,2018-10-21,1
4,2018-10-21,2
5,2018-10-21,4
6,2018-10-21,2
7,2018-10-21,3
8,2018-10-21,3
9,2018-10-21,4
10,2018-10-21,0
11,2018-10-21,3
12,2018-10-21,4
13,2018-10-21,0
14,2018-10-21,0
15,2018-10-21,3
16,2018-10-21,3
17,2018-10-21,2
18,2018-10-21,2
19,2018-10-21,0
20,2018-10-21,0
21,2018-10-21,3
22,2018-10-21,3
23,2018-10-21,2
0,2018-10-22,3
1,2018-10-22,3
2,2018-10-22,2
3,2018-10-22,1
4,2018-10-22,4
5,2018-10-22,4
6,2018-10-22,1
7,2018-10-22,2
8,2018-10-22,2
9,2018-10-22,1
10,2018-10-22,4
11,2018-10-22,3
12,2018-10-22,3
13,2018-10-22,4
14,2018-10-22,3
15,2018-10-22,4
16,2018-10-22,3
17,2018-10-22,2
18,2018-10-22,2
19,2018-10-22,3
20,2018-10-22,0
21,2018-10-22,3
22,2018-10-22,3
23,2018-10-22,1
0,2018-10-23,3
1,2018-10-23,3
2,2018-10-23,2
3,2018-10-23,1
4,2018-10-23,4
5,2018-10-23,4
6,2018-10-23,1
7,2018-10-23,3
8,2018-10-23,3
9,2018-10-23,1
10,2018-10-23,4
11,2018-10-23,3
12,2018-10-23,3
13,2018-10-23,4
14,2018-10-23,3
15,2018-10-23,4
16,2018-10-23,3
17,2018-10-23,2
18,2018-10-23,2
19,2018-10-23,3
20,2018-10-23,0
21,2018-10-23,3
22,2018-10-23,3
23,2018-10-23,3
0,2018-10-24,3
1,2018-10-24,3
2,2018-10-24,3
3,2018-10-24,1
4,2018-10-24,4
5,2018-10-24,4
6,2018-10-24,1
7,2018-10-24,4
8,2018-10-24,2
9,2018-10-24,1
10,2018-10-24,3
11,2018-10-24,3
12,2018-10-24,3
13,2018-10-24,4
14,2018-10-24,3
15,2018-10-24,0
16,2018-10-24,3
17,2018-10-24,2
18,2018-10-24,2
19,2018-10-24,3
20,2018-10-24,4
21,2018-10-24,4
22,2018-10-24,3
23,2018-10-24,1
0,2018-10-25,3
1,2018-10-25,3
2,2018-10-25,2
3,2018-10-25,1
4,2018-10-25,1
5,2018-10-25,4
6,2018-10-25,1
7,2018-10-25,4
8,2018-10-25,2
9,2018-10-25,1
10,2018-10-25,4
11,2018-10-25,3
12,2018-10-25,4
13,2018-10-25,4
14,2018-10-25,3
15,2018-10-25,4
16,2018-10-25,3
17,2018-10-25,1
18,2018-10-25,2
19,2018-10-25,3
20,2018-10-25,2
21,2018-10-25,3
22,2018-10-25,3
23,2018-10-25,2
0,2018-10-26,3
1,2018-10-26,3
2,2018-10-26,3
3,2018-10-26,1
4,2018-10-26,4
5,2018-10-26,1
6,2018-10-26,1
7,2018-10-26,3
8,2018-10-26,3
9,2018-10-26,1
10,2018-10-26,4
11,2018-10-26,3
12,2018-10-26,4
13,2018-10-26,4
14,2018-10-26,3
15,2018-10-26,0
16,2018-10-26,3
17,2018-10-26,1
18,2018-10-26,2
19,2018-10-26,3
20,2018-10-26,0
21,2018-10-26,3
22,2018-10-26,4
23,2018-10-26,1
0,2018-10-27,3
1,2018-10-27,4
2,2018-10-27,0
3,2018-10-27,1
4,2018-10-27,2
5,2018-10-27,4
6,2018-10-27,3
7,2018-10-27,0
8,2018-10-27,0
9,2018-10-27,4
10,2018-10-27,0
11,2018-10-27,4
12,2018-10-27,4
13,2018-10-27,0
14,2018-10-27,0
15,2018-10-27,0
16,2018-10-27,0
17,2018-10-27,1
18,2018-10-27,2
19,2018-10-27,0
20,2018-10-27,0
21,2018-10-27,4
22,2018-10-27,3
23,2018-10-27,0
0,2018-10-28,3
1,2018-10-28,4
2,2018-10-28,3
3,2018-10-28,1
4,2018-10-28,2
5,2018-10-28,4
6,2018-10-28,3
7,2018-10-28,4
8,2018-10-28,0
9,2018-10-28,0
10,2018-10-28,0
11,2018-10-28,0
12,2018-10-28,4
13,2018-10-28,3
14,2018-10-28,0
15,2018-10-28,0
16,2018-10-28,0
17,2018-10-28,0
18,2018-10-28,2
19,2018-10-28,4
20,2018-10-28,2
21,2018-10-28,4
22,2018-10-28,0
23,2018-10-28,3
0,2018-10-29,3
1,2018-10-29,3
2,2018-10-29,3
3,2018-10-29,1
4,2018-10-29,4
5,2018-10-29,4
6,2018-10-29,1
7,2018-10-29,3
8,2018-10-29,0
9,2018-10-29,1
10,2018-10-29,4
11,2018-10-29,3
12,2018-10-29,3
13,2018-10-29,4
14,2018-10-29,3
15,2018-10-29,4
16,2018-10-29,3
17,2018-10-29,4
18,2018-10-29,2
19,2018-10-29,3
20,2018-10-29,3
21,2018-10-29,0
22,2018-10-29,4
23,2018-10-29,3
0,2018-10-30,3
1,2018-10-30,3
2,2018-10-30,3
3,2018-10-30,1
4,2018-10-30,4
5,2018-10-30,4
6,2018-10-30,1
7,2018-10-30,3
8,2018-10-30,3
9,2018-10-30,1
10,2018-10-30,4
11,2018-10-30,3
12,2018-10-30,3
13,2018-10-30,4
14,2018-10-30,3
15,2018-10-30,4
16,2018-10-30,0
17,2018-10-30,4
18,2018-10-30,2
19,2018-10-30,3
20,2018-10-30,3
21,2018-10-30,4
22,2018-10-30,4
23,2018-10-30,2
0,2018-10-31,3
1,2018-10-31,3
2,2018-10-31,3
3,2018-10-31,1
4,2018-10-31,4
5,2018-10-31,4
6,2018-10-31,1
7,2018-10-31,3
8,2018-10-31,3
9,2018-10-31,1
10,2018-10-31,4
11,2018-10-31,3
12,2018-10-31,3
13,2018-10-31,4
14,2018-10-31,3
15,2018-10-31,0
16,2018-10-31,3
17,2018-10-31,1
18,2018-10-31,2
19,2018-10-31,3
20,2018-10-31,0
21,2018-10-31,0
22,2018-10-31,4
23,2018-10-31,2
0,2018-11-01,3
1,2018-11-01,3
2,2018-11-01,3
3,2018-11-01,1
4,2018-11-01,4
5,2018-11-01,4
6,2018-11-01,1
7,2018-11-01,3
8,2018-11-01,3
9,2018-11-01,1
10,2018-11-01,4
11,2018-11-01,3
12,2018-11-01,3
13,2018-11-01,4
14,2018-11-01,3
15,2018-11-01,0
16,2018-11-01,3
17,2018-11-01,4
18,2018-11-01,2
19,2018-11-01,3
20,2018-11-01,0
21,2018-11-01,4
22,2018-11-01,3
23,2018-11-01,2
0,2018-11-02,3
1,2018-11-02,3
2,2018-11-02,3
3,2018-11-02,1
4,2018-11-02,4
5,2018-11-02,4
6,2018-11-02,1
7,2018-11-02,0
8,2018-11-02,3
9,2018-11-02,1
10,2018-11-02,4
11,2018-11-02,3
12,2018-11-02,3
13,2018-11-02,4
14,2018-11-02,3
15,2018-11-02,0
16,2018-11-02,0
17,2018-11-02,1
18,2018-11-02,2
19,2018-11-02,3
20,2018-11-02,0
21,2018-11-02,4
22,2018-11-02,4
23,2018-11-02,2
0,2018-11-03,3
1,2018-11-03,0
2,2018-11-03,3
3,2018-11-03,1
4,2018-11-03,4
5,2018-11-03,4
6,2018-11-03,2
7,2018-11-03,3
8,2018-11-03,0
9,2018-11-03,4
10,2018-11-03,0
11,2018-11-03,0
12,2018-11-03,0
13,2018-11-03,3
14,2018-11-03,0
15,2018-11-03,0
16,2018-11-03,0
17,2018-11-03,4
18,2018-11-03,2
19,2018-11-03,0
20,2018-11-03,2
21,2018-11-03,0
22,2018-11-03,3
23,2018-11-03,0
0,2018-11-04,3
1,2018-11-04,0
2,2018-11-04,0
3,2018-11-04,1
4,2018-11-04,0
5,2018-11-04,4
6,2018-11-04,2
7,2018-11-04,3
8,2018-11-04,3
9,2018-11-04,0
10,2018-11-04,0
11,2018-11-04,0
12,2018-11-04,0
13,2018-11-04,0
14,2018-11-04,0
15,2018-11-04,0
16,2018-11-04,0
17,2018-11-04,0
18,2018-11-04,2
19,2018-11-04,0
20,2018-11-04,2
21,2018-11-04,0
22,2018-11-04,0
23,2018-11-04,0
0,2018-11-05,3
1,2018-11-05,3
2,2018-11-05,3
3,2018-11-05,1
4,2018-11-05,4
5,2018-11-05,4
6,2018-11-05,1
7,2018-11-05,3
8,2018-11-05,3
9,2018-11-05,1
10,2018-11-05,4
11,2018-11-05,3
12,2018-11-05,3
13,2018-11-05,4
14,2018-11-05,3
15,2018-11-05,0
16,2018-11-05,3
17,2018-11-05,1
18,2018-11-05,2
19,2018-11-05,3
20,2018-11-05,0
21,2018-11-05,3
22,2018-11-05,4
23,2018-11-05,0
0,2018-11-06,3
1,2018-11-06,3
2,2018-11-06,2
3,2018-11-06,1
4,2018-11-06,4
5,2018-11-06,4
6,2018-11-06,1
7,2018-11-06,3
8,2018-11-06,3
9,2018-11-06,1
10,2018-11-06,4
11,2018-11-06,3
12,2018-11-06,3
13,2018-11-06,4
14,2018-11-06,3
15,2018-11-06,0
16,2018-11-06,3
17,2018-11-06,4
18,2018-11-06,2
19,2018-11-06,3
20,2018-11-06,0
21,2018-11-06,3
22,2018-11-06,4
23,2018-11-06,0
0,2018-11-07,3
1,2018-11-07,3
2,2018-11-07,3
3,2018-11-07,1
4,2018-11-07,4
5,2018-11-07,4
6,2018-11-07,1
7,2018-11-07,3
8,2018-11-07,3
9,2018-11-07,1
10,2018-11-07,4
11,2018-11-07,3
12,2018-11-07,3
13,2018-11-07,4
14,2018-11-07,3
15,2018-11-07,0
16,2018-11-07,0
17,2018-11-07,1
18,2018-11-07,2
19,2018-11-07,3
20,2018-11-07,2
21,2018-11-07,0
22,2018-11-07,4
23,2018-11-07,0
0,2018-11-08,3
1,2018-11-08,3
2,2018-11-08,2
3,2018-11-08,1
4,2018-11-08,4
5,2018-11-08,4
6,2018-11-08,1
7,2018-11-08,3
8,2018-11-08,3
9,2018-11-08,1
10,2018-11-08,4
11,2018-11-08,3
12,2018-11-08,3
13,2018-11-08,4
14,2018-11-08,2
15,2018-11-08,0
16,2018-11-08,3
17,2018-11-08,1
18,2018-11-08,2
19,2018-11-08,3
20,2018-11-08,4
21,2018-11-08,0
22,2018-11-08,4
23,2018-11-08,2
0,2018-11-09,3
1,2018-11-09,3
2,2018-11-09,2
3,2018-11-09,1
4,2018-11-09,4
5,2018-11-09,4
6,2018-11-09,1
7,2018-11-09,3
8,2018-11-09,2
9,2018-11-09,1
10,2018-11-09,4
11,2018-11-09,3
12,2018-11-09,3
13,2018-11-09,4
14,2018-11-09,3
15,2018-11-09,0
16,2018-11-09,3
17,2018-11-09,1
18,2018-11-09,2
19,2018-11-09,3
20,2018-11-09,0
21,2018-11-09,3
22,2018-11-09,0
23,2018-11-09,2
0,2018-11-10,0
1,2018-11-10,0
2,2018-11-10,0
3,2018-11-10,1
4,2018-11-10,2
5,2018-11-10,4
6,2018-11-10,0
7,2018-11-10,3
8,2018-11-10,0
9,2018-11-10,0
10,2018-11-10,0
11,2018-11-10,0
12,2018-11-10,0
13,2018-11-10,0
14,2018-11-10,0
15,2018-11-10,0
16,2018-11-10,0
17,2018-11-10,4
18,2018-11-10,2
19,2018-11-10,0
20,2018-11-10,2
21,2018-11-10,4
22,2018-11-10,0
23,2018-11-10,0
0,2018-11-11,3
1,2018-11-11,0
2,2018-11-11,3
3,2018-11-11,1
4,2018-11-11,0
5,2018-11-11,4
6,2018-11-11,2
7,2018-11-11,0
8,2018-11-11,3
9,2018-11-11,0
10,2018-11-11,3
11,2018-11-11,3
12,2018-11-11,0
13,2018-11-11,0
14,2018-11-11,0
15,2018-11-11,0
16,2018-11-11,0
17,2018-11-11,0
18,2018-11-11,2
19,2018-11-11,0
20,2018-11-11,2
21,2018-11-11,0
22,2018-11-11,0
23,2018-11-11,2
0,2018-11-12,3
1,2018-11-12,3
2,2018-11-12,3
3,2018-11-12,1
4,2018-11-12,4
5,2018-11-12,4
6,2018-11-12,1
7,2018-11-12,3
8,2018-11-12,3
9,2018-11-12,1
10,2018-11-12,4
11,2018-11-12,3
12,2018-11-12,3
13,2018-11-12,4
14,2018-11-12,3
15,2018-11-12,0
16,2018-11-12,3
17,2018-11-12,4
18,2018-11-12,2
19,2018-11-12,3
20,2018-11-12,0
21,2018-11-12,0
22,2018-11-12,4
23,2018-11-12,2
0,2018-11-13,3
1,2018-11-13,3
2,2018-11-13,3
3,2018-11-13,1
4,2018-11-13,4
5,2018-11-13,4
6,2018-11-13,1
7,2018-11-13,3
8,2018-11-13,3
9,2018-11-13,4
10,2018-11-13,4
11,2018-11-13,3
12,2018-11-13,3
13,2018-11-13,4
14,2018-11-13,3
15,2018-11-13,0
16,2018-11-13,0
17,2018-11-13,4
18,2018-11-13,2
19,2018-11-13,3
20,2018-11-13,0
21,2018-11-13,3
22,2018-11-13,4
23,2018-11-13,0
0,2018-11-14,3
1,2018-11-14,3
2,2018-11-14,3
3,2018-11-14,1
4,2018-11-14,4
5,2018-11-14,4
6,2018-11-14,1
7,2018-11-14,3
8,2018-11-14,3
9,2018-11-14,1
10,2018-11-14,4
11,2018-11-14,3
12,2018-11-14,3
13,2018-11-14,4
14,2018-11-14,3
15,2018-11-14,0
16,2018-11-14,0
17,2018-11-14,1
18,2018-11-14,2
19,2018-11-14,3
20,2018-11-14,1
21,2018-11-14,4
22,2018-11-14,4
23,2018-11-14,0
0,2018-11-15,3
1,2018-11-15,0
2,2018-11-15,3
3,2018-11-15,1
4,2018-11-15,4
5,2018-11-15,4
6,2018-11-15,1
7,2018-11-15,2
8,2018-11-15,3
9,2018-11-15,1
10,2018-11-15,4
11,2018-11-15,3
12,2018-11-15,3
13,2018-11-15,4
14,2018-11-15,3
15,2018-11-15,0
16,2018-11-15,0
17,2018-11-15,1
18,2018-11-15,2
19,2018-11-15,0
20,2018-11-15,0
21,2018-11-15,3
22,2018-11-15,4
23,2018-11-15,2
0,2018-11-16,3
1,2018-11-16,0
2,2018-11-16,3
3,2018-11-16,1
4,2018-11-16,4
5,2018-11-16,4
6,2018-11-16,1
7,2018-11-16,3
8,2018-11-16,3
9,2018-11-16,1
10,2018-11-16,4
11,2018-11-16,3
12,2018-11-16,0
13,2018-11-16,4
14,2018-11-16,3
15,2018-11-16,0
16,2018-11-16,0
17,2018-11-16,1
18,2018-11-16,2
19,2018-11-16,0
20,2018-11-16,0
21,2018-11-16,4
22,2018-11-16,4
23,2018-11-16,0
0,2018-11-17,3
1,2018-11-17,0
2,2018-11-17,0
3,2018-11-17,1
4,2018-11-17,1
5,2018-11-17,4
6,2018-11-17,2
7,2018-11-17,3
8,2018-11-17,0
9,2018-11-17,0
10,2018-11-17,0
11,2018-11-17,0
12,2018-11-17,0
13,2018-11-17,0
14,2018-11-17,0
15,2018-11-17,0
16,2018-11-17,0
17,2018-11-17,4
18,2018-11-17,2
19,2018-11-17,0
20,2018-11-17,2
21,2018-11-17,0
22,2018-11-17,0
23,2018-11-17,0
0,2018-11-18,0
1,2018-11-18,0
2,2018-11-18,3
3,2018-11-18,1
4,2018-11-18,2
5,2018-11-18,4
6,2018-11-18,3
7,2018-11-18,3
8,2018-11-18,0
9,2018-11-18,2
10,2018-11-18,2
11,2018-11-18,0
12,2018-11-18,0
13,2018-11-18,0
14,2018-11-18,0
15,2018-11-18,0
16,2018-11-18,0
17,2018-11-18,0
18,2018-11-18,2
19,2018-11-18,0
20,2018-11-18,2
21,2018-11-18,0
22,2018-11-18,0
23,2018-11-18,0
0,2018-11-19,3
1,2018-11-19,3
2,2018-11-19,4
3,2018-11-19,1
4,2018-11-19,4
5,2018-11-19,4
6,2018-11-19,1
7,2018-11-19,3
8,2018-11-19,0
9,2018-11-19,1
10,2018-11-19,4
11,2018-11-19,3
12,2018-11-19,0
13,2018-11-19,4
14,2018-11-19,3
15,2018-11-19,4
16,2018-11-19,0
17,2018-11-19,4
18,2018-11-19,2
19,2018-11-19,0
20,2018-11-19,2
21,2018-11-19,0
22,2018-11-19,4
23,2018-11-19,0
0,2018-11-20,3
1,2018-11-20,3
2,2018-11-20,3
3,2018-11-20,1
4,2018-11-20,4
5,2018-11-20,4
6,2018-11-20,1
7,2018-11-20,3
8,2018-11-20,3
9,2018-11-20,1
10,2018-11-20,4
11,2018-11-20,3
12,2018-11-20,3
13,2018-11-20,4
14,2018-11-20,3
15,2018-11-20,0
16,2018-11-20,3
17,2018-11-20,1
18,2018-11-20,2
19,2018-11-20,3
20,2018-11-20,2
21,2018-11-20,3
22,2018-11-20,4
23,2018-11-20,0
0,2018-11-21,3
1,2018-11-21,3
2,2018-11-21,3
3,2018-11-21,1
4,2018-11-21,4
5,2018-11-21,4
6,2018-11-21,1
7,2018-11-21,3
8,2018-11-21,3
9,2018-11-21,1
10,2018-11-21,4
11,2018-11-21,3
12,2018-11-21,3
13,2018-11-21,4
14,2018-11-21,3
15,2018-11-21,0
16,2018-11-21,0
17,2018-11-21,1
18,2018-11-21,2
19,2018-11-21,0
20,2018-11-21,2
21,2018-11-21,0
22,2018-11-21,4
23,2018-11-21,0
0,2018-11-22,3
1,2018-11-22,3
2,2018-11-22,3
3,2018-11-22,1
4,2018-11-22,4
5,2018-11-22,4
6,2018-11-22,1
7,2018-11-22,3
8,2018-11-22,3
9,2018-11-22,1
10,2018-11-22,4
11,2018-11-22,3
12,2018-11-22,3
13,2018-11-22,4
14,2018-11-22,3
15,2018-11-22,0
16,2018-11-22,0
17,2018-11-22,1
18,2018-11-22,2
19,2018-11-22,3
20,2018-11-22,0
21,2018-11-22,3
22,2018-11-22,4
23,2018-11-22,0
0,2018-11-23,3
1,2018-11-23,3
2,2018-11-23,3
3,2018-11-23,1
4,2018-11-23,4
5,2018-11-23,4
6,2018-11-23,1
7,2018-11-23,3
8,2018-11-23,0
9,2018-11-23,1
10,2018-11-23,4
11,2018-11-23,3
12,2018-11-23,3
13,2018-11-23,4
14,2018-11-23,0
15,2018-11-23,4
16,2018-11-23,0
17,2018-11-23,1
18,2018-11-23,2
19,2018-11-23,0
20,2018-11-23,0
21,2018-11-23,0
22,2018-11-23,4
23,2018-11-23,0
0,2018-11-24,3
1,2018-11-24,4
2,2018-11-24,2
3,2018-11-24,1
4,2018-11-24,3
5,2018-11-24,4
6,2018-11-24,1
7,2018-11-24,3
8,2018-11-24,2
9,2018-11-24,4
10,2018-11-24,4
11,2018-11-24,3
12,2018-11-24,0
13,2018-11-24,3
14,2018-11-24,3
15,2018-11-24,0
16,2018-11-24,3
17,2018-11-24,4
18,2018-11-24,2
19,2018-11-24,0
20,2018-11-24,2
21,2018-11-24,0
22,2018-11-24,0
23,2018-11-24,0
0,2018-11-25,3
1,2018-11-25,4
2,2018-11-25,0
3,2018-11-25,1
4,2018-11-25,2
5,2018-11-25,4
6,2018-11-25,0
7,2018-11-25,3
8,2018-11-25,0
9,2018-11-25,2
10,2018-11-25,0
11,2018-11-25,0
12,2018-11-25,0
13,2018-11-25,0
14,2018-11-25,0
15,2018-11-25,0
16,2018-11-25,0
17,2018-11-25,0
18,2018-11-25,2
19,2018-11-25,0
20,2018-11-25,2
21,2018-11-25,0
22,2018-11-25,0
23,2018-11-25,0
0,2018-11-26,3
1,2018-11-26,3
2,2018-11-26,3
3,2018-11-26,1
4,2018-11-26,4
5,2018-11-26,4
6,2018-11-26,1
7,2018-11-26,3
8,2018-11-26,3
9,2018-11-26,1
10,2018-11-26,4
11,2018-11-26,3
12,2018-11-26,3
13,2018-11-26,4
14,2018-11-26,3
15,2018-11-26,4
16,2018-11-26,0
17,2018-11-26,4
18,2018-11-26,2
19,2018-11-26,3
20,2018-11-26,0
21,2018-11-26,0
22,2018-11-26,4
23,2018-11-26,0
0,2018-11-27,3
1,2018-11-27,3
2,2018-11-27,3
3,2018-11-27,1
4,2018-11-27,4
5,2018-11-27,4
6,2018-11-27,1
7,2018-11-27,3
8,2018-11-27,3
9,2018-11-27,1
10,2018-11-27,4
11,2018-11-27,3
12,2018-11-27,3
13,2018-11-27,4
14,2018-11-27,3
15,2018-11-27,0
16,2018-11-27,0
17,2018-11-27,1
18,2018-11-27,2
19,2018-11-27,0
20,2018-11-27,0
21,2018-11-27,0
22,2018-11-27,4
23,2018-11-27,0
0,2018-11-28,3
1,2018-11-28,3
2,2018-11-28,2
3,2018-11-28,1
4,2018-11-28,4
5,2018-11-28,4
6,2018-11-28,1
7,2018-11-28,3
8,2018-11-28,2
9,2018-11-28,1
10,2018-11-28,4
11,2018-11-28,3
12,2018-11-28,3
13,2018-11-28,4
14,2018-11-28,3
15,2018-11-28,0
16,2018-11-28,3
17,2018-11-28,1
18,2018-11-28,2
19,2018-11-28,3
20,2018-11-28,0
21,2018-11-28,3
22,2018-11-28,4
23,2018-11-28,0
0,2018-11-29,3
1,2018-11-29,3
2,2018-11-29,3
3,2018-11-29,1
4,2018-11-29,4
5,2018-11-29,4
6,2018-11-29,1
7,2018-11-29,3
8,2018-11-29,3
9,2018-11-29,1
10,2018-11-29,4
11,2018-11-29,3
12,2018-11-29,3
13,2018-11-29,4
14,2018-11-29,3
15,2018-11-29,0
16,2018-11-29,0
17,2018-11-29,1
18,2018-11-29,2
19,2018-11-29,3
20,2018-11-29,0
21,2018-11-29,3
22,2018-11-29,4
23,2018-11-29,0
0,2018-11-30,3
1,2018-11-30,3
2,2018-11-30,3
3,2018-11-30,1
4,2018-11-30,4
5,2018-11-30,4
6,2018-11-30,1
7,2018-11-30,3
8,2018-11-30,3
9,2018-11-30,1
10,2018-11-30,4
11,2018-11-30,3
12,2018-11-30,0
13,2018-11-30,4
14,2018-11-30,3
15,2018-11-30,0
16,2018-11-30,0
17,2018-11-30,4
18,2018-11-30,2
19,2018-11-30,0
20,2018-11-30,0
21,2018-11-30,0
22,2018-11-30,4
23,2018-11-30,0
0,2018-12-01,3
1,2018-12-01,0
2,2018-12-01,2
3,2018-12-01,1
4,2018-12-01,2
5,2018-12-01,4
6,2018-12-01,2
7,2018-12-01,3
8,2018-12-01,0
9,2018-12-01,0
10,2018-12-01,2
11,2018-12-01,0
12,2018-12-01,0
13,2018-12-01,3
14,2018-12-01,0
15,2018-12-01,0
16,2018-12-01,0
17,2018-12-01,4
18,2018-12-01,2
19,2018-12-01,0
20,2018-12-01,2
21,2018-12-01,3
22,2018-12-01,0
23,2018-12-01,0
0,2018-12-02,0
1,2018-12-02,4
2,2018-12-02,4
3,2018-12-02,1
4,2018-12-02,2
5,2018-12-02,4
6,2018-12-02,4
7,2018-12-02,4
8,2018-12-02,0
9,2018-12-02,3
10,2018-12-02,0
11,2018-12-02,0
12,2018-12-02,0
13,2018-12-02,0
14,2018-12-02,0
15,2018-12-02,0
16,2018-12-02,4
17,2018-12-02,0
18,2018-12-02,2
19,2018-12-02,0
20,2018-12-02,2
21,2018-12-02,4
22,2018-12-02,0
23,2018-12-02,0
0,2018-12-03,3
1,2018-12-03,3
2,2018-12-03,3
3,2018-12-03,1
4,2018-12-03,4
5,2018-12-03,4
6,2018-12-03,1
7,2018-12-03,3
8,2018-12-03,3
9,2018-12-03,1
10,2018-12-03,4
11,2018-12-03,3
12,2018-12-03,3
13,2018-12-03,4
14,2018-12-03,3
15,2018-12-03,0
16,2018-12-03,3
17,2018-12-03,1
18,2018-12-03,2
19,2018-12-03,3
20,2018-12-03,2
21,2018-12-03,4
22,2018-12-03,4
23,2018-12-03,0
0,2018-12-04,3
1,2018-12-04,3
2,2018-12-04,3
3,2018-12-04,1
4,2018-12-04,1
5,2018-12-04,4
6,2018-12-04,1
7,2018-12-04,3
8,2018-12-04,3
9,2018-12-04,1
10,2018-12-04,4
11,2018-12-04,3
12,2018-12-04,3
13,2018-12-04,3
14,2018-12-04,3
15,2018-12-04,0
16,2018-12-04,3
17,2018-12-04,1
18,2018-12-04,2
19,2018-12-04,3
20,2018-12-04,0
21,2018-12-04,4
22,2018-12-04,4
23,2018-12-04,0
0,2018-12-05,3
1,2018-12-05,3
2,2018-12-05,3
3,2018-12-05,1
4,2018-12-05,4
5,2018-12-05,4
6,2018-12-05,1
7,2018-12-05,3
8,2018-12-05,3
9,2018-12-05,1
10,2018-12-05,4
11,2018-12-05,3
12,2018-12-05,3
13,2018-12-05,4
14,2018-12-05,3
15,2018-12-05,0
16,2018-12-05,3
17,2018-12-05,1
18,2018-12-05,2
19,2018-12-05,3
20,2018-12-05,0
21,2018-12-05,0
22,2018-12-05,4
23,2018-12-05,0
0,2018-12-06,3
1,2018-12-06,3
2,2018-12-06,3
3,2018-12-06,1
4,2018-12-06,4
5,2018-12-06,4
6,2018-12-06,1
7,2018-12-06,3
8,2018-12-06,3
9,2018-12-06,1
10,2018-12-06,4
11,2018-12-06,3
12,2018-12-06,3
13,2018-12-06,4
14,2018-12-06,3
15,2018-12-06,0
16,2018-12-06,3
17,2018-12-06,1
18,2018-12-06,2
19,2018-12-06,3
20,2018-12-06,0
21,2018-12-06,0
22,2018-12-06,4
23,2018-12-06,0
0,2018-12-07,2
1,2018-12-07,3
2,2018-12-07,2
3,2018-12-07,1
4,2018-12-07,4
5,2018-12-07,4
6,2018-12-07,1
7,2018-12-07,3
8,2018-12-07,2
9,2018-12-07,4
10,2018-12-07,4
11,2018-12-07,3
12,2018-12-07,3
13,2018-12-07,4
14,2018-12-07,2
15,2018-12-07,0
16,2018-12-07,3
17,2018-12-07,1
18,2018-12-07,2
19,2018-12-07,3
20,2018-12-07,0
21,2018-12-07,3
22,2018-12-07,4
23,2018-12-07,0
0,2018-12-08,3
1,2018-12-08,0
2,2018-12-08,0
3,2018-12-08,1
4,2018-12-08,2
5,2018-12-08,4
6,2018-12-08,2
7,2018-12-08,3
8,2018-12-08,0
9,2018-12-08,1
10,2018-12-08,3
11,2018-12-08,0
12,2018-12-08,0
13,2018-12-08,0
14,2018-12-08,0
15,2018-12-08,0
16,2018-12-08,0
17,2018-12-08,4
18,2018-12-08,2
19,2018-12-08,0
20,2018-12-08,2
21,2018-12-08,0
22,2018-12-08,0
23,2018-12-08,0
0,2018-12-09,3
1,2018-12-09,4
2,2018-12-09,3
3,2018-12-09,1
4,2018-12-09,2
5,2018-12-09,4
6,2018-12-09,2
7,2018-12-09,0
8,2018-12-09,0
9,2018-12-09,2
10,2018-12-09,0
11,2018-12-09,0
12,2018-12-09,0
13,2018-12-09,3
14,2018-12-09,0
15,2018-12-09,0
16,2018-12-09,0
17,2018-12-09,0
18,2018-12-09,2
19,2018-12-09,0
20,2018-12-09,2
21,2018-12-09,4
22,2018-12-09,0
23,2018-12-09,0
0,2018-12-10,3
1,2018-12-10,3
2,2018-12-10,3
3,2018-12-10,1
4,2018-12-10,4
5,2018-12-10,4
6,2018-12-10,1
7,2018-12-10,3
8,2018-12-10,3
9,2018-12-10,1
10,2018-12-10,4
11,2018-12-10,3
12,2018-12-10,3
13,2018-12-10,4
14,2018-12-10,3
15,2018-12-10,0
16,2018-12-10,3
17,2018-12-10,4
18,2018-12-10,2
19,2018-12-10,3
20,2018-12-10,0
21,2018-12-10,0
22,2018-12-10,4
23,2018-12-10,0
0,2018-12-11,3
1,2018-12-11,3
2,2018-12-11,2
3,2018-12-11,1
4,2018-12-11,4
5,2018-12-11,4
6,2018-12-11,1
7,2018-12-11,0
8,2018-12-11,2
9,2018-12-11,1
10,2018-12-11,4
11,2018-12-11,3
12,2018-12-11,3
13,2018-12-11,3
14,2018-12-11,2
15,2018-12-11,0
16,2018-12-11,3
17,2018-12-11,1
18,2018-12-11,2
19,2018-12-11,3
20,2018-12-11,0
21,2018-12-11,3
22,2018-12-11,4
23,2018-12-11,0
0,2018-12-12,3
1,2018-12-12,3
2,2018-12-12,2
3,2018-12-12,1
4,2018-12-12,4
5,2018-12-12,4
6,2018-12-12,1
7,2018-12-12,3
8,2018-12-12,3
9,2018-12-12,1
10,2018-12-12,4
11,2018-12-12,3
12,2018-12-12,3
13,2018-12-12,4
14,2018-12-12,3
15,2018-12-12,0
16,2018-12-12,3
17,2018-12-12,1
18,2018-12-12,2
19,2018-12-12,3
20,2018-12-12,0
21,2018-12-12,0
22,2018-12-12,4
23,2018-12-12,0
0,2018-12-13,3
1,2018-12-13,3
2,2018-12-13,2
3,2018-12-13,1
4,2018-12-13,4
5,2018-12-13,4
6,2018-12-13,1
7,2018-12-13,3
8,2018-12-13,2
9,2018-12-13,1
10,2018-12-13,4
11,2018-12-13,3
12,2018-12-13,3
13,2018-12-13,4
14,2018-12-13,3
15,2018-12-13,0
16,2018-12-13,3
17,2018-12-13,1
18,2018-12-13,2
19,2018-12-13,3
20,2018-12-13,0
21,2018-12-13,0
22,2018-12-13,3
23,2018-12-13,0
0,2018-12-14,3
1,2018-12-14,3
2,2018-12-14,3
3,2018-12-14,1
4,2018-12-14,1
5,2018-12-14,4
6,2018-12-14,1
7,2018-12-14,3
8,2018-12-14,3
9,2018-12-14,1
10,2018-12-14,4
11,2018-12-14,3
12,2018-12-14,3
13,2018-12-14,4
14,2018-12-14,3
15,2018-12-14,0
16,2018-12-14,0
17,2018-12-14,1
18,2018-12-14,2
19,2018-12-14,3
20,2018-12-14,0
21,2018-12-14,3
22,2018-12-14,4
23,2018-12-14,0
0,2018-12-15,3
1,2018-12-15,0
2,2018-12-15,0
3,2018-12-15,1
4,2018-12-15,2
5,2018-12-15,4
6,2018-12-15,4
7,2018-12-15,4
8,2018-12-15,0
9,2018-12-15,0
10,2018-12-15,0
11,2018-12-15,4
12,2018-12-15,0
13,2018-12-15,0
14,2018-12-15,0
15,2018-12-15,0
16,2018-12-15,0
17,2018-12-15,1
18,2018-12-15,2
19,2018-12-15,0
20,2018-12-15,2
21,2018-12-15,0
22,2018-12-15,0
23,2018-12-15,0
0,2018-12-16,3
1,2018-12-16,4
2,2018-12-16,0
3,2018-12-16,1
4,2018-12-16,2
5,2018-12-16,4
6,2018-12-16,0
7,2018-12-16,4
8,2018-12-16,0
9,2018-12-16,3
10,2018-12-16,0
11,2018-12-16,0
12,2018-12-16,0
13,2018-12-16,0
14,2018-12-16,0
15,2018-12-16,0
16,2018-12-16,0
17,2018-12-16,2
18,2018-12-16,2
19,2018-12-16,0
20,2018-12-16,2
21,2018-12-16,0
22,2018-12-16,0
23,2018-12-16,0
0,2018-12-17,3
1,2018-12-17,3
2,2018-12-17,3
3,2018-12-17,1
4,2018-12-17,4
5,2018-12-17,4
6,2018-12-17,1
7,2018-12-17,3
8,2018-12-17,3
9,2018-12-17,1
10,2018-12-17,4
11,2018-12-17,3
12,2018-12-17,3
13,2018-12-17,4
14,2018-12-17,3
15,2018-12-17,0
16,2018-12-17,3
17,2018-12-17,1
18,2018-12-17,2
19,2018-12-17,3
20,2018-12-17,0
21,2018-12-17,0
22,2018-12-17,4
23,2018-12-17,0
0,2018-12-18,3
1,2018-12-18,3
2,2018-12-18,3
3,2018-12-18,1
4,2018-12-18,4
5,2018-12-18,4
6,2018-12-18,1
7,2018-12-18,3
8,2018-12-18,3
9,2018-12-18,1
10,2018-12-18,4
11,2018-12-18,3
12,2018-12-18,3
13,2018-12-18,3
14,2018-12-18,3
15,2018-12-18,0
16,2018-12-18,3
17,2018-12-18,1
18,2018-12-18,2
19,2018-12-18,0
20,2018-12-18,0
21,2018-12-18,4
22,2018-12-18,4
23,2018-12-18,0
0,2018-12-19,3
1,2018-12-19,3
2,2018-12-19,3
3,2018-12-19,1
4,2018-12-19,4
5,2018-12-19,4
6,2018-12-19,1
7,2018-12-19,3
8,2018-12-19,4
9,2018-12-19,1
10,2018-12-19,4
11,2018-12-19,3
12,2018-12-19,4
13,2018-12-19,4
14,2018-12-19,3
15,2018-12-19,4
16,2018-12-19,0
17,2018-12-19,1
18,2018-12-19,2
19,2018-12-19,0
20,2018-12-19,0
21,2018-12-19,0
22,2018-12-19,4
23,2018-12-19,0
0,2018-12-20,3
1,2018-12-20,3
2,2018-12-20,2
3,2018-12-20,1
4,2018-12-20,4
5,2018-12-20,4
6,2018-12-20,1
7,2018-12-20,3
8,2018-12-20,3
9,2018-12-20,1
10,2018-12-20,4
11,2018-12-20,3
12,2018-12-20,4
13,2018-12-20,4
14,2018-12-20,3
15,2018-12-20,0
16,2018-12-20,0
17,2018-12-20,1
18,2018-12-20,2
19,2018-12-20,3
20,2018-12-20,0
21,2018-12-20,3
22,2018-12-20,4
23,2018-12-20,0
0,2018-12-21,3
1,2018-12-21,3
2,2018-12-21,0
3,2018-12-21,1
4,2018-12-21,1
5,2018-12-21,4
6,2018-12-21,1
7,2018-12-21,4
8,2018-12-21,4
9,2018-12-21,1
10,2018-12-21,4
11,2018-12-21,3
12,2018-12-21,4
13,2018-12-21,4
14,2018-12-21,3
15,2018-12-21,4
16,2018-12-21,0
17,2018-12-21,4
18,2018-12-21,2
19,2018-12-21,0
20,2018-12-21,0
21,2018-12-21,4
22,2018-12-21,4
23,2018-12-21,0
0,2018-12-22,3
1,2018-12-22,0
2,2018-12-22,0
3,2018-12-22,1
4,2018-12-22,2
5,2018-12-22,4
6,2018-12-22,2
7,2018-12-22,0
8,2018-12-22,0
9,2018-12-22,2
10,2018-12-22,0
11,2018-12-22,0
12,2018-12-22,0
13,2018-12-22,2
14,2018-12-22,0
15,2018-12-22,0
16,2018-12-22,0
17,2018-12-22,3
18,2018-12-22,2
19,2018-12-22,0
20,2018-12-22,2
21,2018-12-22,4
22,2018-12-22,0
23,2018-12-22,0
0,2018-12-23,3
1,2018-12-23,4
2,2018-12-23,0
3,2018-12-23,1
4,2018-12-23,2
5,2018-12-23,1
6,2018-12-23,2
7,2018-12-23,0
8,2018-12-23,0
9,2018-12-23,3
10,2018-12-23,0
11,2018-12-23,0
12,2018-12-23,0
13,2018-12-23,0
14,2018-12-23,0
15,2018-12-23,0
16,2018-12-23,0
17,2018-12-23,3
18,2018-12-23,2
19,2018-12-23,0
20,2018-12-23,0
21,2018-12-23,0
22,2018-12-23,0
23,2018-12-23,0
0,2018-12-24,0
1,2018-12-24,0
2,2018-12-24,0
3,2018-12-24,1
4,2018-12-24,4
5,2018-12-24,4
6,2018-12-24,1
7,2018-12-24,0
8,2018-12-24,0
9,2018-12-24,3
10,2018-12-24,0
11,2018-12-24,0
12,2018-12-24,4
13,2018-12-24,0
14,2018-12-24,0
15,2018-12-24,4
16,2018-12-24,0
17,2018-12-24,0
18,2018-12-24,2
19,2018-12-24,0
20,2018-12-24,0
21,2018-12-24,0
22,2018-12-24,0
23,2018-12-24,0
0,2018-12-25,3
1,2018-12-25,0
2,2018-12-25,2
3,2018-12-25,1
4,2018-12-25,4
5,2018-12-25,0
6,2018-12-25,1
7,2018-12-25,1
8,2018-12-25,2
9,2018-12-25,1
10,2018-12-25,0
11,2018-12-25,0
12,2018-12-25,0
13,2018-12-25,3
14,2018-12-25,0
15,2018-12-25,0
16,2018-12-25,2
17,2018-12-25,3
18,2018-12-25,2
19,2018-12-25,0
20,2018-12-25,0
21,2018-12-25,0
22,2018-12-25,3
23,2018-12-25,0
0,2018-12-26,3
1,2018-12-26,4
2,2018-12-26,3
3,2018-12-26,1
4,2018-12-26,4
5,2018-12-26,4
6,2018-12-26,1
7,2018-12-26,3
8,2018-12-26,0
9,2018-12-26,0
10,2018-12-26,0
11,2018-12-26,0
12,2018-12-26,0
13,2018-12-26,0
14,2018-12-26,0
15,2018-12-26,0
16,2018-12-26,0
17,2018-12-26,3
18,2018-12-26,2
19,2018-12-26,0
20,2018-12-26,0
21,2018-12-26,0
22,2018-12-26,0
23,2018-12-26,0
0,2018-12-27,3
1,2018-12-27,0
2,2018-12-27,4
3,2018-12-27,1
4,2018-12-27,4
5,2018-12-27,4
6,2018-12-27,1
7,2018-12-27,1
8,2018-12-27,0
9,2018-12-27,1
10,2018-12-27,4
11,2018-12-27,0
12,2018-12-27,0
13,2018-12-27,3
14,2018-12-27,0
15,2018-12-27,0
16,2018-12-27,0
17,2018-12-27,0
18,2018-12-27,2
19,2018-12-27,0
20,2018-12-27,0
21,2018-12-27,0
22,2018-12-27,0
23,2018-12-27,0
0,2018-12-28,3
1,2018-12-28,4
2,2018-12-28,3
3,2018-12-28,1
4,2018-12-28,4
5,2018-12-28,4
6,2018-12-28,1
7,2018-12-28,3
8,2018-12-28,0
9,2018-12-28,4
10,2018-12-28,0
11,2018-12-28,0
12,2018-12-28,4
13,2018-12-28,0
14,2018-12-28,0
15,2018-12-28,4
16,2018-12-28,0
17,2018-12-28,3
18,2018-12-28,2
19,2018-12-28,0
20,2018-12-28,0
21,2018-12-28,0
22,2018-12-28,0
23,2018-12-28,0
0,2018-12-29,3
1,2018-12-29,0
2,2018-12-29,0
3,2018-12-29,1
4,2018-12-29,2
5,2018-12-29,4
6,2018-12-29,3
7,2018-12-29,3
8,2018-12-29,0
9,2018-12-29,1
10,2018-12-29,4
11,2018-12-29,0
12,2018-12-29,0
13,2018-12-29,0
14,2018-12-29,0
15,2018-12-29,4
16,2018-12-29,0
17,2018-12-29,2
18,2018-12-29,2
19,2018-12-29,0
20,2018-12-29,2
21,2018-12-29,0
22,2018-12-29,0
23,2018-12-29,0
0,2018-12-30,3
1,2018-12-30,4
2,2018-12-30,3
3,2018-12-30,1
4,2018-12-30,2
5,2018-12-30,4
6,2018-12-30,2
7,2018-12-30,2
8,2018-12-30,2
9,2018-12-30,0
10,2018-12-30,2
11,2018-12-30,0
12,2018-12-30,0
13,2018-12-30,0
14,2018-12-30,0
15,2018-12-30,0
16,2018-12-30,0
17,2018-12-30,2
18,2018-12-30,2
19,2018-12-30,0
20,2018-12-30,2
21,2018-12-30,0
22,2018-12-30,0
23,2018-12-30,0
0,2018-12-31,3
1,2018-12-31,4
2,2018-12-31,3
3,2018-12-31,1
4,2018-12-31,1
5,2018-12-31,1
6,2018-12-31,1
7,2018-12-31,1
8,2018-12-31,0
9,2018-12-31,1
10,2018-12-31,4
11,2018-12-31,3
12,2018-12-31,0
13,2018-12-31,3
14,2018-12-31,0
15,2018-12-31,0
16,2018-12-31,0
17,2018-12-31,0
18,2018-12-31,2
19,2018-12-31,0
20,2018-12-31,0
21,2018-12-31,0
22,2018-12-31,0
23,2018-12-31,0
0,2019-01-01,3
1,2019-01-01,0
2,2019-01-01,0
3,2019-01-01,1
4,2019-01-01,4
5,2019-01-01,0
6,2019-01-01,1
7,2019-01-01,3
8,2019-01-01,0
9,2019-01-01,3
10,2019-01-01,0
11,2019-01-01,0
12,2019-01-01,0
13,2019-01-01,0
14,2019-01-01,0
15,2019-01-01,0
16,2019-01-01,0
17,2019-01-01,3
18,2019-01-01,2
19,2019-01-01,0
20,2019-01-01,2
21,2019-01-01,0
22,2019-01-01,0
23,2019-01-01,0
0,2019-01-02,3
1,2019-01-02,0
2,2019-01-02,2
3,2019-01-02,1
4,2019-01-02,4
5,2019-01-02,0
6,2019-01-02,1
7,2019-01-02,3
8,2019-01-02,3
9,2019-01-02,2
10,2019-01-02,4
11,2019-01-02,3
12,2019-01-02,0
13,2019-01-02,0
14,2019-01-02,0
15,2019-01-02,0
16,2019-01-02,3
17,2019-01-02,0
18,2019-01-02,2
19,2019-01-02,0
20,2019-01-02,2
21,2019-01-02,0
22,2019-01-02,0
23,2019-01-02,0
0,2019-01-03,3
1,2019-01-03,0
2,2019-01-03,2
3,2019-01-03,1
4,2019-01-03,4
5,2019-01-03,4
6,2019-01-03,1
7,2019-01-03,2
8,2019-01-03,2
9,2019-01-03,0
10,2019-01-03,0
11,2019-01-03,3
12,2019-01-03,3
13,2019-01-03,0
14,2019-01-03,3
15,2019-01-03,3
16,2019-01-03,2
17,2019-01-03,4
18,2019-01-03,2
19,2019-01-03,0
20,2019-01-03,0
21,2019-01-03,0
22,2019-01-03,0
23,2019-01-03,0
0,2019-01-04,3
1,2019-01-04,0
2,2019-01-04,2
3,2019-01-04,1
4,2019-01-04,4
5,2019-01-04,4
6,2019-01-04,1
7,2019-01-04,3
8,2019-01-04,2
9,2019-01-04,4
10,2019-01-04,4
11,2019-01-04,3
12,2019-01-04,0
13,2019-01-04,4
14,2019-01-04,0
15,2019-01-04,0
16,2019-01-04,2
17,2019-01-04,4
18,2019-01-04,2
19,2019-01-04,0
20,2019-01-04,0
21,2019-01-04,3
22,2019-01-04,0
23,2019-01-04,0
0,2019-01-05,3
1,2019-01-05,4
2,2019-01-05,0
3,2019-01-05,1
4,2019-01-05,2
5,2019-01-05,4
6,2019-01-05,3
7,2019-01-05,3
8,2019-01-05,0
9,2019-01-05,0
10,2019-01-05,0
11,2019-01-05,0
12,2019-01-05,0
13,2019-01-05,0
14,2019-01-05,0
15,2019-01-05,0
16,2019-01-05,0
17,2019-01-05,3
18,2019-01-05,2
19,2019-01-05,0
20,2019-01-05,2
21,2019-01-05,0
22,2019-01-05,0
23,2019-01-05,0
0,2019-01-06,0
1,2019-01-06,0
2,2019-01-06,0
3,2019-01-06,1
4,2019-01-06,2
5,2019-01-06,4
6,2019-01-06,4
7,2019-01-06,3
8,2019-01-06,0
9,2019-01-06,2
10,2019-01-06,0
11,2019-01-06,0
12,2019-01-06,0
13,2019-01-06,0
14,2019-01-06,0
15,2019-01-06,0
16,2019-01-06,0
17,2019-01-06,2
18,2019-01-06,2
19,2019-01-06,0
20,2019-01-06,2
21,2019-01-06,0
22,2019-01-06,0
23,2019-01-06,0
0,2019-01-07,3
1,2019-01-07,3
2,2019-01-07,3
3,2019-01-07,1
4,2019-01-07,4
5,2019-01-07,4
6,2019-01-07,1
7,2019-01-07,3
8,2019-01-07,3
9,2019-01-07,1
10,2019-01-07,4
11,2019-01-07,3
12,2019-01-07,3
13,2019-01-07,4
14,2019-01-07,3
15,2019-01-07,0
16,2019-01-07,3
17,2019-01-07,1
18,2019-01-07,2
19,2019-01-07,0
20,2019-01-07,0
21,2019-01-07,0
22,2019-01-07,4
23,2019-01-07,0
0,2019-01-08,3
1,2019-01-08,3
2,2019-01-08,3
3,2019-01-08,1
4,2019-01-08,4
5,2019-01-08,4
6,2019-01-08,1
7,2019-01-08,3
8,2019-01-08,3
9,2019-01-08,1
10,2019-01-08,4
11,2019-01-08,3
12,2019-01-08,3
13,2019-01-08,0
14,2019-01-08,3
15,2019-01-08,4
16,2019-01-08,3
17,2019-01-08,1
18,2019-01-08,2
19,2019-01-08,3
20,2019-01-08,0
21,2019-01-08,0
22,2019-01-08,4
23,2019-01-08,0
0,2019-01-09,3
1,2019-01-09,3
2,2019-01-09,3
3,2019-01-09,1
4,2019-01-09,4
5,2019-01-09,4
6,2019-01-09,1
7,2019-01-09,3
8,2019-01-09,3
9,2019-01-09,1
10,2019-01-09,4
11,2019-01-09,3
12,2019-01-09,3
13,2019-01-09,4
14,2019-01-09,3
15,2019-01-09,0
16,2019-01-09,3
17,2019-01-09,4
18,2019-01-09,2
19,2019-01-09,3
20,2019-01-09,0
21,2019-01-09,0
22,2019-01-09,4
23,2019-01-09,0
0,2019-01-10,3
1,2019-01-10,3
2,2019-01-10,2
3,2019-01-10,1
4,2019-01-10,4
5,2019-01-10,4
6,2019-01-10,1
7,2019-01-10,3
8,2019-01-10,3
9,2019-01-10,1
10,2019-01-10,4
11,2019-01-10,3
12,2019-01-10,3
13,2019-01-10,4
14,2019-01-10,2
15,2019-01-10,0
16,2019-01-10,3
17,2019-01-10,1
18,2019-01-10,2
19,2019-01-10,3
20,2019-01-10,0
21,2019-01-10,3
22,2019-01-10,4
23,2019-01-10,0
0,2019-01-11,3
1,2019-01-11,3
2,2019-01-11,2
3,2019-01-11,1
4,2019-01-11,4
5,2019-01-11,4
6,2019-01-11,1
7,2019-01-11,3
8,2019-01-11,3
9,2019-01-11,1
10,2019-01-11,4
11,2019-01-11,3
12,2019-01-11,3
13,2019-01-11,3
14,2019-01-11,3
15,2019-01-11,0
16,2019-01-11,0
17,2019-01-11,1
18,2019-01-11,2
19,2019-01-11,3
20,2019-01-11,0
21,2019-01-11,4
22,2019-01-11,4
23,2019-01-11,0
0,2019-01-12,3
1,2019-01-12,4
2,2019-01-12,0
3,2019-01-12,1
4,2019-01-12,4
5,2019-01-12,4
6,2019-01-12,4
7,2019-01-12,3
8,2019-01-12,0
9,2019-01-12,0
10,2019-01-12,0
11,2019-01-12,0
12,2019-01-12,0
13,2019-01-12,3
14,2019-01-12,0
15,2019-01-12,0
16,2019-01-12,0
17,2019-01-12,2
18,2019-01-12,2
19,2019-01-12,0
20,2019-01-12,0
21,2019-01-12,0
22,2019-01-12,0
23,2019-01-12,0
0,2019-01-13,3
1,2019-01-13,4
2,2019-01-13,0
3,2019-01-13,1
4,2019-01-13,2
5,2019-01-13,4
6,2019-01-13,4
7,2019-01-13,4
8,2019-01-13,0
9,2019-01-13,0
10,2019-01-13,0
11,2019-01-13,0
12,2019-01-13,0
13,2019-01-13,0
14,2019-01-13,0
15,2019-01-13,0
16,2019-01-13,0
17,2019-01-13,0
18,2019-01-13,2
19,2019-01-13,0
20,2019-01-13,0
21,2019-01-13,0
22,2019-01-13,0
23,2019-01-13,0
0,2019-01-14,3
1,2019-01-14,3
2,2019-01-14,3
3,2019-01-14,1
4,2019-01-14,1
5,2019-01-14,4
6,2019-01-14,1
7,2019-01-14,3
8,2019-01-14,3
9,2019-01-14,1
10,2019-01-14,4
11,2019-01-14,3
12,2019-01-14,3
13,2019-01-14,4
14,2019-01-14,3
15,2019-01-14,0
16,2019-01-14,3
17,2019-01-14,1
18,2019-01-14,2
19,2019-01-14,3
20,2019-01-14,3
21,2019-01-14,4
22,2019-01-14,4
23,2019-01-14,0
0,2019-01-15,3
1,2019-01-15,3
2,2019-01-15,2
3,2019-01-15,1
4,2019-01-15,4
5,2019-01-15,4
6,2019-01-15,1
7,2019-01-15,3
8,2019-01-15,2
9,2019-01-15,1
10,2019-01-15,4
11,2019-01-15,3
12,2019-01-15,3
13,2019-01-15,3
14,2019-01-15,3
15,2019-01-15,0
16,2019-01-15,3
17,2019-01-15,1
18,2019-01-15,2
19,2019-01-15,3
20,2019-01-15,0
21,2019-01-15,3
22,2019-01-15,3
23,2019-01-15,0
0,2019-01-16,3
1,2019-01-16,3
2,2019-01-16,2
3,2019-01-16,1
4,2019-01-16,4
5,2019-01-16,4
6,2019-01-16,1
7,2019-01-16,3
8,2019-01-16,3
9,2019-01-16,1
10,2019-01-16,4
11,2019-01-16,3
12,2019-01-16,3
13,2019-01-16,4
14,2019-01-16,3
15,2019-01-16,0
16,2019-01-16,3
17,2019-01-16,1
18,2019-01-16,2
19,2019-01-16,3
20,2019-01-16,0
21,2019-01-16,3
22,2019-01-16,3
23,2019-01-16,1
0,2019-01-17,3
1,2019-01-17,3
2,2019-01-17,3
3,2019-01-17,1
4,2019-01-17,4
5,2019-01-17,4
6,2019-01-17,1
7,2019-01-17,0
8,2019-01-17,3
9,2019-01-17,1
10,2019-01-17,4
11,2019-01-17,3
12,2019-01-17,4
13,2019-01-17,0
14,2019-01-17,3
15,2019-01-17,0
16,2019-01-17,0
17,2019-01-17,1
18,2019-01-17,2
19,2019-01-17,3
20,2019-01-17,0
21,2019-01-17,0
22,2019-01-17,4
23,2019-01-17,0
0,2019-01-18,3
1,2019-01-18,3
2,2019-01-18,2
3,2019-01-18,1
4,2019-01-18,4
5,2019-01-18,4
6,2019-01-18,1
7,2019-01-18,3
8,2019-01-18,2
9,2019-01-18,1
10,2019-01-18,4
11,2019-01-18,3
12,2019-01-18,3
13,2019-01-18,0
14,2019-01-18,3
15,2019-01-18,0
16,2019-01-18,3
17,2019-01-18,1
18,2019-01-18,2
19,2019-01-18,3
20,2019-01-18,0
21,2019-01-18,3
22,2019-01-18,4
23,2019-01-18,0
0,2019-01-19,3
1,2019-01-19,0
2,2019-01-19,2
3,2019-01-19,1
4,2019-01-19,2
5,2019-01-19,4
6,2019-01-19,3
7,2019-01-19,3
8,2019-01-19,2
9,2019-01-19,4
10,2019-01-19,0
11,2019-01-19,3
12,2019-01-19,0
13,2019-01-19,3
14,2019-01-19,3
15,2019-01-19,0
16,2019-01-19,0
17,2019-01-19,3
18,2019-01-19,2
19,2019-01-19,0
20,2019-01-19,2
21,2019-01-19,3
22,2019-01-19,0
23,2019-01-19,0
