meter_id,date,temp_normed,log_mean_z,log_std_z
0,2018-01-13,-1.2640458,-1.0939381,-1.0380303
1,2018-01-13,-1.2640458,0.38447106,0.61712813
2,2018-01-13,-1.2640458,-1.2730771,-0.95504683
3,2018-01-13,-1.2640458,0.23179168,0.36270934
4,2018-01-13,-1.2640458,-0.0592709,-3.0854495
5,2018-01-13,-1.2640458,1.1372626,0.41158226
6,2018-01-13,-1.2640458,0.12410485,-2.0379722
7,2018-01-13,-1.2640458,-0.5719776,-0.75123876
8,2018-01-13,-1.2640458,0.5156103,-0.18955219
9,2018-01-13,-1.2640458,-1.2361062,-2.8165445
10,2018-01-13,-1.2640458,0.41277632,-0.19944748
11,2018-01-13,-1.2640458,0.24757476,0.28506014
12,2018-01-13,-1.2640458,1.0470958,1.1858476
13,2018-01-13,-1.2640458,-0.39399055,-1.1117619
14,2018-01-13,-1.2640458,0.21198975,0.3070453
15,2018-01-13,-1.2640458,1.3774658,0.35598692
16,2018-01-13,-1.2640458,1.4506848,0.9534366
17,2018-01-13,-1.2640458,-0.46258003,-1.1652877
18,2018-01-13,-1.2640458,-0.031663444,0.4787823
19,2018-01-13,-1.2640458,0.56414545,0.15615259
20,2018-01-13,-1.2640458,1.0040098,0.7576749
21,2018-01-13,-1.2640458,-1.2988559,-1.0116786
22,2018-01-13,-1.2640458,-0.47794104,-0.22001328
23,2018-01-13,-1.2640458,-0.2648617,-0.91850066
0,2018-01-14,-1.3666978,-0.88864875,-0.61740834
1,2018-01-14,-1.3666978,0.52316576,0.9969179
2,2018-01-14,-1.3666978,-1.0088329,-0.8955717
3,2018-01-14,-1.3666978,0.19985342,0.3365651
4,2018-01-14,-1.3666978,-0.11157399,-3.1467626
5,2018-01-14,-1.3666978,1.0445441,0.0828569
6,2018-01-14,-1.3666978,0.12992758,-2.1244915
7,2018-01-14,-1.3666978,-0.36650926,-0.29634798
8,2018-01-14,-1.3666978,0.6938592,0.14093855
9,2018-01-14,-1.3666978,-1.2249136,-3.0059345
10,2018-01-14,-1.3666978,0.4930837,-0.69139653
11,2018-01-14,-1.3666978,0.35161757,0.65318966
12,2018-01-14,-1.3666978,1.1196141,1.2449378
13,2018-01-14,-1.3666978,-0.2767104,-0.5290829
14,2018-01-14,-1.3666978,0.43370315,0.69650185
15,2018-01-14,-1.3666978,1.3375252,0.09902392
16,2018-01-14,-1.3666978,1.4881278,1.0774658
17,2018-01-14,-1.3666978,-0.37863597,-0.97226506
18,2018-01-14,-1.3666978,0.20339651,0.5396477
19,2018-01-14,-1.3666978,0.7353367,0.6031183
20,2018-01-14,-1.3666978,0.99721825,1.1537149
21,2018-01-14,-1.3666978,-1.3201663,-1.3217995
22,2018-01-14,-1.3666978,-0.47376302,-0.19605291
23,2018-01-14,-1.3666978,-0.16975622,-0.8606033
0,2018-01-15,-0.8665945,-0.9669517,-1.0500982
1,2018-01-15,-0.8665945,0.4771079,0.9138447
2,2018-01-15,-0.8665945,-1.0460811,-1.3338548
3,2018-01-15,-0.8665945,0.61436987,1.5577942
4,2018-01-15,-0.8665945,0.95825803,1.4317211
5,2018-01-15,-0.8665945,1.4167876,1.1191274
6,2018-01-15,-0.8665945,1.7860105,2.7579205
7,2018-01-15,-0.8665945,-0.30423662,-0.5513181
8,2018-01-15,-0.8665945,0.63164806,-0.19316924
9,2018-01-15,-0.8665945,-0.1479614,0.43032762
10,2018-01-15,-0.8665945,0.9980569,0.9144461
11,2018-01-15,-0.8665945,0.44690612,0.6998987
12,2018-01-15,-0.8665945,1.1684132,1.2245528
13,2018-01-15,-0.8665945,-0.030419258,-0.31168303
14,2018-01-15,-0.8665945,0.19600525,0.47235253
15,2018-01-15,-0.8665945,1.6385138,1.0572628
16,2018-01-15,-0.8665945,1.5435914,1.1915298
17,2018-01-15,-0.8665945,0.57972115,1.5982733
18,2018-01-15,-0.8665945,0.32809317,0.4171049
19,2018-01-15,-0.8665945,0.68126,0.48131558
20,2018-01-15,-0.8665945,1.3012869,0.6432242
21,2018-01-15,-0.8665945,-1.1530498,-0.9647981
22,2018-01-15,-0.8665945,0.08781745,0.17670304
23,2018-01-15,-0.8665945,-0.19163729,-1.1950116
0,2018-01-16,-0.83636343,-1.0459635,-1.2070534
1,2018-01-16,-0.83636343,0.3863768,0.7768747
2,2018-01-16,-0.83636343,-1.2237598,-1.3747267
3,2018-01-16,-0.83636343,0.57071686,1.1941154
4,2018-01-16,-0.83636343,0.98859245,1.4596119
5,2018-01-16,-0.83636343,1.3668633,0.9852444
6,2018-01-16,-0.83636343,1.7343694,2.6151323
7,2018-01-16,-0.83636343,-0.39435986,-0.72950155
8,2018-01-16,-0.83636343,0.54969186,-0.21230182
9,2018-01-16,-0.83636343,0.048919193,0.24712887
10,2018-01-16,-0.83636343,1.0708106,0.844929
11,2018-01-16,-0.83636343,0.33947435,0.56320876
12,2018-01-16,-0.83636343,1.0679827,1.2142186
13,2018-01-16,-0.83636343,-0.12527518,-0.50593895
14,2018-01-16,-0.83636343,0.1059123,0.48210648
15,2018-01-16,-0.83636343,1.6417004,1.0306535
16,2018-01-16,-0.83636343,1.4513197,1.0122825
17,2018-01-16,-0.83636343,0.75139505,1.8985928
18,2018-01-16,-0.83636343,0.181637,0.5351431
19,2018-01-16,-0.83636343,0.6276077,0.6697226
20,2018-01-16,-0.83636343,1.4277389,0.44049373
21,2018-01-16,-0.83636343,-1.2206125,-0.94044095
22,2018-01-16,-0.83636343,-0.04515819,0.3705113
23,2018-01-16,-0.83636343,-0.25790995,-0.80783945
0,2018-01-17,-1.1235677,-1.0136119,-1.0727981
1,2018-01-17,-1.1235677,0.3395762,0.95523787
2,2018-01-17,-1.1235677,-1.1769679,-0.92431015
3,2018-01-17,-1.1235677,0.6326748,1.2543429
4,2018-01-17,-1.1235677,0.97019845,1.4243362
5,2018-01-17,-1.1235677,1.4160856,1.0904913
6,2018-01-17,-1.1235677,1.6974696,2.647151
7,2018-01-17,-1.1235677,-0.21711147,-0.35034347
8,2018-01-17,-1.1235677,0.7098075,0.21230355
9,2018-01-17,-1.1235677,-0.041641254,0.6491081
10,2018-01-17,-1.1235677,1.0706812,1.0826044
11,2018-01-17,-1.1235677,0.45184523,0.74707645
12,2018-01-17,-1.1235677,1.1630052,1.368598
13,2018-01-17,-1.1235677,-0.11465784,-0.29439235
14,2018-01-17,-1.1235677,0.25535184,0.30911523
15,2018-01-17,-1.1235677,1.6158965,0.95376533
16,2018-01-17,-1.1235677,1.4427499,1.1448193
17,2018-01-17,-1.1235677,0.8552016,1.8839401
18,2018-01-17,-1.1235677,0.117960535,0.5673996
19,2018-01-17,-1.1235677,0.69235677,0.8184397
20,2018-01-17,-1.1235677,1.3224885,0.61227864
21,2018-01-17,-1.1235677,-1.2249204,-0.95528793
22,2018-01-17,-1.1235677,-0.11559832,0.054241937
23,2018-01-17,-1.1235677,-0.064589426,-0.24474116
0,2018-01-18,-0.9455889,-1.046059,-1.2981019
1,2018-01-18,-0.9455889,0.42565033,0.72623914
2,2018-01-18,-0.9455889,-1.0906565,-1.8579836
3,2018-01-18,-0.9455889,0.7782492,1.6049682
4,2018-01-18,-0.9455889,0.9879639,1.457002
5,2018-01-18,-0.9455889,1.4284078,1.1029382
6,2018-01-18,-0.9455889,1.7517017,2.6941338
7,2018-01-18,-0.9455889,-0.32709855,-0.45623615
8,2018-01-18,-0.9455889,0.7327988,-0.13910817
9,2018-01-18,-0.9455889,-0.23309825,0.76283497
10,2018-01-18,-0.9455889,1.0371685,0.98234653
11,2018-01-18,-0.9455889,0.48464137,0.60664594
12,2018-01-18,-0.9455889,1.2187716,1.2073301
13,2018-01-18,-0.9455889,-0.055084616,-0.368674
14,2018-01-18,-0.9455889,0.1847305,0.2397026
15,2018-01-18,-0.9455889,1.6328728,0.9998242
16,2018-01-18,-0.9455889,1.5259608,1.0766169
17,2018-01-18,-0.9455889,0.6575911,1.7787361
18,2018-01-18,-0.9455889,0.240345,0.52616334
19,2018-01-18,-0.9455889,0.7650687,0.4697111
20,2018-01-18,-0.9455889,1.4690778,1.2218796
21,2018-01-18,-0.9455889,-1.0469105,-0.6630612
22,2018-01-18,-0.9455889,0.035627685,0.54659754
23,2018-01-18,-0.9455889,0.10949392,-0.72714436
0,2018-01-19,-1.0375254,-1.0880415,-0.9566381
1,2018-01-19,-1.0375254,0.30411872,0.44358298
2,2018-01-19,-1.0375254,-1.2629879,-1.0101361
3,2018-01-19,-1.0375254,0.61471254,1.2019846
4,2018-01-19,-1.0375254,0.9400536,1.291928
5,2018-01-19,-1.0375254,1.3913258,0.97085524
6,2018-01-19,-1.0375254,1.6966685,2.656514
7,2018-01-19,-1.0375254,-0.47562745,-0.37770283
8,2018-01-19,-1.0375254,0.6704697,0.107449
9,2018-01-19,-1.0375254,-0.4108045,0.02376436
10,2018-01-19,-1.0375254,0.9683854,0.70946413
11,2018-01-19,-1.0375254,0.32960942,0.3205782
12,2018-01-19,-1.0375254,1.1796026,1.2471445
13,2018-01-19,-1.0375254,-0.18812037,-0.50045276
14,2018-01-19,-1.0375254,0.11142076,0.22969243
15,2018-01-19,-1.0375254,1.60168,0.6473771
16,2018-01-19,-1.0375254,1.4418901,0.9462547
17,2018-01-19,-1.0375254,0.4745998,1.7102097
18,2018-01-19,-1.0375254,0.117727935,0.319098
19,2018-01-19,-1.0375254,0.5800038,0.3084766
20,2018-01-19,-1.0375254,1.2855304,0.7518561
21,2018-01-19,-1.0375254,-1.1183925,-1.5338026
22,2018-01-19,-1.0375254,-0.07707075,0.16809155
23,2018-01-19,-1.0375254,0.033736173,-0.9895116
0,2018-01-20,-0.98879915,-0.8939228,-0.7963976
1,2018-01-20,-0.98879915,0.4644128,0.8397036
2,2018-01-20,-0.98879915,-0.8862182,-0.63187057
3,2018-01-20,-0.98879915,0.28023788,0.4758319
4,2018-01-20,-0.98879915,0.03674984,-2.756539
5,2018-01-20,-0.98879915,1.148736,0.28825948
6,2018-01-20,-0.98879915,0.10568337,-2.494744
7,2018-01-20,-0.98879915,-0.39019606,-0.33078936
8,2018-01-20,-0.98879915,0.81695986,0.2867954
9,2018-01-20,-0.98879915,-0.48858774,-3.0288765
10,2018-01-20,-0.98879915,0.55563295,-0.5017045
11,2018-01-20,-0.98879915,0.4635292,0.66505384
12,2018-01-20,-0.98879915,1.1106337,1.0853006
13,2018-01-20,-0.98879915,-0.3721549,-0.95148444
14,2018-01-20,-0.98879915,0.34643346,0.3220388
15,2018-01-20,-0.98879915,1.4208142,0.42638916
16,2018-01-20,-0.98879915,1.5681503,1.0840462
17,2018-01-20,-0.98879915,-0.61808497,-1.8487308
18,2018-01-20,-0.98879915,0.2749813,0.55184245
19,2018-01-20,-0.98879915,0.7326992,0.62321115
20,2018-01-20,-0.98879915,0.9675202,1.2872999
21,2018-01-20,-0.98879915,-1.1101438,-0.83135104
22,2018-01-20,-0.98879915,-0.3944443,-0.57865757
23,2018-01-20,-0.98879915,-0.028536005,-0.70684266
0,2018-01-21,-0.774469,-0.85670406,-0.59288585
1,2018-01-21,-0.774469,0.38803068,0.88884944
2,2018-01-21,-0.774469,-1.0659325,-0.7005876
3,2018-01-21,-0.774469,0.21519059,0.3736019
4,2018-01-21,-0.774469,-0.0560462,-3.3306787
5,2018-01-21,-0.774469,1.1152586,0.20132026
6,2018-01-21,-0.774469,0.07279409,-2.2480347
7,2018-01-21,-0.774469,-0.34999076,0.17598826
8,2018-01-21,-0.774469,0.68205506,0.43791443
9,2018-01-21,-0.774469,-0.5575667,-2.9809911
10,2018-01-21,-0.774469,0.6471802,-0.21837121
11,2018-01-21,-0.774469,0.44357726,0.846586
12,2018-01-21,-0.774469,1.1117632,1.3278166
13,2018-01-21,-0.774469,-0.29925346,-0.5726229
14,2018-01-21,-0.774469,0.266828,0.4209375
15,2018-01-21,-0.774469,1.4023538,0.35706475
16,2018-01-21,-0.774469,1.5161331,1.3641168
17,2018-01-21,-0.774469,-0.58146405,-1.2422234
18,2018-01-21,-0.774469,0.10461535,0.23176658
19,2018-01-21,-0.774469,0.77096623,0.9296458
20,2018-01-21,-0.774469,0.95146596,1.0058585
21,2018-01-21,-0.774469,-1.1008807,-0.91352516
22,2018-01-21,-0.774469,-0.35218322,0.13109677
23,2018-01-21,-0.774469,-0.00982733,-0.7399939
0,2018-01-22,-0.70739657,-0.9266038,-0.8607945
1,2018-01-22,-0.70739657,0.3540986,0.88773483
2,2018-01-22,-0.70739657,-1.2216526,-1.379273
3,2018-01-22,-0.70739657,0.7637961,1.5442837
4,2018-01-22,-0.70739657,1.0532241,1.4123784
5,2018-01-22,-0.70739657,1.3913924,1.073029
6,2018-01-22,-0.70739657,1.7258427,2.706733
7,2018-01-22,-0.70739657,-0.35803255,-0.6907498
8,2018-01-22,-0.70739657,0.58964896,-0.009297889
9,2018-01-22,-0.70739657,-0.32472718,0.33248723
10,2018-01-22,-0.70739657,1.066378,0.8272975
11,2018-01-22,-0.70739657,0.39516133,0.7146569
12,2018-01-22,-0.70739657,1.1756159,1.2112033
13,2018-01-22,-0.70739657,-0.019854225,-0.24802431
14,2018-01-22,-0.70739657,0.07300558,0.2620305
15,2018-01-22,-0.70739657,1.6843624,1.0230547
16,2018-01-22,-0.70739657,1.4491254,0.8887532
17,2018-01-22,-0.70739657,0.6267264,1.7377216
18,2018-01-22,-0.70739657,0.08892355,-0.28800172
19,2018-01-22,-0.70739657,0.57522017,0.64625823
20,2018-01-22,-0.70739657,1.534895,-0.12988238
21,2018-01-22,-0.70739657,-0.9957337,-0.94032437
22,2018-01-22,-0.70739657,0.01868757,0.27404273
23,2018-01-22,-0.70739657,0.31750107,-0.4653733
0,2018-01-23,-0.7777466,-1.0278283,-0.76572615
1,2018-01-23,-0.7777466,0.15466541,0.6002116
2,2018-01-23,-0.7777466,-1.4880971,-0.62799287
3,2018-01-23,-0.7777466,0.7707368,1.1615727
4,2018-01-23,-0.7777466,0.9973935,1.392686
5,2018-01-23,-0.7777466,1.3137908,0.8831416
6,2018-01-23,-0.7777466,1.7521037,2.6925886
7,2018-01-23,-0.7777466,-0.5802313,-0.6274052
8,2018-01-23,-0.7777466,0.45110157,0.32567772
9,2018-01-23,-0.7777466,-0.17509677,0.53716636
10,2018-01-23,-0.7777466,0.9921534,0.88920236
11,2018-01-23,-0.7777466,0.14878076,0.5528482
12,2018-01-23,-0.7777466,1.0328271,1.1032047
13,2018-01-23,-0.7777466,-0.21093228,-0.6865413
14,2018-01-23,-0.7777466,0.0094286585,0.40673453
15,2018-01-23,-0.7777466,1.5757755,0.62661225
16,2018-01-23,-0.7777466,1.2461597,0.8072767
17,2018-01-23,-0.7777466,0.70978,1.7897027
18,2018-01-23,-0.7777466,0.028153848,0.7498228
19,2018-01-23,-0.7777466,0.37612143,0.5274694
20,2018-01-23,-0.7777466,1.4921613,0.24242076
21,2018-01-23,-0.7777466,-1.1528475,-1.0252697
22,2018-01-23,-0.7777466,-0.19997546,-0.027354944
23,2018-01-23,-0.7777466,-0.07753227,-0.6870885
0,2018-01-24,-0.738748,-1.0159545,-1.0518453
1,2018-01-24,-0.738748,0.17055632,0.6518253
2,2018-01-24,-0.738748,-1.5211056,-0.79207826
3,2018-01-24,-0.738748,0.6990943,1.3529844
4,2018-01-24,-0.738748,0.98010427,1.3320439
5,2018-01-24,-0.738748,1.3724992,0.95590985
6,2018-01-24,-0.738748,1.6697277,2.5949888
7,2018-01-24,-0.738748,-0.4168901,-0.36964232
8,2018-01-24,-0.738748,0.55606514,0.27492088
9,2018-01-24,-0.738748,0.028267624,0.97419494
10,2018-01-24,-0.738748,1.1407245,0.9353966
11,2018-01-24,-0.738748,0.22065134,0.526779
12,2018-01-24,-0.738748,1.1209786,1.0951636
13,2018-01-24,-0.738748,-0.16969658,-0.59386563
14,2018-01-24,-0.738748,0.10777812,0.17264201
15,2018-01-24,-0.738748,1.5212823,0.74680066
16,2018-01-24,-0.738748,1.2326691,0.9749962
17,2018-01-24,-0.738748,0.6701784,1.8114971
18,2018-01-24,-0.738748,-0.08916853,0.2769162
19,2018-01-24,-0.738748,0.53871167,0.6299381
20,2018-01-24,-0.738748,1.3751643,0.14289801
21,2018-01-24,-0.738748,-1.3584846,-1.5600142
22,2018-01-24,-0.738748,-0.20106457,-0.08530234
23,2018-01-24,-0.738748,-0.06627862,-1.3221413
0,2018-01-25,-0.6536101,-1.034353,-0.7676739
1,2018-01-25,-0.6536101,0.18241508,0.6858398
2,2018-01-25,-0.6536101,-1.6008854,-0.90286314
3,2018-01-25,-0.6536101,0.47162881,1.157775
4,2018-01-25,-0.6536101,1.1006256,1.6413696
5,2018-01-25,-0.6536101,1.359037,0.9956173
6,2018-01-25,-0.6536101,1.6425849,2.5449035
7,2018-01-25,-0.6536101,-0.46437886,-0.86658525
8,2018-01-25,-0.6536101,0.32557958,0.14789936
9,2018-01-25,-0.6536101,-0.21237649,0.49161017
10,2018-01-25,-0.6536101,1.1379265,1.1203234
11,2018-01-25,-0.6536101,0.19786006,0.43294397
12,2018-01-25,-0.6536101,1.0446597,1.0563568
13,2018-01-25,-0.6536101,-0.1611818,-0.47122234
14,2018-01-25,-0.6536101,-0.014226484,0.30939046
15,2018-01-25,-0.6536101,1.5204318,0.70849794
16,2018-01-25,-0.6536101,1.1792296,0.774782
17,2018-01-25,-0.6536101,0.57884175,1.8350424
18,2018-01-25,-0.6536101,-0.07230825,0.66497177
19,2018-01-25,-0.6536101,0.5364701,0.2835506
20,2018-01-25,-0.6536101,1.2664901,0.70628935
21,2018-01-25,-0.6536101,-1.4369029,-1.087651
22,2018-01-25,-0.6536101,-0.17306258,-0.14042015
23,2018-01-25,-0.6536101,-0.24669851,-0.99029255
0,2018-01-26,-0.83370656,-0.9039286,-1.273458
1,2018-01-26,-0.83370656,0.2243495,0.6714621
2,2018-01-26,-0.83370656,-1.2385381,-1.0312024
3,2018-01-26,-0.83370656,0.45535347,1.0956154
4,2018-01-26,-0.83370656,0.88892907,1.1989162
5,2018-01-26,-0.83370656,1.3756753,1.1255449
6,2018-01-26,-0.83370656,1.6375284,2.590091
7,2018-01-26,-0.83370656,-0.59542584,-0.7961379
8,2018-01-26,-0.83370656,0.53230816,-0.06673284
9,2018-01-26,-0.83370656,-0.43767932,0.060182065
10,2018-01-26,-0.83370656,0.96151394,0.89186776
11,2018-01-26,-0.83370656,0.27122027,0.42126623
12,2018-01-26,-0.83370656,1.0839067,1.0432725
13,2018-01-26,-0.83370656,-0.18453185,-0.5817393
14,2018-01-26,-0.83370656,0.120530106,0.21307433
15,2018-01-26,-0.83370656,1.5446819,0.8358434
16,2018-01-26,-0.83370656,1.3421974,0.91972136
17,2018-01-26,-0.83370656,0.5064876,1.8008101
18,2018-01-26,-0.83370656,-0.009839258,-0.163048
19,2018-01-26,-0.83370656,0.5337854,0.6069072
20,2018-01-26,-0.83370656,1.3403963,0.08727772
21,2018-01-26,-0.83370656,-1.4231025,-1.1511852
22,2018-01-26,-0.83370656,0.021532869,0.42838275
23,2018-01-26,-0.83370656,-0.10366478,-0.52208775
0,2018-01-27,-0.85977405,-0.986249,-1.5761232
1,2018-01-27,-0.85977405,0.2881494,0.72834337
2,2018-01-27,-0.85977405,-1.1856863,-1.0878484
3,2018-01-27,-0.85977405,0.11701914,0.43930006
4,2018-01-27,-0.85977405,-0.024616268,-3.0039024
5,2018-01-27,-0.85977405,1.1086234,0.603274
6,2018-01-27,-0.85977405,0.10037631,-1.6245731
7,2018-01-27,-0.85977405,-0.49946198,-0.783675
8,2018-01-27,-0.85977405,0.4483237,-0.32892138
9,2018-01-27,-0.85977405,-1.147128,-2.7229583
10,2018-01-27,-0.85977405,0.33051777,-0.8173157
11,2018-01-27,-0.85977405,0.28740847,0.10873741
12,2018-01-27,-0.85977405,1.0731453,1.1547056
13,2018-01-27,-0.85977405,-0.40555617,-1.1745874
14,2018-01-27,-0.85977405,0.20929171,0.38728207
15,2018-01-27,-0.85977405,1.316136,0.26957586
16,2018-01-27,-0.85977405,1.3551397,0.89236104
17,2018-01-27,-0.85977405,-0.5863137,-2.0776126
18,2018-01-27,-0.85977405,-0.112687424,0.5339835
19,2018-01-27,-0.85977405,0.6638882,0.50929326
20,2018-01-27,-0.85977405,0.79870397,0.63189125
21,2018-01-27,-0.85977405,-1.4107906,-1.3775834
22,2018-01-27,-0.85977405,-0.4869421,-0.12888415
23,2018-01-27,-0.85977405,-0.19586441,-1.4051868
0,2018-01-28,-0.9399958,-0.90923977,-0.79859024
1,2018-01-28,-0.9399958,0.31910816,0.81565505
2,2018-01-28,-0.9399958,-1.2433873,-0.86411047
3,2018-01-28,-0.9399958,0.123630024,0.46290812
4,2018-01-28,-0.9399958,-0.060009062,-2.776524
5,2018-01-28,-0.9399958,1.030236,-0.03813302
6,2018-01-28,-0.9399958,0.074753955,-2.3345249
7,2018-01-28,-0.9399958,-0.5067826,-0.97290367
8,2018-01-28,-0.9399958,0.54335487,0.29963803
9,2018-01-28,-0.9399958,-1.1509097,-2.7034535
10,2018-01-28,-0.9399958,0.4377752,-0.38954896
11,2018-01-28,-0.9399958,0.31844935,0.63205814
12,2018-01-28,-0.9399958,1.0784762,1.2439835
13,2018-01-28,-0.9399958,-0.39332488,-1.1336302
14,2018-01-28,-0.9399958,0.29592186,0.6366751
15,2018-01-28,-0.9399958,1.2374283,0.15797378
16,2018-01-28,-0.9399958,1.3273901,1.1035994
17,2018-01-28,-0.9399958,-0.6454034,-1.819804
18,2018-01-28,-0.9399958,0.0518723,0.69750905
19,2018-01-28,-0.9399958,0.5897334,0.62367487
20,2018-01-28,-0.9399958,0.87345654,1.0503141
21,2018-01-28,-0.9399958,-1.5643182,-1.5544549
22,2018-01-28,-0.9399958,-0.5521573,-0.40282464
23,2018-01-28,-0.9399958,-0.13169292,-0.3543575
0,2018-01-29,-0.9974599,-0.8372623,-1.0970888
1,2018-01-29,-0.9974599,0.3110214,0.7872545
2,2018-01-29,-0.9974599,-1.0105469,-1.074608
3,2018-01-29,-0.9974599,0.57879174,1.3594874
4,2018-01-29,-0.9974599,0.9897256,1.4437674
5,2018-01-29,-0.9974599,1.3330679,0.8681794
6,2018-01-29,-0.9974599,1.7299469,2.5864065
7,2018-01-29,-0.9974599,-0.24518594,-0.3568998
8,2018-01-29,-0.9974599,0.7369158,0.25242114
9,2018-01-29,-0.9974599,-0.57604367,-0.34023702
10,2018-01-29,-0.9974599,0.9584723,0.8572653
11,2018-01-29,-0.9974599,0.43655854,0.74783057
12,2018-01-29,-0.9974599,1.2327613,1.2855427
13,2018-01-29,-0.9974599,0.054147806,0.040709645
14,2018-01-29,-0.9974599,0.24213925,0.503864
15,2018-01-29,-0.9974599,1.5139726,0.93051225
16,2018-01-29,-0.9974599,1.4160796,0.88842064
17,2018-01-29,-0.9974599,0.5970572,1.8028594
18,2018-01-29,-0.9974599,0.12945962,0.6471243
19,2018-01-29,-0.9974599,0.63660693,0.6229779
20,2018-01-29,-0.9974599,1.0522795,0.05579462
21,2018-01-29,-0.9974599,-1.4817545,-1.6418539
22,2018-01-29,-0.9974599,0.013905803,0.04743053
23,2018-01-29,-0.9974599,0.037224207,-0.8806526
0,2018-01-30,-0.8202441,-0.88249385,-0.8705279
1,2018-01-30,-0.8202441,0.36003187,0.72216445
2,2018-01-30,-0.8202441,-1.2744002,-0.82933444
3,2018-01-30,-0.8202441,0.5206705,1.1210855
4,2018-01-30,-0.8202441,0.93875754,1.3362014
5,2018-01-30,-0.8202441,1.3894674,1.0332507
6,2018-01-30,-0.8202441,1.7593724,2.6580627
7,2018-01-30,-0.8202441,-0.4461198,-0.7929046
8,2018-01-30,-0.8202441,0.5670999,-0.014872479
9,2018-01-30,-0.8202441,-0.1563023,0.38667467
10,2018-01-30,-0.8202441,1.0726727,0.8961595
11,2018-01-30,-0.8202441,0.29077032,0.49288666
12,2018-01-30,-0.8202441,1.1038682,0.9594341
13,2018-01-30,-0.8202441,-0.09427649,-0.46311313
14,2018-01-30,-0.8202441,0.16961676,0.24706693
15,2018-01-30,-0.8202441,1.5136236,0.9571404
16,2018-01-30,-0.8202441,1.4015889,1.0335683
17,2018-01-30,-0.8202441,0.6947708,1.8178636
18,2018-01-30,-0.8202441,0.024932818,0.7641832
19,2018-01-30,-0.8202441,0.56825376,0.5368929
20,2018-01-30,-0.8202441,0.87492186,0.7647452
21,2018-01-30,-0.8202441,-1.492744,-1.1598666
22,2018-01-30,-0.8202441,-0.15609127,-0.047052715
23,2018-01-30,-0.8202441,-0.2062964,-0.8899576
0,2018-01-31,-0.904356,-1.013244,-1.2210678
1,2018-01-31,-0.904356,0.25231707,0.6520888
2,2018-01-31,-0.904356,-1.2555324,-0.9730523
3,2018-01-31,-0.904356,0.5481811,1.2414995
4,2018-01-31,-0.904356,1.0062455,1.4495002
5,2018-01-31,-0.904356,1.3551059,0.9503604
6,2018-01-31,-0.904356,1.671738,2.6192107
7,2018-01-31,-0.904356,-0.51189464,-0.61139435
8,2018-01-31,-0.904356,0.5522697,-0.12991326
9,2018-01-31,-0.904356,-0.09002506,-0.028246166
10,2018-01-31,-0.904356,0.97858435,0.5696389
11,2018-01-31,-0.904356,0.38120738,0.64060324
12,2018-01-31,-0.904356,1.1148503,1.1083653
13,2018-01-31,-0.904356,-0.07091542,-0.42727405
14,2018-01-31,-0.904356,0.1557004,0.3389745
15,2018-01-31,-0.904356,1.5099529,0.85744405
16,2018-01-31,-0.904356,1.3367009,0.95459574
17,2018-01-31,-0.904356,0.71431905,1.8051102
18,2018-01-31,-0.904356,0.043368984,0.6769279
19,2018-01-31,-0.904356,0.61959845,0.47223076
20,2018-01-31,-0.904356,0.9436384,0.7611515
21,2018-01-31,-0.904356,-1.4430596,-1.1213464
22,2018-01-31,-0.904356,-0.16573647,0.21982302
23,2018-01-31,-0.904356,-0.2632147,-0.7146268
0,2018-02-01,-1.3645358,-0.9722093,-1.1706351
1,2018-02-01,-1.3645358,0.30528262,0.8233855
2,2018-02-01,-1.3645358,-1.2278405,-1.2801185
3,2018-02-01,-1.3645358,0.38790864,1.1990952
4,2018-02-01,-1.3645358,0.98305416,1.4555671
5,2018-02-01,-1.3645358,1.4229237,1.0622872
6,2018-02-01,-1.3645358,1.6707718,2.6017466
7,2018-02-01,-1.3645358,-0.3176424,-0.6654618
8,2018-02-01,-1.3645358,0.66402125,-0.13778505
9,2018-02-01,-1.3645358,0.04141737,0.25421548
10,2018-02-01,-1.3645358,0.99536115,1.0817986
11,2018-02-01,-1.3645358,0.39659408,0.48983827
12,2018-02-01,-1.3645358,1.171219,1.2487378
13,2018-02-01,-1.3645358,-0.0707232,-0.45227656
14,2018-02-01,-1.3645358,0.22727048,0.30646095
15,2018-02-01,-1.3645358,1.5159422,0.86431915
16,2018-02-01,-1.3645358,1.427893,1.0850029
17,2018-02-01,-1.3645358,0.7259347,1.8474559
18,2018-02-01,-1.3645358,0.10519478,0.37527332
19,2018-02-01,-1.3645358,0.72991085,0.49622008
20,2018-02-01,-1.3645358,1.1537008,0.6832656
21,2018-02-01,-1.3645358,-1.3807484,-1.4556339
22,2018-02-01,-1.3645358,-0.03175199,0.4110871
23,2018-02-01,-1.3645358,0.061372988,-0.8808829
0,2018-02-02,-1.4504424,-1.1495531,-1.1901864
1,2018-02-02,-1.4504424,0.2845315,0.8571552
2,2018-02-02,-1.4504424,-1.3882984,-0.62182415
3,2018-02-02,-1.4504424,0.49774846,1.3599021
4,2018-02-02,-1.4504424,0.8799335,1.2693075
5,2018-02-02,-1.4504424,1.3646139,0.88279945
6,2018-02-02,-1.4504424,1.5932368,2.5393836
7,2018-02-02,-1.4504424,-0.45096532,-0.5171017
8,2018-02-02,-1.4504424,0.4618359,0.24350952
9,2018-02-02,-1.4504424,-0.25448662,-0.9718145
10,2018-02-02,-1.4504424,1.0383241,0.4583097
11,2018-02-02,-1.4504424,0.19827387,0.16921847
12,2018-02-02,-1.4504424,1.0918512,0.8717899
13,2018-02-02,-1.4504424,-0.106715605,-0.58620006
14,2018-02-02,-1.4504424,0.16627783,0.24190103
15,2018-02-02,-1.4504424,1.4909525,0.5039064
16,2018-02-02,-1.4504424,1.350915,0.7960221
17,2018-02-02,-1.4504424,0.6867359,1.7441632
18,2018-02-02,-1.4504424,0.04589727,0.8115474
19,2018-02-02,-1.4504424,0.5404706,0.024720404
20,2018-02-02,-1.4504424,1.1460743,0.6836439
21,2018-02-02,-1.4504424,-1.3760079,-1.1954197
22,2018-02-02,-1.4504424,-0.17535643,-0.2533379
23,2018-02-02,-1.4504424,-0.028728688,-0.68078643
0,2018-02-03,-1.420259,-1.1850739,-1.4431114
1,2018-02-03,-1.420259,0.44238722,0.6413451
2,2018-02-03,-1.420259,-1.219412,-0.9028031
3,2018-02-03,-1.420259,0.4235143,0.3907079
4,2018-02-03,-1.420259,-0.072567455,-3.0898128
5,2018-02-03,-1.420259,1.0815403,0.04537997
6,2018-02-03,-1.420259,0.037832536,-3.356642
7,2018-02-03,-1.420259,-0.6793694,-0.8387186
8,2018-02-03,-1.420259,0.58561456,-0.09803317
9,2018-02-03,-1.420259,-0.8337426,-3.1776536
10,2018-02-03,-1.420259,0.46697778,-0.89783645
11,2018-02-03,-1.420259,0.28505495,0.3472569
12,2018-02-03,-1.420259,1.0577779,0.93795353
13,2018-02-03,-1.420259,-0.4263908,-1.1151515
14,2018-02-03,-1.420259,0.32542908,0.31588867
15,2018-02-03,-1.420259,1.3141633,0.34868932
16,2018-02-03,-1.420259,1.4065537,0.7201983
17,2018-02-03,-1.420259,-0.3876953,-1.5664805
18,2018-02-03,-1.420259,0.017162617,0.4306552
19,2018-02-03,-1.420259,0.7044353,0.31564474
20,2018-02-03,-1.420259,1.0887595,0.94534063
21,2018-02-03,-1.420259,-1.2842078,-1.480157
22,2018-02-03,-1.420259,-0.58815795,-0.64847314
23,2018-02-03,-1.420259,-0.04133158,-1.1203468
0,2018-02-04,-1.3314857,-1.109529,-1.2175257
1,2018-02-04,-1.3314857,0.4573982,0.81523734
2,2018-02-04,-1.3314857,-1.1448002,-1.0458087
3,2018-02-04,-1.3314857,0.4173929,0.34472746
4,2018-02-04,-1.3314857,-0.062303834,-2.7855294
5,2018-02-04,-1.3314857,1.017105,-0.16650434
6,2018-02-04,-1.3314857,0.08923919,-2.2740655
7,2018-02-04,-1.3314857,-0.34956,-0.47811526
8,2018-02-04,-1.3314857,0.6215923,0.16840453
9,2018-02-04,-1.3314857,-0.80540705,-3.049055
10,2018-02-04,-1.3314857,0.3750759,-0.47148183
11,2018-02-04,-1.3314857,0.3441864,0.6309953
12,2018-02-04,-1.3314857,1.0843934,1.2075219
13,2018-02-04,-1.3314857,-0.2832162,-0.6020134
14,2018-02-04,-1.3314857,0.34557784,0.48704225
15,2018-02-04,-1.3314857,1.2684959,0.22593921
16,2018-02-04,-1.3314857,1.4235072,1.0070786
17,2018-02-04,-1.3314857,-0.5179124,-1.3533084
18,2018-02-04,-1.3314857,0.23480488,0.50796396
19,2018-02-04,-1.3314857,0.68464714,0.3602543
20,2018-02-04,-1.3314857,1.0142983,1.077485
21,2018-02-04,-1.3314857,-1.33399,-1.2401018
22,2018-02-04,-1.3314857,-0.44373003,-0.4530351
23,2018-02-04,-1.3314857,-0.04303546,-1.0747701
0,2018-02-05,-1.3555379,-0.97766775,-1.0906625
1,2018-02-05,-1.3555379,0.506728,0.88906926
2,2018-02-05,-1.3555379,-1.0165155,-0.99318564
3,2018-02-05,-1.3555379,0.667028,1.0771942
4,2018-02-05,-1.3555379,0.96067166,1.4037662
5,2018-02-05,-1.3555379,1.4123563,1.127139
6,2018-02-05,-1.3555379,1.6355722,2.557082
7,2018-02-05,-1.3555379,-0.28733873,-0.24592102
8,2018-02-05,-1.3555379,0.7157412,-0.157712
9,2018-02-05,-1.3555379,-0.32168826,-0.7014541
10,2018-02-05,-1.3555379,1.010975,0.99211526
11,2018-02-05,-1.3555379,0.42202374,0.6060173
12,2018-02-05,-1.3555379,1.2200776,1.2940009
13,2018-02-05,-1.3555379,-0.009141927,-0.33528075
14,2018-02-05,-1.3555379,0.24637096,0.5085917
15,2018-02-05,-1.3555379,1.5517639,0.92456084
16,2018-02-05,-1.3555379,1.5106287,0.86818206
17,2018-02-05,-1.3555379,0.7490255,1.7736039
18,2018-02-05,-1.3555379,0.2389196,0.3973818
19,2018-02-05,-1.3555379,0.7406924,0.61427015
20,2018-02-05,-1.3555379,1.1884569,0.39405012
21,2018-02-05,-1.3555379,-1.4114883,-1.2121147
22,2018-02-05,-1.3555379,-0.052644413,0.40175506
23,2018-02-05,-1.3555379,0.14309934,-0.9810647
0,2018-02-06,-1.3380227,-1.0515546,-1.2597893
1,2018-02-06,-1.3380227,0.4436236,0.7935753
2,2018-02-06,-1.3380227,-1.2624942,-0.46422243
3,2018-02-06,-1.3380227,0.68723273,1.1308819
4,2018-02-06,-1.3380227,0.96204704,1.4014935
5,2018-02-06,-1.3380227,1.3865266,0.9860077
6,2018-02-06,-1.3380227,1.6897144,2.562324
7,2018-02-06,-1.3380227,-0.2961595,-0.5358339
8,2018-02-06,-1.3380227,0.6572062,0.40677136
9,2018-02-06,-1.3380227,-0.23936139,-0.29532155
10,2018-02-06,-1.3380227,0.9506709,0.76209164
11,2018-02-06,-1.3380227,0.3512175,0.40998816
12,2018-02-06,-1.3380227,1.1590382,1.0433313
13,2018-02-06,-1.3380227,-0.063829705,-0.45203224
14,2018-02-06,-1.3380227,0.13449417,0.37222433
15,2018-02-06,-1.3380227,1.5260338,0.93357545
16,2018-02-06,-1.3380227,1.3980551,0.8008025
17,2018-02-06,-1.3380227,0.7802279,1.8766772
18,2018-02-06,-1.3380227,0.13800377,0.8244384
19,2018-02-06,-1.3380227,0.64869463,0.34784836
20,2018-02-06,-1.3380227,0.9712546,1.2539186
21,2018-02-06,-1.3380227,-1.6103792,-1.3470567
22,2018-02-06,-1.3380227,-0.14367647,-0.17546795
23,2018-02-06,-1.3380227,-0.02702986,-0.6382006
0,2018-02-07,-1.3623294,-1.064625,-1.4800165
1,2018-02-07,-1.3623294,0.4944187,0.8216798
2,2018-02-07,-1.3623294,-1.075374,-1.4093982
3,2018-02-07,-1.3623294,0.63307345,1.1805466
4,2018-02-07,-1.3623294,1.0122434,1.5111557
5,2018-02-07,-1.3623294,1.4312233,1.2378334
6,2018-02-07,-1.3623294,1.6834522,2.5984478
7,2018-02-07,-1.3623294,-0.53404045,-0.27345604
8,2018-02-07,-1.3623294,0.8157101,-0.12008374
9,2018-02-07,-1.3623294,-0.52989364,-0.7860794
10,2018-02-07,-1.3623294,0.9647331,0.78564197
11,2018-02-07,-1.3623294,0.5647891,0.8399783
12,2018-02-07,-1.3623294,1.2380344,1.2257026
13,2018-02-07,-1.3623294,0.05768814,-0.003126082
14,2018-02-07,-1.3623294,0.2605167,0.26907146
15,2018-02-07,-1.3623294,1.5944736,0.8602065
16,2018-02-07,-1.3623294,1.482062,0.96055526
17,2018-02-07,-1.3623294,0.73623407,1.7735188
18,2018-02-07,-1.3623294,0.21557367,-0.29752612
19,2018-02-07,-1.3623294,0.77949154,0.6809274
20,2018-02-07,-1.3623294,1.3714546,0.103894666
21,2018-02-07,-1.3623294,-1.4605016,-1.005852
22,2018-02-07,-1.3623294,-0.017298413,0.020189503
23,2018-02-07,-1.3623294,0.022220107,-0.7503017
0,2018-02-08,-1.3832345,-1.0584265,-1.33437
1,2018-02-08,-1.3832345,0.46589968,0.66552293
2,2018-02-08,-1.3832345,-1.3006359,-0.82954943
3,2018-02-08,-1.3832345,0.6471871,1.2864726
4,2018-02-08,-1.3832345,1.0059367,1.4751548
5,2018-02-08,-1.3832345,1.3986739,0.9777982
6,2018-02-08,-1.3832345,1.6978117,2.5775225
7,2018-02-08,-1.3832345,-0.37741563,-0.3359163
8,2018-02-08,-1.3832345,0.67970204,0.40613464
9,2018-02-08,-1.3832345,-0.54887253,-0.7541861
10,2018-02-08,-1.3832345,0.95124435,0.74737066
11,2018-02-08,-1.3832345,0.39611146,0.36180237
12,2018-02-08,-1.3832345,1.2080152,0.9754512
13,2018-02-08,-1.3832345,-0.067042015,-0.47168744
14,2018-02-08,-1.3832345,0.25447834,0.5865734
15,2018-02-08,-1.3832345,1.5666946,0.82858014
16,2018-02-08,-1.3832345,1.3835671,0.9363728
17,2018-02-08,-1.3832345,0.62940836,1.7780284
18,2018-02-08,-1.3832345,0.23737995,0.5769409
19,2018-02-08,-1.3832345,0.69775236,0.37988916
20,2018-02-08,-1.3832345,1.251091,0.48762277
21,2018-02-08,-1.3832345,-1.5224352,-1.3675771
22,2018-02-08,-1.3832345,-0.07863378,0.20318997
23,2018-02-08,-1.3832345,0.0025438843,-0.75605696
0,2018-02-09,-1.3524617,-1.1267843,-1.340793
1,2018-02-09,-1.3524617,0.44675517,0.7020321
2,2018-02-09,-1.3524617,-1.2163804,-1.1532431
3,2018-02-09,-1.3524617,0.516064,1.1855078
4,2018-02-09,-1.3524617,0.94205564,1.3572769
5,2018-02-09,-1.3524617,1.3970412,1.0828602
6,2018-02-09,-1.3524617,1.611138,2.4818435
7,2018-02-09,-1.3524617,-0.306174,-0.18720552
8,2018-02-09,-1.3524617,0.6449662,0.107332975
9,2018-02-09,-1.3524617,-0.40118363,-0.12512095
10,2018-02-09,-1.3524617,1.0084063,0.6491837
11,2018-02-09,-1.3524617,0.39126042,0.3171633
12,2018-02-09,-1.3524617,1.1269467,0.8395349
13,2018-02-09,-1.3524617,-0.07583665,-0.33999366
14,2018-02-09,-1.3524617,0.20972571,0.43817237
15,2018-02-09,-1.3524617,1.5468835,0.779796
16,2018-02-09,-1.3524617,1.4612223,0.74643093
17,2018-02-09,-1.3524617,0.5871845,1.6479013
18,2018-02-09,-1.3524617,0.1376019,0.17168942
19,2018-02-09,-1.3524617,0.6433724,0.10593583
20,2018-02-09,-1.3524617,1.3098027,0.4335082
21,2018-02-09,-1.3524617,-1.3863105,-0.9199145
22,2018-02-09,-1.3524617,-0.15339094,0.1679502
23,2018-02-09,-1.3524617,-0.089896604,-0.74407333
0,2018-02-10,-1.3768542,-1.1361258,-1.7305547
1,2018-02-10,-1.3768542,0.5179587,0.7882061
2,2018-02-10,-1.3768542,-0.99832666,-1.1425354
3,2018-02-10,-1.3768542,0.16353483,0.589698
4,2018-02-10,-1.3768542,-0.06626899,-3.0390353
5,2018-02-10,-1.3768542,1.0985277,0.23559286
6,2018-02-10,-1.3768542,0.17484444,-2.169401
7,2018-02-10,-1.3768542,-0.4347661,-0.45077872
8,2018-02-10,-1.3768542,0.7924835,-0.15077707
9,2018-02-10,-1.3768542,-0.8958996,-2.165026
10,2018-02-10,-1.3768542,0.55649316,-0.90764874
11,2018-02-10,-1.3768542,0.4273588,0.544557
12,2018-02-10,-1.3768542,1.1623446,1.0774668
13,2018-02-10,-1.3768542,-0.34069332,-0.80888546
14,2018-02-10,-1.3768542,0.3491237,0.24015464
15,2018-02-10,-1.3768542,1.3305185,-0.088155895
16,2018-02-10,-1.3768542,1.485539,0.9320818
17,2018-02-10,-1.3768542,-0.33957666,-0.79699385
18,2018-02-10,-1.3768542,0.23644727,0.46153378
19,2018-02-10,-1.3768542,0.7533072,0.347843
20,2018-02-10,-1.3768542,1.1178722,0.8552914
21,2018-02-10,-1.3768542,-1.2603977,-1.4477065
22,2018-02-10,-1.3768542,-0.3984833,-0.51945394
23,2018-02-10,-1.3768542,0.0042638164,-0.25720924
0,2018-02-11,-1.3547232,-1.1132313,-1.5611935
1,2018-02-11,-1.3547232,0.5269079,0.89856374
2,2018-02-11,-1.3547232,-0.9792454,-1.2638123
3,2018-02-11,-1.3547232,0.13721973,0.5475342
4,2018-02-11,-1.3547232,-0.068268314,-3.0916216
5,2018-02-11,-1.3547232,1.0561731,-0.02231639
6,2018-02-11,-1.3547232,0.18398453,-2.4611382
7,2018-02-11,-1.3547232,-0.13626136,0.19462834
8,2018-02-11,-1.3547232,0.7821593,-0.21580458
9,2018-02-11,-1.3547232,-0.90889615,-3.1064343
10,2018-02-11,-1.3547232,0.4252058,-0.720729
11,2018-02-11,-1.3547232,0.4545506,0.6968344
12,2018-02-11,-1.3547232,1.1942805,1.4164469
13,2018-02-11,-1.3547232,-0.22523583,-0.7531587
14,2018-02-11,-1.3547232,0.3951407,0.7214679
15,2018-02-11,-1.3547232,1.3879616,0.44213924
16,2018-02-11,-1.3547232,1.4905593,1.0081941
17,2018-02-11,-1.3547232,-0.4593067,-1.148473
18,2018-02-11,-1.3547232,0.28267807,0.4932434
19,2018-02-11,-1.3547232,0.7499605,0.5912131
20,2018-02-11,-1.3547232,1.1243556,0.7067669
21,2018-02-11,-1.3547232,-1.3268001,-1.6208843
22,2018-02-11,-1.3547232,-0.47399148,0.041836184
23,2018-02-11,-1.3547232,-0.18320417,-1.0106244
0,2018-02-12,-1.7143255,-1.1244208,-0.95376843
1,2018-02-12,-1.7143255,0.48677605,0.8309264
2,2018-02-12,-1.7143255,-1.1339494,-0.986119
3,2018-02-12,-1.7143255,0.45691374,1.1354674
4,2018-02-12,-1.7143255,0.9388172,1.3215046
5,2018-02-12,-1.7143255,1.3543586,0.9381986
6,2018-02-12,-1.7143255,1.6725234,2.570262
7,2018-02-12,-1.7143255,-0.36202064,-0.19816618
8,2018-02-12,-1.7143255,0.66618204,0.4014156
9,2018-02-12,-1.7143255,-0.34391755,-0.13607585
10,2018-02-12,-1.7143255,0.9762666,0.7663304
11,2018-02-12,-1.7143255,0.35927445,0.58738816
12,2018-02-12,-1.7143255,1.1916949,1.1164494
13,2018-02-12,-1.7143255,-0.03707786,-0.61100614
14,2018-02-12,-1.7143255,0.25351173,0.70643896
15,2018-02-12,-1.7143255,1.5799627,0.90114015
16,2018-02-12,-1.7143255,1.4410465,0.8629413
17,2018-02-12,-1.7143255,0.7251699,1.7257868
18,2018-02-12,-1.7143255,0.22318329,0.84568036
19,2018-02-12,-1.7143255,0.68460536,0.52511775
20,2018-02-12,-1.7143255,1.4277737,0.26622808
21,2018-02-12,-1.7143255,-1.3660512,-1.097075
22,2018-02-12,-1.7143255,-0.12699924,0.05642559
23,2018-02-12,-1.7143255,0.0038990933,-0.25013912
0,2018-02-13,-1.5289236,-0.9916185,-1.1623278
1,2018-02-13,-1.5289236,0.5160438,0.86882836
2,2018-02-13,-1.5289236,-1.2841363,-0.4427564
3,2018-02-13,-1.5289236,0.6438257,1.1623912
4,2018-02-13,-1.5289236,0.9282297,1.3233591
5,2018-02-13,-1.5289236,1.3201823,0.8865442
6,2018-02-13,-1.5289236,1.7472131,2.6576047
7,2018-02-13,-1.5289236,-0.31749466,-0.15827353
8,2018-02-13,-1.5289236,0.6582715,0.32258078
9,2018-02-13,-1.5289236,-0.5211527,-0.32723483
10,2018-02-13,-1.5289236,0.95588803,0.85073924
11,2018-02-13,-1.5289236,0.32310587,0.48798257
12,2018-02-13,-1.5289236,1.1980429,1.0044869
13,2018-02-13,-1.5289236,-0.11611994,-0.47213313
14,2018-02-13,-1.5289236,0.25622857,0.29215288
15,2018-02-13,-1.5289236,1.5659299,0.83050334
16,2018-02-13,-1.5289236,1.5090698,1.0871371
17,2018-02-13,-1.5289236,0.7909971,1.8077811
18,2018-02-13,-1.5289236,0.22470412,0.74702466
19,2018-02-13,-1.5289236,0.74057126,0.36033484
20,2018-02-13,-1.5289236,1.3214105,0.09671407
21,2018-02-13,-1.5289236,-1.352255,-1.2146722
22,2018-02-13,-1.5289236,-0.19085509,-0.30667478
23,2018-02-13,-1.5289236,0.07973575,-0.7316958
0,2018-02-14,-1.2722725,-1.0225778,-1.4300779
1,2018-02-14,-1.2722725,0.54328376,0.8322854
2,2018-02-14,-1.2722725,-1.1959041,-0.7487749
3,2018-02-14,-1.2722725,0.69094694,1.2399311
4,2018-02-14,-1.2722725,0.9755207,1.4141747
5,2018-02-14,-1.2722725,1.3993832,1.0469533
6,2018-02-14,-1.2722725,1.741806,2.6683714
7,2018-02-14,-1.2722725,-0.2580462,-0.3636765
8,2018-02-14,-1.2722725,0.716578,0.19695047
9,2018-02-14,-1.2722725,-0.757321,-0.94898856
10,2018-02-14,-1.2722725,1.0073837,0.8699614
11,2018-02-14,-1.2722725,0.40032297,0.6685769
12,2018-02-14,-1.2722725,1.2250819,1.1341622
13,2018-02-14,-1.2722725,-0.13320825,-0.6906689
14,2018-02-14,-1.2722725,0.30593455,0.28560826
15,2018-02-14,-1.2722725,1.5224742,0.7537544
16,2018-02-14,-1.2722725,1.5293809,0.99443704
17,2018-02-14,-1.2722725,0.6818986,1.7674235
18,2018-02-14,-1.2722725,0.2080044,0.706877
19,2018-02-14,-1.2722725,0.7148925,0.52302074
20,2018-02-14,-1.2722725,1.3098843,0.073970005
21,2018-02-14,-1.2722725,-1.2902334,-1.3655512
22,2018-02-14,-1.2722725,-0.23171598,0.162357
23,2018-02-14,-1.2722725,-0.0039307484,-0.9141485
0,2018-02-15,-0.8545973,-1.1183314,-1.477705
1,2018-02-15,-0.8545973,0.48154008,0.70399946
2,2018-02-15,-0.8545973,-1.0483354,-1.3698566
3,2018-02-15,-0.8545973,0.6901969,1.0228544
4,2018-02-15,-0.8545973,0.96162635,1.4120996
5,2018-02-15,-0.8545973,1.4076617,1.0690223
6,2018-02-15,-0.8545973,1.7346116,2.6471415
7,2018-02-15,-0.8545973,-0.39833558,-0.5290593
8,2018-02-15,-0.8545973,0.7301012,-0.34147212
9,2018-02-15,-0.8545973,-0.7402579,-1.1362269
10,2018-02-15,-0.8545973,0.94252175,0.9761792
11,2018-02-15,-0.8545973,0.4034307,0.4902646
12,2018-02-15,-0.8545973,1.1798856,0.97347116
13,2018-02-15,-0.8545973,-0.08395094,-0.4652216
14,2018-02-15,-0.8545973,0.2333024,0.1692085
15,2018-02-15,-0.8545973,1.5545188,0.8843563
16,2018-02-15,-0.8545973,1.5219269,0.91604906
17,2018-02-15,-0.8545973,0.5911758,1.6218789
18,2018-02-15,-0.8545973,0.29026616,0.70264274
19,2018-02-15,-0.8545973,0.8208034,0.6095055
20,2018-02-15,-0.8545973,1.5280101,0.649815
21,2018-02-15,-0.8545973,-1.2712233,-1.3540074
22,2018-02-15,-0.8545973,-0.007833971,0.25197774
23,2018-02-15,-0.8545973,0.0026760104,-0.7670692
0,2018-02-16,-0.7912888,-1.0806549,-1.0413458
1,2018-02-16,-0.7912888,0.38615614,0.79668605
2,2018-02-16,-0.7912888,-1.1894308,-1.2257444
3,2018-02-16,-0.7912888,0.52805763,0.8816004
4,2018-02-16,-0.7912888,0.93810654,1.2953526
5,2018-02-16,-0.7912888,1.4481583,1.2678576
6,2018-02-16,-0.7912888,1.6585373,2.4662943
7,2018-02-16,-0.7912888,-0.53339636,-1.3859373
8,2018-02-16,-0.7912888,0.58386296,-0.41783214
9,2018-02-16,-0.7912888,-0.42425016,-0.46410197
10,2018-02-16,-0.7912888,0.9569937,0.85527456
11,2018-02-16,-0.7912888,0.29387805,0.37216812
12,2018-02-16,-0.7912888,1.1459852,1.067229
13,2018-02-16,-0.7912888,-0.09434072,-0.22958484
14,2018-02-16,-0.7912888,0.14913172,0.28779095
15,2018-02-16,-0.7912888,1.5005513,0.7987439
16,2018-02-16,-0.7912888,1.4306076,0.83693314
17,2018-02-16,-0.7912888,0.4768166,1.3808848
18,2018-02-16,-0.7912888,0.16516392,0.555911
19,2018-02-16,-0.7912888,0.6119159,0.06750745
20,2018-02-16,-0.7912888,1.5390683,0.44044906
21,2018-02-16,-0.7912888,-1.4595946,-1.470478
22,2018-02-16,-0.7912888,-0.21076666,0.24969053
23,2018-02-16,-0.7912888,-0.21136995,-1.0622385
0,2018-02-17,-1.0403453,-1.0274402,-1.6744918
1,2018-02-17,-1.0403453,0.42590678,0.78012127
2,2018-02-17,-1.0403453,-1.1991838,-1.3181205
3,2018-02-17,-1.0403453,0.2622903,0.5415544
4,2018-02-17,-1.0403453,-0.0045110937,-3.325932
5,2018-02-17,-1.0403453,1.1131666,0.52598
6,2018-02-17,-1.0403453,0.37748122,-2.5470397
7,2018-02-17,-1.0403453,-0.53555715,-0.92266965
8,2018-02-17,-1.0403453,0.5618488,-0.435044
9,2018-02-17,-1.0403453,-0.5163571,-2.2789812
10,2018-02-17,-1.0403453,0.54444677,-0.8653394
11,2018-02-17,-1.0403453,0.24088359,0.37780583
12,2018-02-17,-1.0403453,1.0937711,1.119417
13,2018-02-17,-1.0403453,-0.4755788,-1.3371148
14,2018-02-17,-1.0403453,0.10547463,0.08648488
15,2018-02-17,-1.0403453,1.273813,0.10503981
16,2018-02-17,-1.0403453,1.459062,1.0358919
17,2018-02-17,-1.0403453,-0.40206173,-1.2298834
18,2018-02-17,-1.0403453,0.07419196,0.3998393
19,2018-02-17,-1.0403453,0.7158963,0.7772529
20,2018-02-17,-1.0403453,1.2846538,0.013395358
21,2018-02-17,-1.0403453,-1.3165663,-1.0340782
22,2018-02-17,-1.0403453,-0.57980007,-0.5136308
23,2018-02-17,-1.0403453,-0.30479586,-0.81019455
0,2018-02-18,-1.3486725,-0.9397641,-1.5223312
1,2018-02-18,-1.3486725,0.37015972,0.8396499
2,2018-02-18,-1.3486725,-1.2614794,-1.2120833
3,2018-02-18,-1.3486725,0.2575636,0.4564492
4,2018-02-18,-1.3486725,-0.03320629,-3.2245793
5,2018-02-18,-1.3486725,1.0460851,-0.12219299
6,2018-02-18,-1.3486725,0.3889716,-2.448923
7,2018-02-18,-1.3486725,-0.5946257,-0.7550662
8,2018-02-18,-1.3486725,0.49079442,-0.45336995
9,2018-02-18,-1.3486725,-0.44837648,-3.30465
10,2018-02-18,-1.3486725,0.38475275,-0.6272662
11,2018-02-18,-1.3486725,0.16551718,0.27833292
12,2018-02-18,-1.3486725,1.0333881,0.9690839
13,2018-02-18,-1.3486725,-0.555065,-1.3178146
14,2018-02-18,-1.3486725,0.12741947,0.21241939
15,2018-02-18,-1.3486725,1.2268592,-0.008780647
16,2018-02-18,-1.3486725,1.3575479,0.7494093
17,2018-02-18,-1.3486725,-0.47715974,-1.5508224
18,2018-02-18,-1.3486725,0.07257571,0.011199045
19,2018-02-18,-1.3486725,0.643015,0.4102137
20,2018-02-18,-1.3486725,1.0712478,-1.0851122
21,2018-02-18,-1.3486725,-1.4058362,-1.1704617
22,2018-02-18,-1.3486725,-0.6155599,-0.8612682
23,2018-02-18,-1.3486725,-0.19689527,-1.2795705
0,2018-02-19,-1.2095348,-0.965781,-1.3674256
1,2018-02-19,-1.2095348,0.30666903,0.66249925
2,2018-02-19,-1.2095348,-1.2455853,-0.8387313
3,2018-02-19,-1.2095348,0.5837648,1.428351
4,2018-02-19,-1.2095348,0.98192835,1.1508409
5,2018-02-19,-1.2095348,1.34594,1.1231644
6,2018-02-19,-1.2095348,1.6552948,2.4160438
7,2018-02-19,-1.2095348,-0.65879124,-0.85049456
8,2018-02-19,-1.2095348,0.40225622,-0.16989201
9,2018-02-19,-1.2095348,-0.36511552,-0.05348477
10,2018-02-19,-1.2095348,0.91382426,0.61300665
11,2018-02-19,-1.2095348,0.16346051,0.2691998
12,2018-02-19,-1.2095348,1.0883796,0.9453234
13,2018-02-19,-1.2095348,-0.19390775,-0.767747
14,2018-02-19,-1.2095348,0.012232666,0.18962641
15,2018-02-19,-1.2095348,1.5128602,0.8857173
16,2018-02-19,-1.2095348,1.2948784,0.63133013
17,2018-02-19,-1.2095348,0.6164545,1.7005081
18,2018-02-19,-1.2095348,0.14932716,0.5842095
19,2018-02-19,-1.2095348,0.63838744,0.23988289
20,2018-02-19,-1.2095348,1.4509678,0.12963307
21,2018-02-19,-1.2095348,-1.4776812,-1.3836274
22,2018-02-19,-1.2095348,-0.46834677,-0.11526824
23,2018-02-19,-1.2095348,-0.29808038,-0.8060349
0,2018-02-20,-1.3859367,-0.98362625,-1.2515179
1,2018-02-20,-1.3859367,0.32159147,0.78417444
2,2018-02-20,-1.3859367,-1.4770815,-0.5815932
3,2018-02-20,-1.3859367,0.55036354,1.0620643
4,2018-02-20,-1.3859367,0.97644967,1.2875377
5,2018-02-20,-1.3859367,1.3176132,0.86333567
6,2018-02-20,-1.3859367,1.6643243,2.5470262
7,2018-02-20,-1.3859367,-0.8013667,-0.68321425
8,2018-02-20,-1.3859367,0.32713893,0.5797536
9,2018-02-20,-1.3859367,-0.3783006,0.4955661
10,2018-02-20,-1.3859367,0.82664126,0.565453
11,2018-02-20,-1.3859367,0.055626422,0.051536627
12,2018-02-20,-1.3859367,1.048195,0.8817331
13,2018-02-20,-1.3859367,-0.2943969,-1.0819583
14,2018-02-20,-1.3859367,-0.025167251,0.112402216
15,2018-02-20,-1.3859367,1.4851857,0.77217066
16,2018-02-20,-1.3859367,1.2445563,0.82385993
17,2018-02-20,-1.3859367,0.66811025,1.6982826
18,2018-02-20,-1.3859367,-0.027636355,0.17643204
19,2018-02-20,-1.3859367,0.58051854,0.45399535
20,2018-02-20,-1.3859367,1.2243264,0.17119844
21,2018-02-20,-1.3859367,-1.5252864,-1.304649
22,2018-02-20,-1.3859367,-0.46784624,-0.7318534
23,2018-02-20,-1.3859367,-0.07924486,-0.3033105
0,2018-02-21,-1.5377803,-0.9471003,-1.6342918
1,2018-02-21,-1.5377803,0.3867397,0.68697435
2,2018-02-21,-1.5377803,-1.3056916,-0.5833438
3,2018-02-21,-1.5377803,0.7250896,1.2013733
4,2018-02-21,-1.5377803,0.9264308,1.2004727
5,2018-02-21,-1.5377803,1.3528275,0.8469799
6,2018-02-21,-1.5377803,1.6267519,2.4644501
7,2018-02-21,-1.5377803,-0.54872936,-0.5735229
8,2018-02-21,-1.5377803,0.5806305,0.017033886
9,2018-02-21,-1.5377803,-0.23362997,0.33276874
10,2018-02-21,-1.5377803,0.8285516,0.56629264
11,2018-02-21,-1.5377803,0.27747563,0.20756668
12,2018-02-21,-1.5377803,1.1552708,1.0016005
13,2018-02-21,-1.5377803,-0.1720565,-0.7845768
14,2018-02-21,-1.5377803,0.12613538,0.08245511
15,2018-02-21,-1.5377803,1.47431,0.8098992
16,2018-02-21,-1.5377803,1.4253106,0.7817077
17,2018-02-21,-1.5377803,0.75609565,1.7163253
18,2018-02-21,-1.5377803,0.22790772,0.63089824
19,2018-02-21,-1.5377803,0.6875612,0.49583364
20,2018-02-21,-1.5377803,1.2922698,0.55535483
21,2018-02-21,-1.5377803,-1.34164,-1.6972493
22,2018-02-21,-1.5377803,-0.43421742,-0.62509984
23,2018-02-21,-1.5377803,-0.03444635,-0.8985735
0,2018-02-22,-1.6710488,-0.77420884,-1.2583729
1,2018-02-22,-1.6710488,0.5681221,0.91716105
2,2018-02-22,-1.6710488,-1.0436476,-1.1094675
3,2018-02-22,-1.6710488,0.82553107,1.2408774
4,2018-02-22,-1.6710488,0.88703066,1.2195721
5,2018-02-22,-1.6710488,1.4292037,0.9565378
6,2018-02-22,-1.6710488,1.6444558,2.4882429
7,2018-02-22,-1.6710488,-0.41904312,-0.47317222
8,2018-02-22,-1.6710488,0.73266256,-0.30595636
9,2018-02-22,-1.6710488,-0.32100472,0.45098048
10,2018-02-22,-1.6710488,0.79171187,0.27845183
11,2018-02-22,-1.6710488,0.4093282,0.12078548
12,2018-02-22,-1.6710488,1.2508451,0.95319843
13,2018-02-22,-1.6710488,-0.019641815,-0.54840994
14,2018-02-22,-1.6710488,0.26789373,0.24596302
15,2018-02-22,-1.6710488,1.4865538,0.65655893
16,2018-02-22,-1.6710488,1.6319653,1.0077878
17,2018-02-22,-1.6710488,0.732418,1.7348071
18,2018-02-22,-1.6710488,0.32165158,0.3192474
19,2018-02-22,-1.6710488,0.80849093,0.3259562
20,2018-02-22,-1.6710488,1.3998282,-0.28989482
21,2018-02-22,-1.6710488,-1.2407095,-1.3014294
22,2018-02-22,-1.6710488,-0.47254956,-0.29795533
23,2018-02-22,-1.6710488,-0.002420016,-1.0169601
0,2018-02-23,-1.644371,-0.7130097,-1.3500383
1,2018-02-23,-1.644371,0.615275,0.6625898
2,2018-02-23,-1.644371,-0.90494704,-1.483682
3,2018-02-23,-1.644371,0.7629722,1.112596
4,2018-02-23,-1.644371,0.8328278,1.0688075
5,2018-02-23,-1.644371,1.4052013,0.87575406
6,2018-02-23,-1.644371,1.6474093,2.5601642
7,2018-02-23,-1.644371,-0.3437322,-0.5688125
8,2018-02-23,-1.644371,0.8142269,-0.56546664
9,2018-02-23,-1.644371,-0.75789815,-0.68374664
10,2018-02-23,-1.644371,0.8007588,0.23580478
11,2018-02-23,-1.644371,0.41286945,0.03635921
12,2018-02-23,-1.644371,1.355509,0.8598444
13,2018-02-23,-1.644371,-0.042301882,-0.7354754
14,2018-02-23,-1.644371,0.28858933,-0.071957804
15,2018-02-23,-1.644371,1.4296924,0.5581353
16,2018-02-23,-1.644371,1.6679449,0.823929
17,2018-02-23,-1.644371,0.69082904,1.5989155
18,2018-02-23,-1.644371,0.367564,0.39335433
19,2018-02-23,-1.644371,0.82572925,0.4918307
20,2018-02-23,-1.644371,1.4252267,-0.4282437
21,2018-02-23,-1.644371,-1.1890968,-1.8163443
22,2018-02-23,-1.644371,-0.28880084,-0.3412884
23,2018-02-23,-1.644371,0.06920329,-1.0621912
0,2018-02-24,-1.8608173,-0.77896124,-1.310594
1,2018-02-24,-1.8608173,0.8229133,0.7927487
2,2018-02-24,-1.8608173,-0.83127165,-1.4075508
3,2018-02-24,-1.8608173,0.4001647,0.4527033
4,2018-02-24,-1.8608173,-0.06925696,-3.4453037
5,2018-02-24,-1.8608173,1.1303889,0.107128724
6,2018-02-24,-1.8608173,0.13339588,-2.508258
7,2018-02-24,-1.8608173,-0.2961242,-0.7033516
8,2018-02-24,-1.8608173,0.9150239,-0.003606885
9,2018-02-24,-1.8608173,-1.3164314,-2.1414511
10,2018-02-24,-1.8608173,0.49829212,-0.752978
11,2018-02-24,-1.8608173,0.504614,0.38362455
12,2018-02-24,-1.8608173,1.3372977,0.8904179
13,2018-02-24,-1.8608173,-0.1806814,-1.032387
14,2018-02-24,-1.8608173,0.4119574,0.33376622
15,2018-02-24,-1.8608173,1.2716197,0.03450293
16,2018-02-24,-1.8608173,1.7069973,0.8337629
17,2018-02-24,-1.8608173,-0.40869737,-1.5053632
18,2018-02-24,-1.8608173,0.35141295,0.3349785
19,2018-02-24,-1.8608173,0.8884359,0.35527864
20,2018-02-24,-1.8608173,1.0051234,0.5440426
21,2018-02-24,-1.8608173,-1.1977185,-1.5602708
22,2018-02-24,-1.8608173,-0.4765349,-0.45194057
23,2018-02-24,-1.8608173,0.02808962,-0.8172967
0,2018-02-25,-2.234255,-0.5970641,-0.89305604
1,2018-02-25,-2.234255,0.8761211,0.770827
2,2018-02-25,-2.234255,-0.8418064,-0.9319065
3,2018-02-25,-2.234255,0.38975704,0.4146652
4,2018-02-25,-2.234255,-0.068694055,-3.4965954
5,2018-02-25,-2.234255,1.1554772,0.01756628
6,2018-02-25,-2.234255,0.1561734,-1.9428638
7,2018-02-25,-2.234255,0.002028226,0.11663911
8,2018-02-25,-2.234255,1.1372355,0.46209976
9,2018-02-25,-2.234255,-1.2218962,-2.4210696
10,2018-02-25,-2.234255,0.60520315,-0.36946493
11,2018-02-25,-2.234255,0.5601289,0.7212646
12,2018-02-25,-2.234255,1.4363174,1.3379719
13,2018-02-25,-2.234255,-0.08889327,-0.5207186
14,2018-02-25,-2.234255,0.59876245,0.71814775
15,2018-02-25,-2.234255,1.2985752,0.21404994
16,2018-02-25,-2.234255,1.7421153,1.0785275
17,2018-02-25,-2.234255,-0.205138,-1.5226098
18,2018-02-25,-2.234255,0.5604707,0.5301352
19,2018-02-25,-2.234255,0.9717702,0.7874141
20,2018-02-25,-2.234255,0.945802,0.84232837
21,2018-02-25,-2.234255,-1.221193,-1.3865591
22,2018-02-25,-2.234255,-0.3309596,-0.20150533
23,2018-02-25,-2.234255,0.08519237,-0.6893527
0,2018-02-26,-2.4454696,-0.6136115,-1.3037555
1,2018-02-26,-2.4454696,0.90036345,0.8854714
2,2018-02-26,-2.4454696,-0.8604816,-0.43779898
3,2018-02-26,-2.4454696,0.9769094,1.3697406
4,2018-02-26,-2.4454696,0.93966913,1.2382323
5,2018-02-26,-2.4454696,1.3629453,0.60715497
6,2018-02-26,-2.4454696,1.658463,2.576903
7,2018-02-26,-2.4454696,-0.18261006,-0.37520522
8,2018-02-26,-2.4454696,1.1767238,0.4225709
9,2018-02-26,-2.4454696,-0.47371897,0.060253985
10,2018-02-26,-2.4454696,0.98188704,0.42026857
11,2018-02-26,-2.4454696,0.6236086,0.6169747
12,2018-02-26,-2.4454696,1.5109241,1.1436367
13,2018-02-26,-2.4454696,0.17651574,-0.19332516
14,2018-02-26,-2.4454696,0.54245204,0.41735843
15,2018-02-26,-2.4454696,1.4863262,0.8350943
16,2018-02-26,-2.4454696,1.8172262,0.96908087
17,2018-02-26,-2.4454696,0.8221421,1.7345433
18,2018-02-26,-2.4454696,0.47571966,0.697796
19,2018-02-26,-2.4454696,0.9496887,0.62925386
20,2018-02-26,-2.4454696,1.435015,0.4444088
21,2018-02-26,-2.4454696,-1.1220186,-1.2093713
22,2018-02-26,-2.4454696,0.015551413,-0.00229604
23,2018-02-26,-2.4454696,0.16090332,-0.84642875
0,2018-02-27,-2.3423855,-0.45692888,-1.1320248
1,2018-02-27,-2.3423855,0.95899713,0.87819123
2,2018-02-27,-2.3423855,-0.8176897,-0.37299606
3,2018-02-27,-2.3423855,1.0873295,1.249836
4,2018-02-27,-2.3423855,0.9826931,1.3861976
5,2018-02-27,-2.3423855,1.4355674,0.8736625
6,2018-02-27,-2.3423855,1.7056861,2.5875936
7,2018-02-27,-2.3423855,-0.12309464,-0.675596
8,2018-02-27,-2.3423855,1.1142104,0.27079332
9,2018-02-27,-2.3423855,-0.45990676,-0.022596586
10,2018-02-27,-2.3423855,1.0162393,0.36933568
11,2018-02-27,-2.3423855,0.6757511,0.21842606
12,2018-02-27,-2.3423855,1.5610723,0.95243704
13,2018-02-27,-2.3423855,0.2085843,-0.71788114
14,2018-02-27,-2.3423855,0.51149416,0.33225918
15,2018-02-27,-2.3423855,1.5140245,0.9033303
16,2018-02-27,-2.3423855,1.9006288,0.7521944
17,2018-02-27,-2.3423855,0.86790085,1.9123123
18,2018-02-27,-2.3423855,0.49545965,0.6192953
19,2018-02-27,-2.3423855,1.0467292,0.52864236
20,2018-02-27,-2.3423855,1.5023406,0.5215331
21,2018-02-27,-2.3423855,-1.015753,-1.376583
22,2018-02-27,-2.3423855,-0.04472924,0.15616794
23,2018-02-27,-2.3423855,0.30978638,-0.51558954
0,2018-02-28,-1.9383312,-0.63632935,-1.1281435
1,2018-02-28,-1.9383312,0.86635387,0.80316186
2,2018-02-28,-1.9383312,-0.75096977,-0.5784907
3,2018-02-28,-1.9383312,1.1726949,1.2531524
4,2018-02-28,-1.9383312,1.0139794,1.4225975
5,2018-02-28,-1.9383312,1.4893184,1.0931253
6,2018-02-28,-1.9383312,1.7414362,2.6532323
7,2018-02-28,-1.9383312,-0.041807327,-0.13331857
8,2018-02-28,-1.9383312,1.1067011,0.09600965
9,2018-02-28,-1.9383312,-0.33108252,0.25440422
10,2018-02-28,-1.9383312,0.95112324,0.36074027
11,2018-02-28,-1.9383312,0.6099496,0.28919923
12,2018-02-28,-1.9383312,1.5921366,1.0201292
13,2018-02-28,-1.9383312,0.22513491,-0.42739832
14,2018-02-28,-1.9383312,0.55851173,0.081021525
15,2018-02-28,-1.9383312,1.4725677,0.7811757
16,2018-02-28,-1.9383312,1.885594,0.70943195
17,2018-02-28,-1.9383312,0.85605675,1.6914866
18,2018-02-28,-1.9383312,0.53608245,0.55757225
19,2018-02-28,-1.9383312,1.0352458,0.42603436
20,2018-02-28,-1.9383312,1.388764,0.6716151
21,2018-02-28,-1.9383312,-0.9975059,-1.175526
22,2018-02-28,-1.9383312,0.053371105,-0.25671905
23,2018-02-28,-1.9383312,0.43306866,-1.1548756
0,2018-03-01,-1.5246924,-0.6293276,-1.334927
1,2018-03-01,-1.5246924,0.8081689,0.783573
2,2018-03-01,-1.5246924,-0.7374067,-1.6864728
3,2018-03-01,-1.5246924,1.2901334,1.2426342
4,2018-03-01,-1.5246924,1.0126541,1.3236234
5,2018-03-01,-1.5246924,1.4686011,1.182934
6,2018-03-01,-1.5246924,1.7806382,2.53384
7,2018-03-01,-1.5246924,-0.1294321,-0.5729512
8,2018-03-01,-1.5246924,0.9923158,-0.20112464
9,2018-03-01,-1.5246924,-0.4394075,-0.01496607
10,2018-03-01,-1.5246924,0.9337679,0.5771956
11,2018-03-01,-1.5246924,0.5109161,0.4065228
12,2018-03-01,-1.5246924,1.4847655,0.7994658
13,2018-03-01,-1.5246924,0.06928541,-1.0626372
14,2018-03-01,-1.5246924,0.46554872,0.17343369
15,2018-03-01,-1.5246924,1.4463228,0.6343488
16,2018-03-01,-1.5246924,1.8474555,0.6953185
17,2018-03-01,-1.5246924,0.7619234,1.7608775
18,2018-03-01,-1.5246924,0.54409444,0.21425477
19,2018-03-01,-1.5246924,0.94753337,0.44529295
20,2018-03-01,-1.5246924,1.4978436,0.6278109
21,2018-03-01,-1.5246924,-1.1482989,-1.9412525
22,2018-03-01,-1.5246924,0.09662586,0.17497736
23,2018-03-01,-1.5246924,0.32536167,-1.1561177
0,2018-03-02,-1.5476233,-0.7610086,-1.3683132
1,2018-03-02,-1.5476233,0.7301393,0.5776547
2,2018-03-02,-1.5476233,-0.7976603,-1.4141374
3,2018-03-02,-1.5476233,1.0361,1.5841595
4,2018-03-02,-1.5476233,1.0187254,1.2836856
5,2018-03-02,-1.5476233,1.4629881,1.0921768
6,2018-03-02,-1.5476233,1.736244,2.4833493
7,2018-03-02,-1.5476233,-0.1938371,-0.63630635
8,2018-03-02,-1.5476233,0.9715326,-0.22446151
9,2018-03-02,-1.5476233,-0.62410957,-0.43497458
10,2018-03-02,-1.5476233,0.9155405,0.5179312
11,2018-03-02,-1.5476233,0.49003333,0.12799466
12,2018-03-02,-1.5476233,1.4340984,0.81085163
13,2018-03-02,-1.5476233,0.047613073,-0.71297127
14,2018-03-02,-1.5476233,0.4685858,0.037970964
15,2018-03-02,-1.5476233,1.4850775,0.7295731
16,2018-03-02,-1.5476233,1.7365339,0.9822192
17,2018-03-02,-1.5476233,0.6194186,1.6924217
18,2018-03-02,-1.5476233,0.53288984,0.5802883
19,2018-03-02,-1.5476233,0.88377887,0.4191583
20,2018-03-02,-1.5476233,1.4182488,1.0378915
21,2018-03-02,-1.5476233,-1.2231115,-1.6589266
22,2018-03-02,-1.5476233,0.012722174,0.3782778
23,2018-03-02,-1.5476233,0.4068091,-0.541311
0,2018-03-03,-1.2005916,-0.8891938,-1.701416
1,2018-03-03,-1.2005916,0.7021226,0.7300886
2,2018-03-03,-1.2005916,-0.9035657,-1.448492
3,2018-03-03,-1.2005916,0.26458323,0.42869768
4,2018-03-03,-1.2005916,0.089933306,-2.9478827
5,2018-03-03,-1.2005916,1.1518052,0.18093342
6,2018-03-03,-1.2005916,0.34634033,-2.27911
7,2018-03-03,-1.2005916,-0.4606004,-1.0467038
8,2018-03-03,-1.2005916,0.8979609,-0.046386838
9,2018-03-03,-1.2005916,-1.2970617,-3.1033185
10,2018-03-03,-1.2005916,0.5109721,-0.842595
11,2018-03-03,-1.2005916,0.43573594,0.27788454
12,2018-03-03,-1.2005916,1.3816801,1.0153139
13,2018-03-03,-1.2005916,-0.28854024,-1.5067633
14,2018-03-03,-1.2005916,0.39773735,0.38616818
15,2018-03-03,-1.2005916,1.2706264,0.19848359
16,2018-03-03,-1.2005916,1.6508465,0.9531624
17,2018-03-03,-1.2005916,-0.08143962,-0.1272467
18,2018-03-03,-1.2005916,0.3409617,0.43990993
19,2018-03-03,-1.2005916,0.88927084,0.31160286
20,2018-03-03,-1.2005916,1.2081354,0.26323146
21,2018-03-03,-1.2005916,-1.2015011,-1.4152348
22,2018-03-03,-1.2005916,-0.428347,-1.075054
23,2018-03-03,-1.2005916,0.15260002,-1.1492863
0,2018-03-04,-0.9119556,-0.914461,-1.2830069
1,2018-03-04,-0.9119556,0.6446841,0.8842359
2,2018-03-04,-0.9119556,-1.1562604,-1.3386658
3,2018-03-04,-0.9119556,0.22444537,0.39304727
4,2018-03-04,-0.9119556,0.10304635,-2.668329
5,2018-03-04,-0.9119556,1.0791625,-0.0009959352
6,2018-03-04,-0.9119556,0.35397062,-2.4489965
7,2018-03-04,-0.9119556,-0.34948704,-0.4143622
8,2018-03-04,-0.9119556,0.73655105,0.07807092
9,2018-03-04,-0.9119556,-1.3181257,-2.5004818
10,2018-03-04,-0.9119556,0.63600224,-0.7962814
11,2018-03-04,-0.9119556,0.393557,0.5872727
12,2018-03-04,-0.9119556,1.2478337,0.9911023
13,2018-03-04,-0.9119556,-0.33692864,-1.1924139
14,2018-03-04,-0.9119556,0.29997143,0.41997033
15,2018-03-04,-0.9119556,1.2536665,0.06527413
16,2018-03-04,-0.9119556,1.5229375,0.98350954
17,2018-03-04,-0.9119556,0.43079636,0.58721745
18,2018-03-04,-0.9119556,0.2792951,0.44161758
19,2018-03-04,-0.9119556,0.71080625,0.21662867
20,2018-03-04,-0.9119556,0.9553481,0.61896616
21,2018-03-04,-0.9119556,-1.1609145,-1.2488835
22,2018-03-04,-0.9119556,-0.53086853,-0.39629745
23,2018-03-04,-0.9119556,-0.112483725,-1.0802181
0,2018-03-05,-0.96600777,-1.015764,-1.1816463
1,2018-03-05,-0.96600777,0.40586355,0.8345822
2,2018-03-05,-0.96600777,-1.3586233,-0.82427114
3,2018-03-05,-0.96600777,0.6154186,1.2704861
4,2018-03-05,-0.96600777,1.1061621,1.3214582
5,2018-03-05,-0.96600777,1.4334855,1.016646
6,2018-03-05,-0.96600777,1.7127072,2.5343194
7,2018-03-05,-0.96600777,-0.49772552,-0.81229615
8,2018-03-05,-0.96600777,0.51143086,0.2833222
9,2018-03-05,-0.96600777,-0.7847445,-0.22147582
10,2018-03-05,-0.96600777,1.1024075,0.6025368
11,2018-03-05,-0.96600777,0.23221971,0.49212435
12,2018-03-05,-0.96600777,1.1240753,0.9800877
13,2018-03-05,-0.96600777,-0.04116367,-0.21382324
14,2018-03-05,-0.96600777,0.07596327,0.42809412
15,2018-03-05,-0.96600777,1.4870276,0.7511166
16,2018-03-05,-0.96600777,1.3583934,0.96945214
17,2018-03-05,-0.96600777,1.2011758,1.9603592
18,2018-03-05,-0.96600777,0.09047466,0.57973635
19,2018-03-05,-0.96600777,0.53530806,0.4318153
20,2018-03-05,-0.96600777,1.1196243,0.65210915
21,2018-03-05,-0.96600777,-1.3043923,-1.2635472
22,2018-03-05,-0.96600777,-0.20264642,-0.10152115
23,2018-03-05,-0.96600777,-0.14253873,-0.7964166
0,2018-03-06,-0.9961609,-0.9469149,-1.5022782
1,2018-03-06,-0.9961609,0.39659774,0.8405728
2,2018-03-06,-0.9961609,-1.2663236,-1.5046644
3,2018-03-06,-0.9961609,0.73056364,1.4722074
4,2018-03-06,-0.9961609,1.0766801,1.4511001
5,2018-03-06,-0.9961609,1.4010627,1.1042837
6,2018-03-06,-0.9961609,1.8086333,2.7371051
7,2018-03-06,-0.9961609,-0.4909568,-0.749231
8,2018-03-06,-0.9961609,0.59427065,0.1418405
9,2018-03-06,-0.9961609,-0.39762357,0.6065539
10,2018-03-06,-0.9961609,1.0489612,0.6069118
11,2018-03-06,-0.9961609,0.3108714,0.47975463
12,2018-03-06,-0.9961609,1.1188632,1.0123937
13,2018-03-06,-0.9961609,-0.08375687,-0.4654462
14,2018-03-06,-0.9961609,0.05256688,0.28657678
15,2018-03-06,-0.9961609,1.536052,0.83140165
16,2018-03-06,-0.9961609,1.4403253,0.90189576
17,2018-03-06,-0.9961609,1.2629879,2.0753787
18,2018-03-06,-0.9961609,0.053550486,0.07046784
19,2018-03-06,-0.9961609,0.61436343,0.6027815
20,2018-03-06,-0.9961609,1.395196,1.0159687
21,2018-03-06,-0.9961609,-1.2883387,-1.2744311
22,2018-03-06,-0.9961609,-0.16537221,0.18293333
23,2018-03-06,-0.9961609,-0.1165099,-0.79770404
0,2018-03-07,-0.93768686,-1.0041595,-1.1827917
1,2018-03-07,-0.93768686,0.38888535,0.79410696
2,2018-03-07,-0.93768686,-1.3667367,-0.97258836
3,2018-03-07,-0.93768686,0.49836552,1.0080763
4,2018-03-07,-0.93768686,1.0622156,1.4534552
5,2018-03-07,-0.93768686,1.3695273,0.954623
6,2018-03-07,-0.93768686,1.7575777,2.6671946
7,2018-03-07,-0.93768686,-0.36600095,-0.7330649
8,2018-03-07,-0.93768686,0.6267975,0.09960234
9,2018-03-07,-0.93768686,-0.27290535,0.60860175
10,2018-03-07,-0.93768686,0.9475031,0.67936707
11,2018-03-07,-0.93768686,0.32023442,0.4701455
12,2018-03-07,-0.93768686,1.2210994,1.3437132
13,2018-03-07,-0.93768686,-0.10597973,-0.47031042
14,2018-03-07,-0.93768686,0.14079493,0.4074992
15,2018-03-07,-0.93768686,1.4656183,0.6916673
16,2018-03-07,-0.93768686,1.3740499,1.051219
17,2018-03-07,-0.93768686,1.3875735,2.086264
18,2018-03-07,-0.93768686,0.15655188,0.1702123
19,2018-03-07,-0.93768686,0.6843127,0.47829074
20,2018-03-07,-0.93768686,1.4422209,0.3759321
21,2018-03-07,-0.93768686,-1.3341469,-1.2918769
22,2018-03-07,-0.93768686,-0.29786614,0.021155713
23,2018-03-07,-0.93768686,-0.05165668,-0.5809733
0,2018-03-08,-0.5196857,-1.1247891,-1.4147874
1,2018-03-08,-0.5196857,0.253937,0.6284112
2,2018-03-08,-0.5196857,-1.6998932,-0.49867934
3,2018-03-08,-0.5196857,0.32729125,0.9739652
4,2018-03-08,-0.5196857,1.1559911,1.6420557
5,2018-03-08,-0.5196857,1.2863594,0.862781
6,2018-03-08,-0.5196857,1.6331664,2.4291515
7,2018-03-08,-0.5196857,-0.4380018,-0.30634817
8,2018-03-08,-0.5196857,0.37180486,0.28506896
9,2018-03-08,-0.5196857,-0.50032264,0.13641264
10,2018-03-08,-0.5196857,1.0147947,0.84536356
11,2018-03-08,-0.5196857,0.021962736,0.1893562
12,2018-03-08,-0.5196857,1.0010788,0.74197847
13,2018-03-08,-0.5196857,-0.17845818,-1.2625741
14,2018-03-08,-0.5196857,-0.04989408,0.27756214
15,2018-03-08,-0.5196857,1.4354802,0.5883114
16,2018-03-08,-0.5196857,1.1779147,0.6424007
17,2018-03-08,-0.5196857,1.4987034,1.9994978
18,2018-03-08,-0.5196857,-0.20043285,0.35855645
19,2018-03-08,-0.5196857,0.5012778,0.039824367
20,2018-03-08,-0.5196857,1.3409523,0.7662008
21,2018-03-08,-0.5196857,-1.4931366,-1.6021204
22,2018-03-08,-0.5196857,-0.30413753,-0.19646677
23,2018-03-08,-0.5196857,-0.24321277,-0.9342649
0,2018-03-09,-0.26702031,-1.3417919,-1.6141372
1,2018-03-09,-0.26702031,0.1464424,0.5705675
2,2018-03-09,-0.26702031,-1.4658275,-1.1586018
3,2018-03-09,-0.26702031,0.07084202,1.1280538
4,2018-03-09,-0.26702031,1.1625578,1.5693765
5,2018-03-09,-0.26702031,1.2563477,0.7638499
6,2018-03-09,-0.26702031,1.567013,2.4361415
7,2018-03-09,-0.26702031,-0.5905927,-0.21512201
8,2018-03-09,-0.26702031,0.37170255,-0.48744172
9,2018-03-09,-0.26702031,-0.6196723,0.16555654
10,2018-03-09,-0.26702031,1.0237815,-0.037845153
11,2018-03-09,-0.26702031,0.015255507,0.075186305
12,2018-03-09,-0.26702031,1.0037512,0.7118285
13,2018-03-09,-0.26702031,-0.21264488,-0.91185284
14,2018-03-09,-0.26702031,-0.06274884,-0.021699997
15,2018-03-09,-0.26702031,1.4704019,0.53009915
16,2018-03-09,-0.26702031,1.1911007,0.79510266
17,2018-03-09,-0.26702031,1.2328535,1.6600773
18,2018-03-09,-0.26702031,-0.11643879,0.5599791
19,2018-03-09,-0.26702031,0.44658175,0.06967327
20,2018-03-09,-0.26702031,1.2815387,0.4536037
21,2018-03-09,-0.26702031,-1.4346461,-1.3170583
22,2018-03-09,-0.26702031,-0.41193584,0.083555765
23,2018-03-09,-0.26702031,-0.35240528,-0.8366023
0,2018-03-10,-0.55332536,-1.214455,-1.2646817
1,2018-03-10,-0.55332536,0.36177567,0.8198735
2,2018-03-10,-0.55332536,-1.4104235,-1.3277763
3,2018-03-10,-0.55332536,-0.49125916,0.4459895
4,2018-03-10,-0.55332536,0.017945739,-3.45543
5,2018-03-10,-0.55332536,1.0186328,0.58678246
6,2018-03-10,-0.55332536,0.1734608,-1.7181362
7,2018-03-10,-0.55332536,-0.61580855,-0.38159278
8,2018-03-10,-0.55332536,0.4434575,-0.051574793
9,2018-03-10,-0.55332536,-1.4089981,-2.592957
10,2018-03-10,-0.55332536,0.38367465,-0.8342094
11,2018-03-10,-0.55332536,0.15927376,0.52290183
12,2018-03-10,-0.55332536,0.9276998,0.86222064
13,2018-03-10,-0.55332536,-0.35039908,-0.9907866
14,2018-03-10,-0.55332536,0.15496774,0.3860466
15,2018-03-10,-0.55332536,1.3036487,0.3680935
16,2018-03-10,-0.55332536,1.1991527,1.0773886
17,2018-03-10,-0.55332536,0.3216658,-0.2989221
18,2018-03-10,-0.55332536,0.031508382,0.4289612
19,2018-03-10,-0.55332536,0.53230447,0.46822438
20,2018-03-10,-0.55332536,0.9096627,0.52161384
21,2018-03-10,-0.55332536,-1.5091106,-1.1160916
22,2018-03-10,-0.55332536,-0.6936147,-0.39643842
23,2018-03-10,-0.55332536,-0.38708055,-0.7752116
0,2018-03-11,-0.578588,-1.0395802,-0.70830405
1,2018-03-11,-0.578588,0.29492956,0.85395473
2,2018-03-11,-0.578588,-1.2173475,-0.7282634
3,2018-03-11,-0.578588,-0.45873827,0.53790706
4,2018-03-11,-0.578588,0.02493236,-3.1057427
5,2018-03-11,-0.578588,0.99671173,0.14128625
6,2018-03-11,-0.578588,0.14803159,-2.3015416
7,2018-03-11,-0.578588,-0.40068266,-0.20040947
8,2018-03-11,-0.578588,0.54183495,0.21862571
9,2018-03-11,-0.578588,-1.398617,-3.0604699
10,2018-03-11,-0.578588,0.5675124,-0.8742946
11,2018-03-11,-0.578588,0.28900543,0.6424379
12,2018-03-11,-0.578588,1.0270557,1.336626
13,2018-03-11,-0.578588,-0.22569093,-0.8046211
14,2018-03-11,-0.578588,0.17603679,0.49231803
15,2018-03-11,-0.578588,1.2794398,0.5323511
16,2018-03-11,-0.578588,1.3000005,1.3022368
17,2018-03-11,-0.578588,0.35891798,0.33318973
18,2018-03-11,-0.578588,0.02897092,0.080209896
19,2018-03-11,-0.578588,0.6577751,0.6220094
20,2018-03-11,-0.578588,0.98615956,0.8937994
21,2018-03-11,-0.578588,-1.3422717,-1.1402084
22,2018-03-11,-0.578588,-0.51590157,-0.038360097
23,2018-03-11,-0.578588,-0.31470257,-0.6916986
0,2018-03-12,-0.6551079,-1.1088932,-1.0123999
1,2018-03-12,-0.6551079,0.30308834,0.85915744
2,2018-03-12,-0.6551079,-1.242101,-1.2653664
3,2018-03-12,-0.6551079,0.15505628,1.2234411
4,2018-03-12,-0.6551079,1.0782689,1.364022
5,2018-03-12,-0.6551079,1.2903448,1.0209726
6,2018-03-12,-0.6551079,1.6588548,2.575047
7,2018-03-12,-0.6551079,-0.6676914,-0.55245715
8,2018-03-12,-0.6551079,0.44468197,0.10791753
9,2018-03-12,-0.6551079,-0.42119154,0.37378025
10,2018-03-12,-0.6551079,1.0713694,0.7079502
11,2018-03-12,-0.6551079,0.25457972,0.65231323
12,2018-03-12,-0.6551079,0.94461787,1.0101073
13,2018-03-12,-0.6551079,-0.021061711,-0.39573285
14,2018-03-12,-0.6551079,-0.04277579,0.29584897
15,2018-03-12,-0.6551079,1.5550075,0.9053962
16,2018-03-12,-0.6551079,1.3271208,1.0707852
17,2018-03-12,-0.6551079,1.2161056,2.257615
18,2018-03-12,-0.6551079,0.14565194,0.46128488
19,2018-03-12,-0.6551079,0.52443975,0.3541922
20,2018-03-12,-0.6551079,1.5121738,1.4904431
21,2018-03-12,-0.6551079,-1.3380419,-1.3218423
22,2018-03-12,-0.6551079,-0.17486005,0.35780963
23,2018-03-12,-0.6551079,-0.25663456,-0.7843173
0,2018-03-13,-0.886033,-1.1592097,-1.2424299
1,2018-03-13,-0.886033,0.2741509,0.7799268
2,2018-03-13,-0.886033,-1.3309474,-1.1465807
3,2018-03-13,-0.886033,0.5952483,1.2530649
4,2018-03-13,-0.886033,1.0498576,1.438557
5,2018-03-13,-0.886033,1.2559605,0.8866762
6,2018-03-13,-0.886033,1.680028,2.571798
7,2018-03-13,-0.886033,-0.43760085,-0.18583503
8,2018-03-13,-0.886033,0.5531799,-0.26677486
9,2018-03-13,-0.886033,-0.32322654,0.49733722
10,2018-03-13,-0.886033,1.0078397,0.37594703
11,2018-03-13,-0.886033,0.25431868,0.40400448
12,2018-03-13,-0.886033,0.9425231,1.0610152
13,2018-03-13,-0.886033,-0.18390241,-0.46425962
14,2018-03-13,-0.886033,-0.006582444,0.26805675
15,2018-03-13,-0.886033,1.4688612,0.66878825
16,2018-03-13,-0.886033,1.3696746,0.9026307
17,2018-03-13,-0.886033,1.2113248,2.0963805
18,2018-03-13,-0.886033,-0.0006858624,-0.014561022
19,2018-03-13,-0.886033,0.5520082,0.43647203
20,2018-03-13,-0.886033,1.2944137,0.9148589
21,2018-03-13,-0.886033,-1.3580791,-1.3328427
22,2018-03-13,-0.886033,-0.18023455,0.000770397
23,2018-03-13,-0.886033,-0.2635111,-0.7735601
0,2018-03-14,-0.8282946,-1.4164605,-1.3211504
1,2018-03-14,-0.8282946,0.17844626,0.59417385
2,2018-03-14,-0.8282946,-1.6607344,-0.3997137
3,2018-03-14,-0.8282946,0.36750388,1.1773305
4,2018-03-14,-0.8282946,1.061542,1.4185393
5,2018-03-14,-0.8282946,1.2370343,0.7958073
6,2018-03-14,-0.8282946,1.6494802,2.5212078
7,2018-03-14,-0.8282946,-0.49559042,-0.28667247
8,2018-03-14,-0.8282946,0.27909827,0.2988082
9,2018-03-14,-0.8282946,-0.37960213,0.29151732
10,2018-03-14,-0.8282946,1.0163251,0.52039254
11,2018-03-14,-0.8282946,0.074366294,0.47587946
12,2018-03-14,-0.8282946,0.90392077,0.79015005
13,2018-03-14,-0.8282946,-0.28250787,-0.87750447
14,2018-03-14,-0.8282946,-0.09709426,0.13888645
15,2018-03-14,-0.8282946,1.487285,0.59528464
16,2018-03-14,-0.8282946,1.1469661,0.7870063
17,2018-03-14,-0.8282946,1.1264627,1.9153907
18,2018-03-14,-0.8282946,-0.12053195,0.37201008
19,2018-03-14,-0.8282946,0.4769868,0.16355278
20,2018-03-14,-0.8282946,1.0813779,1.2777812
21,2018-03-14,-0.8282946,-1.5203509,-1.7214993
22,2018-03-14,-0.8282946,-0.4225596,-0.7129889
23,2018-03-14,-0.8282946,-0.24408719,-0.9085106
0,2018-03-15,-0.8604049,-1.1447929,-0.8355724
1,2018-03-15,-0.8604049,0.32321918,0.8315697
2,2018-03-15,-0.8604049,-1.2771358,-1.173587
3,2018-03-15,-0.8604049,0.6123389,1.5058879
4,2018-03-15,-0.8604049,1.0710363,1.3957485
5,2018-03-15,-0.8604049,1.3388397,1.1725508
6,2018-03-15,-0.8604049,1.7282649,2.520364
7,2018-03-15,-0.8604049,-0.5138169,-0.040070236
8,2018-03-15,-0.8604049,0.66476446,0.06837547
9,2018-03-15,-0.8604049,-0.36775896,0.39813128
10,2018-03-15,-0.8604049,0.9165792,0.37075946
11,2018-03-15,-0.8604049,0.27578047,0.479275
12,2018-03-15,-0.8604049,0.96732247,0.92043936
13,2018-03-15,-0.8604049,-0.16202272,-0.5964494
14,2018-03-15,-0.8604049,0.051598415,0.1907685
15,2018-03-15,-0.8604049,1.5589468,0.58819747
16,2018-03-15,-0.8604049,1.3206141,0.9897686
17,2018-03-15,-0.8604049,1.160548,1.9741489
18,2018-03-15,-0.8604049,0.120982915,0.38834223
19,2018-03-15,-0.8604049,0.6200416,0.50884444
20,2018-03-15,-0.8604049,1.3195102,1.3009963
21,2018-03-15,-0.8604049,-1.4092476,-1.1604323
22,2018-03-15,-0.8604049,-0.08644344,0.384169
23,2018-03-15,-0.8604049,-0.1369119,-0.77013755
0,2018-03-16,-0.71529275,-1.3409619,-1.4555259
1,2018-03-16,-0.71529275,0.13386841,0.4189278
2,2018-03-16,-0.71529275,-1.527656,-0.7830333
3,2018-03-16,-0.71529275,0.27295488,1.2750522
4,2018-03-16,-0.71529275,1.0698252,1.3640883
5,2018-03-16,-0.71529275,1.2697804,0.8633982
6,2018-03-16,-0.71529275,1.6291614,2.472803
7,2018-03-16,-0.71529275,-0.53509104,-0.47328538
8,2018-03-16,-0.71529275,0.35991305,-0.010560021
9,2018-03-16,-0.71529275,-0.4114459,0.3233021
10,2018-03-16,-0.71529275,0.85625815,0.30661285
11,2018-03-16,-0.71529275,0.04039936,-0.08759282
12,2018-03-16,-0.71529275,0.8820833,0.5196897
13,2018-03-16,-0.71529275,-0.23086174,-0.68505037
14,2018-03-16,-0.71529275,-0.12544355,0.1457297
15,2018-03-16,-0.71529275,1.4753102,0.6006918
16,2018-03-16,-0.71529275,1.1829557,0.56773025
17,2018-03-16,-0.71529275,1.0415099,1.9920615
18,2018-03-16,-0.71529275,-0.16137172,0.31358093
19,2018-03-16,-0.71529275,0.47545174,0.10829439
20,2018-03-16,-0.71529275,1.1960427,0.25274238
21,2018-03-16,-0.71529275,-1.5033274,-1.7686235
22,2018-03-16,-0.71529275,-0.34540123,0.11884674
23,2018-03-16,-0.71529275,-0.3242973,-1.1536776
0,2018-03-17,-0.9473412,-1.262592,-1.1623697
1,2018-03-17,-0.9473412,0.24801473,0.555051
2,2018-03-17,-0.9473412,-1.2228523,-1.0547658
3,2018-03-17,-0.9473412,-0.46696448,0.49814618
4,2018-03-17,-0.9473412,0.05871716,-3.1412199
5,2018-03-17,-0.9473412,1.0144061,0.31797662
6,2018-03-17,-0.9473412,0.18873052,-2.454063
7,2018-03-17,-0.9473412,-0.5163622,0.10969365
8,2018-03-17,-0.9473412,0.5985592,-0.1954741
9,2018-03-17,-0.9473412,-1.1246992,-1.9852923
10,2018-03-17,-0.9473412,0.36644503,-0.82077086
11,2018-03-17,-0.9473412,0.23469202,0.53773135
12,2018-03-17,-0.9473412,0.97182345,1.1195174
13,2018-03-17,-0.9473412,-0.42939392,-0.7802166
14,2018-03-17,-0.9473412,0.15316202,0.31104997
15,2018-03-17,-0.9473412,1.3235937,0.33557993
16,2018-03-17,-0.9473412,1.2911298,1.0927801
17,2018-03-17,-0.9473412,0.264658,-0.2648601
18,2018-03-17,-0.9473412,0.10776343,-0.02638605
19,2018-03-17,-0.9473412,0.58777034,0.57074475
20,2018-03-17,-0.9473412,0.76758695,1.1593615
21,2018-03-17,-0.9473412,-1.4513445,-1.2595019
22,2018-03-17,-0.9473412,-0.5706669,-0.799554
23,2018-03-17,-0.9473412,-0.2965669,-0.84749043
0,2018-03-18,-1.0503412,-1.2633989,-1.1718637
1,2018-03-18,-1.0503412,0.29161492,0.7121974
2,2018-03-18,-1.0503412,-1.2604136,-0.9299321
3,2018-03-18,-1.0503412,-0.557991,0.29447865
4,2018-03-18,-1.0503412,0.06333698,-3.484956
5,2018-03-18,-1.0503412,0.9475815,-0.29029065
6,2018-03-18,-1.0503412,0.20689647,-2.4422655
7,2018-03-18,-1.0503412,-0.537278,-0.46390924
8,2018-03-18,-1.0503412,0.50335467,0.08953674
9,2018-03-18,-1.0503412,-1.1283689,-2.6698978
10,2018-03-18,-1.0503412,0.42228204,-0.96209204
11,2018-03-18,-1.0503412,0.27802432,0.6258685
12,2018-03-18,-1.0503412,1.0219176,1.0171025
13,2018-03-18,-1.0503412,-0.4595792,-0.79469305
14,2018-03-18,-1.0503412,0.17128117,0.39014578
15,2018-03-18,-1.0503412,1.2941223,0.4393762
16,2018-03-18,-1.0503412,1.2680981,0.9811464
17,2018-03-18,-1.0503412,0.2833745,-0.35679203
18,2018-03-18,-1.0503412,0.20099576,0.46552846
19,2018-03-18,-1.0503412,0.6137051,0.49337745
20,2018-03-18,-1.0503412,0.88093084,0.77079517
21,2018-03-18,-1.0503412,-1.3863348,-1.1074333
22,2018-03-18,-1.0503412,-0.593994,-0.33174327
23,2018-03-18,-1.0503412,-0.2719722,-0.84479797
0,2018-03-19,-1.2127532,-1.1713929,-1.0495899
1,2018-03-19,-1.2127532,0.28916556,0.7089018
2,2018-03-19,-1.2127532,-1.2659318,-0.6213508
3,2018-03-19,-1.2127532,0.61050653,1.6048048
4,2018-03-19,-1.2127532,1.0517982,1.1990181
5,2018-03-19,-1.2127532,1.3239181,0.8394976
6,2018-03-19,-1.2127532,1.6820539,2.483922
7,2018-03-19,-1.2127532,-0.38222125,-0.1343521
8,2018-03-19,-1.2127532,0.48667833,0.37117028
9,2018-03-19,-1.2127532,-0.31400982,0.4813639
10,2018-03-19,-1.2127532,0.8923827,0.4697508
11,2018-03-19,-1.2127532,0.19179465,0.5884648
12,2018-03-19,-1.2127532,0.950024,0.93072325
13,2018-03-19,-1.2127532,-0.15793829,-0.7490743
14,2018-03-19,-1.2127532,0.032760367,0.3876315
15,2018-03-19,-1.2127532,1.5083495,0.61345774
16,2018-03-19,-1.2127532,1.2059879,0.73499906
17,2018-03-19,-1.2127532,0.8740699,1.5888141
18,2018-03-19,-1.2127532,0.056996312,0.74306816
19,2018-03-19,-1.2127532,0.6050178,0.45955843
20,2018-03-19,-1.2127532,1.2066209,1.3199033
21,2018-03-19,-1.2127532,-1.5147053,-1.5939438
22,2018-03-19,-1.2127532,-0.14548036,0.1630085
23,2018-03-19,-1.2127532,-0.18684085,-0.6761474
0,2018-03-20,-1.3697902,-1.1111058,-1.2667004
1,2018-03-20,-1.3697902,0.3262067,0.65485513
2,2018-03-20,-1.3697902,-1.4521735,-0.13395742
3,2018-03-20,-1.3697902,0.91255164,1.3965149
4,2018-03-20,-1.3697902,1.0019115,1.2713741
5,2018-03-20,-1.3697902,1.2661915,0.7112796
6,2018-03-20,-1.3697902,1.6788709,2.4206834
7,2018-03-20,-1.3697902,-0.44091916,-0.24496305
8,2018-03-20,-1.3697902,0.64782023,0.4995345
9,2018-03-20,-1.3697902,-0.34221002,0.3846665
10,2018-03-20,-1.3697902,0.8915592,0.79707193
11,2018-03-20,-1.3697902,0.23443006,0.39561337
12,2018-03-20,-1.3697902,0.9836111,0.7293936
13,2018-03-20,-1.3697902,-0.19589928,-0.9849976
14,2018-03-20,-1.3697902,0.13219023,0.4222217
15,2018-03-20,-1.3697902,1.5217998,0.56075776
16,2018-03-20,-1.3697902,1.2164863,0.6889417
17,2018-03-20,-1.3697902,0.6225837,1.0948851
18,2018-03-20,-1.3697902,0.029039735,0.25452504
19,2018-03-20,-1.3697902,0.61565256,0.45301437
20,2018-03-20,-1.3697902,1.3574419,1.2910672
21,2018-03-20,-1.3697902,-1.508879,-1.9039432
22,2018-03-20,-1.3697902,-0.36989868,-0.3256986
23,2018-03-20,-1.3697902,-0.09847241,-0.681624
0,2018-03-21,-1.3167343,-1.1321492,-1.0291499
1,2018-03-21,-1.3167343,0.3649857,0.6027312
2,2018-03-21,-1.3167343,-1.3794134,-0.11968406
3,2018-03-21,-1.3167343,0.8683491,1.5466431
4,2018-03-21,-1.3167343,0.9741109,1.258146
5,2018-03-21,-1.3167343,1.3201952,0.8090189
6,2018-03-21,-1.3167343,1.5543853,2.278663
7,2018-03-21,-1.3167343,-0.4453674,-0.18187258
8,2018-03-21,-1.3167343,0.6156842,-0.11778502
9,2018-03-21,-1.3167343,-0.34893283,0.3697434
10,2018-03-21,-1.3167343,0.92681575,0.78131837
11,2018-03-21,-1.3167343,0.2882925,0.18016033
12,2018-03-21,-1.3167343,1.0818285,0.9854956
13,2018-03-21,-1.3167343,-0.12690152,-0.93431497
14,2018-03-21,-1.3167343,0.12944403,0.26340213
15,2018-03-21,-1.3167343,1.5162753,0.6494664
16,2018-03-21,-1.3167343,1.2337587,0.6238003
17,2018-03-21,-1.3167343,0.5212233,0.82469803
18,2018-03-21,-1.3167343,0.19809175,0.55119693
19,2018-03-21,-1.3167343,0.7790507,0.36955795
20,2018-03-21,-1.3167343,1.3876303,1.2016091
21,2018-03-21,-1.3167343,-1.4141116,-1.2462151
22,2018-03-21,-1.3167343,-0.36126918,-0.3719587
23,2018-03-21,-1.3167343,0.014891702,-0.7825677
0,2018-03-22,-0.9830829,-1.1035058,-1.5270406
1,2018-03-22,-0.9830829,0.34743816,0.6474338
2,2018-03-22,-0.9830829,-1.3599858,-0.46768948
3,2018-03-22,-0.9830829,0.56413674,1.2741761
4,2018-03-22,-0.9830829,0.9948813,1.2881832
5,2018-03-22,-0.9830829,1.3632802,1.0559479
6,2018-03-22,-0.9830829,1.561544,2.274761
7,2018-03-22,-0.9830829,-0.53618336,-0.19956122
8,2018-03-22,-0.9830829,0.53096026,0.33612823
9,2018-03-22,-0.9830829,-0.49733236,-0.09173325
10,2018-03-22,-0.9830829,0.9978963,0.7803341
11,2018-03-22,-0.9830829,0.25291625,0.21503763
12,2018-03-22,-0.9830829,1.0495007,0.75463045
13,2018-03-22,-0.9830829,-0.16816153,-1.091138
14,2018-03-22,-0.9830829,0.074963614,0.058830757
15,2018-03-22,-0.9830829,1.52123,0.5611172
16,2018-03-22,-0.9830829,1.1922771,0.4635951
17,2018-03-22,-0.9830829,0.5133536,0.98215973
18,2018-03-22,-0.9830829,0.07855212,0.64603686
19,2018-03-22,-0.9830829,0.617979,-0.0623266
20,2018-03-22,-0.9830829,1.3323449,0.8463919
21,2018-03-22,-0.9830829,-1.4262043,-1.2746097
22,2018-03-22,-0.9830829,-0.23418646,-0.25102457
23,2018-03-22,-0.9830829,-0.11841563,-1.0543139
0,2018-03-23,-0.82714087,-1.2708791,-1.5807065
1,2018-03-23,-0.82714087,0.2548215,0.43572214
2,2018-03-23,-0.82714087,-1.5154123,-0.47725376
3,2018-03-23,-0.82714087,0.06418709,1.2342328
4,2018-03-23,-0.82714087,1.0012454,1.3127393
5,2018-03-23,-0.82714087,1.2459735,0.640698
6,2018-03-23,-0.82714087,1.5171249,2.3144188
7,2018-03-23,-0.82714087,-0.7924665,-0.7732999
8,2018-03-23,-0.82714087,0.37936586,0.40491545
9,2018-03-23,-0.82714087,-0.65640104,0.009528989
10,2018-03-23,-0.82714087,0.9915235,0.104294345
11,2018-03-23,-0.82714087,-0.052986197,-0.076888576
12,2018-03-23,-0.82714087,0.9550774,0.63188016
13,2018-03-23,-0.82714087,-0.2408056,-1.0208415
14,2018-03-23,-0.82714087,-0.06844356,0.093222454
15,2018-03-23,-0.82714087,1.4722791,0.3582189
16,2018-03-23,-0.82714087,1.0100831,0.85688865
17,2018-03-23,-0.82714087,0.227109,-0.1586901
18,2018-03-23,-0.82714087,-0.19763114,0.42543274
19,2018-03-23,-0.82714087,0.4847703,0.14168362
20,2018-03-23,-0.82714087,1.2212558,0.90333414
21,2018-03-23,-0.82714087,-1.5424463,-1.7840244
22,2018-03-23,-0.82714087,-0.47283676,-0.09877959
23,2018-03-23,-0.82714087,-0.30420727,-0.9361095
0,2018-03-24,-0.62878156,-1.3817434,-1.6905484
1,2018-03-24,-0.62878156,0.25825036,0.51935095
2,2018-03-24,-0.62878156,-1.5979952,-0.9364035
3,2018-03-24,-0.62878156,-0.5653571,0.4087688
4,2018-03-24,-0.62878156,0.08445925,-2.6816678
5,2018-03-24,-0.62878156,1.0165994,-0.024841037
6,2018-03-24,-0.62878156,0.006903125,-1.6686524
7,2018-03-24,-0.62878156,-0.9722295,-0.9157422
8,2018-03-24,-0.62878156,0.35112163,-0.29376426
9,2018-03-24,-0.62878156,-1.2713416,-2.2185652
10,2018-03-24,-0.62878156,0.46817014,-0.56943256
11,2018-03-24,-0.62878156,0.026939942,0.15347202
12,2018-03-24,-0.62878156,0.83080006,0.5831885
13,2018-03-24,-0.62878156,-0.6424714,-1.3767821
14,2018-03-24,-0.62878156,0.062169872,0.05658036
15,2018-03-24,-0.62878156,1.2339275,0.12718858
16,2018-03-24,-0.62878156,1.0006554,0.19917439
17,2018-03-24,-0.62878156,0.2346154,-0.22916675
18,2018-03-24,-0.62878156,-0.121069625,0.7007533
19,2018-03-24,-0.62878156,0.46495965,0.09349728
20,2018-03-24,-0.62878156,0.9027982,0.8555711
21,2018-03-24,-0.62878156,-1.6876881,-1.7637336
22,2018-03-24,-0.62878156,-0.76669645,-0.4772561
23,2018-03-24,-0.62878156,-0.2496718,-1.0834972
0,2018-03-25,-0.59699345,-1.3726685,-1.4356902
1,2018-03-25,-0.59699345,0.1604652,0.65460616
2,2018-03-25,-0.59699345,-1.506525,-0.79184943
3,2018-03-25,-0.59699345,-0.637763,0.42831466
4,2018-03-25,-0.59699345,0.25829485,-0.52582735
5,2018-03-25,-0.59699345,0.92887974,-0.21081358
6,2018-03-25,-0.59699345,-0.0034820708,-1.9211798
7,2018-03-25,-0.59699345,-0.9673798,-0.5013225
8,2018-03-25,-0.59699345,0.18510577,-0.11434
9,2018-03-25,-0.59699345,-1.2525908,-2.5438867
10,2018-03-25,-0.59699345,0.31203437,-1.1201477
11,2018-03-25,-0.59699345,-0.024020782,0.257406
12,2018-03-25,-0.59699345,0.83409446,1.036048
13,2018-03-25,-0.59699345,-0.55527234,-1.0198132
14,2018-03-25,-0.59699345,0.09836368,-0.028273398
15,2018-03-25,-0.59699345,1.1781157,0.0033220856
16,2018-03-25,-0.59699345,0.97255564,0.803494
17,2018-03-25,-0.59699345,0.25606248,-0.28494045
18,2018-03-25,-0.59699345,-0.19580615,-0.1123138
19,2018-03-25,-0.59699345,0.51964974,0.28601676
20,2018-03-25,-0.59699345,0.7427688,0.928553
21,2018-03-25,-0.59699345,-1.6589305,-1.610672
22,2018-03-25,-0.59699345,-0.63749784,-0.24461228
23,2018-03-25,-0.59699345,-0.39252615,-1.1908791
0,2018-03-26,-0.6541812,-1.3352902,-1.5057439
1,2018-03-26,-0.6541812,0.20164813,0.7256799
2,2018-03-26,-0.6541812,-1.3976518,-1.2357613
3,2018-03-26,-0.6541812,0.3627391,1.5213825
4,2018-03-26,-0.6541812,1.146022,1.4218699
5,2018-03-26,-0.6541812,1.2735887,0.8261372
6,2018-03-26,-0.6541812,1.727496,2.5107188
7,2018-03-26,-0.6541812,-0.7371319,-0.36845192
8,2018-03-26,-0.6541812,0.35534003,-0.35452455
9,2018-03-26,-0.6541812,-0.54026735,0.26833752
10,2018-03-26,-0.6541812,0.9218243,0.6199945
11,2018-03-26,-0.6541812,0.062225383,0.37297937
12,2018-03-26,-0.6541812,0.8632737,0.9295572
13,2018-03-26,-0.6541812,-0.19524094,-0.3266098
14,2018-03-26,-0.6541812,-0.006456282,0.07427955
15,2018-03-26,-0.6541812,1.5681113,0.8477904
16,2018-03-26,-0.6541812,1.0992668,0.9211774
17,2018-03-26,-0.6541812,0.38386595,0.21147197
18,2018-03-26,-0.6541812,-0.015332121,0.44289467
19,2018-03-26,-0.6541812,0.4396956,0.30408147
20,2018-03-26,-0.6541812,1.1312687,0.97903407
21,2018-03-26,-0.6541812,-1.5800613,-1.2117757
22,2018-03-26,-0.6541812,-0.3595323,0.06475669
23,2018-03-26,-0.6541812,-0.40045097,-0.91476065
0,2018-03-27,-0.59760064,-1.3017255,-1.2835479
1,2018-03-27,-0.59760064,0.17387965,0.7046465
2,2018-03-27,-0.59760064,-1.4550748,-1.2142491
3,2018-03-27,-0.59760064,0.6649181,1.1632159
4,2018-03-27,-0.59760064,1.0779816,1.4108557
5,2018-03-27,-0.59760064,1.308397,0.8518447
6,2018-03-27,-0.59760064,1.7283458,2.4653764
7,2018-03-27,-0.59760064,-0.6726241,-0.21469088
8,2018-03-27,-0.59760064,0.3163289,-0.036545817
9,2018-03-27,-0.59760064,-0.4099457,0.52902704
10,2018-03-27,-0.59760064,0.968729,0.8283768
11,2018-03-27,-0.59760064,0.11619564,0.44444716
12,2018-03-27,-0.59760064,0.8234505,0.89371735
13,2018-03-27,-0.59760064,-0.21432397,-0.6062906
14,2018-03-27,-0.59760064,-0.047310285,0.11864268
15,2018-03-27,-0.59760064,1.531762,0.51876545
16,2018-03-27,-0.59760064,1.1958178,0.7248978
17,2018-03-27,-0.59760064,0.5310497,0.41056198
18,2018-03-27,-0.59760064,-0.13824876,0.06866219
19,2018-03-27,-0.59760064,0.44979957,0.4615896
20,2018-03-27,-0.59760064,1.1263825,0.8999549
21,2018-03-27,-0.59760064,-1.5100121,-1.6477318
22,2018-03-27,-0.59760064,-0.26798594,-0.3111217
23,2018-03-27,-0.59760064,-0.33786774,-0.73572016
0,2018-03-28,-0.51817846,-1.4822437,-1.5322748
1,2018-03-28,-0.51817846,0.1750353,0.61783314
2,2018-03-28,-0.51817846,-1.3598444,-1.4996034
3,2018-03-28,-0.51817846,0.52736396,0.94461226
4,2018-03-28,-0.51817846,1.1682305,1.5162307
5,2018-03-28,-0.51817846,1.2992542,0.9205855
6,2018-03-28,-0.51817846,1.6043739,2.46623
7,2018-03-28,-0.51817846,-0.61370003,-0.5218758
8,2018-03-28,-0.51817846,0.32791334,-0.3428583
9,2018-03-28,-0.51817846,-0.3375324,0.8325796
10,2018-03-28,-0.51817846,1.0176455,0.4162898
11,2018-03-28,-0.51817846,0.1179587,0.3029091
12,2018-03-28,-0.51817846,0.96612,1.0958582
13,2018-03-28,-0.51817846,-0.31627798,-0.95501655
14,2018-03-28,-0.51817846,-0.019828076,0.055329353
15,2018-03-28,-0.51817846,1.5307802,0.44826618
16,2018-03-28,-0.51817846,1.2018044,0.5923515
17,2018-03-28,-0.51817846,0.39100763,0.26727542
18,2018-03-28,-0.51817846,-0.1639335,-0.14242372
19,2018-03-28,-0.51817846,0.40675402,0.31619975
20,2018-03-28,-0.51817846,1.2309216,1.195003
21,2018-03-28,-0.51817846,-1.5490957,-1.8264297
22,2018-03-28,-0.51817846,-0.34646374,0.0005851335
23,2018-03-28,-0.51817846,-0.37861255,-0.85008144
0,2018-03-29,-0.7467179,-1.6108233,-2.1970122
1,2018-03-29,-0.7467179,0.05226914,0.22393334
2,2018-03-29,-0.7467179,-1.4383861,-1.258559
3,2018-03-29,-0.7467179,0.12788099,1.0739262
4,2018-03-29,-0.7467179,1.0364808,1.285659
5,2018-03-29,-0.7467179,1.2528834,0.76972425
6,2018-03-29,-0.7467179,1.4574888,2.369416
7,2018-03-29,-0.7467179,-0.5680124,-0.80551386
8,2018-03-29,-0.7467179,0.26633117,0.011399268
9,2018-03-29,-0.7467179,-0.6999558,0.24849936
10,2018-03-29,-0.7467179,0.8174003,0.39475513
11,2018-03-29,-0.7467179,0.013213976,-0.23856647
12,2018-03-29,-0.7467179,0.8482737,0.67883694
13,2018-03-29,-0.7467179,-0.28304327,-0.91385293
14,2018-03-29,-0.7467179,-0.0879427,-0.3219454
15,2018-03-29,-0.7467179,1.489367,0.31983444
16,2018-03-29,-0.7467179,1.1865901,0.7020996
17,2018-03-29,-0.7467179,0.8064035,1.4541265
18,2018-03-29,-0.7467179,-0.14666858,0.684378
19,2018-03-29,-0.7467179,0.38353655,0.1827147
20,2018-03-29,-0.7467179,1.3511889,1.4444659
21,2018-03-29,-0.7467179,-1.6937884,-2.2186382
22,2018-03-29,-0.7467179,-0.24608147,0.010718818
23,2018-03-29,-0.7467179,-0.35381097,-1.0612764
0,2018-03-30,-0.95773005,-1.3462795,-1.5399208
1,2018-03-30,-0.95773005,0.17978449,0.46240488
2,2018-03-30,-0.95773005,-1.4699398,-1.5203887
3,2018-03-30,-0.95773005,-0.36262256,0.42614213
4,2018-03-30,-0.95773005,0.5360251,-0.17996682
5,2018-03-30,-0.95773005,0.93734175,-0.22216529
6,2018-03-30,-0.95773005,0.6406414,0.25024152
7,2018-03-30,-0.95773005,-0.6780688,-0.8654374
8,2018-03-30,-0.95773005,0.39916548,-0.44630423
9,2018-03-30,-0.95773005,-1.3764676,-2.3105447
10,2018-03-30,-0.95773005,0.47851586,-0.37526083
11,2018-03-30,-0.95773005,0.055632845,0.07857168
12,2018-03-30,-0.95773005,0.90419513,0.7988471
13,2018-03-30,-0.95773005,-0.34673947,-1.1107554
14,2018-03-30,-0.95773005,0.009245609,-0.44102132
15,2018-03-30,-0.95773005,1.2909807,0.033204168
16,2018-03-30,-0.95773005,1.1833727,0.8690758
17,2018-03-30,-0.95773005,0.6969894,1.055969
18,2018-03-30,-0.95773005,-0.094571024,-0.35673162
19,2018-03-30,-0.95773005,0.49948537,0.17260748
20,2018-03-30,-0.95773005,1.2207433,1.1098919
21,2018-03-30,-0.95773005,-1.7812067,-1.7245446
22,2018-03-30,-0.95773005,-0.52190274,-1.082989
23,2018-03-30,-0.95773005,-0.32955894,-1.0740834
0,2018-03-31,-0.79365987,-1.6474497,-2.3957007
1,2018-03-31,-0.79365987,0.09757735,0.017817134
2,2018-03-31,-0.79365987,-1.568114,-1.3443651
3,2018-03-31,-0.79365987,-0.43293148,0.30366245
4,2018-03-31,-0.79365987,0.062661216,-3.4345136
5,2018-03-31,-0.79365987,0.8180503,-0.6506978
6,2018-03-31,-0.79365987,-0.018440293,-2.0909724
7,2018-03-31,-0.79365987,-0.76594955,-1.0670125
8,2018-03-31,-0.79365987,0.19540197,-0.55947834
9,2018-03-31,-0.79365987,-1.4413584,-2.346152
10,2018-03-31,-0.79365987,0.29990628,-0.16175558
11,2018-03-31,-0.79365987,-0.12294967,-0.36675808
12,2018-03-31,-0.79365987,0.7228311,0.26306537
13,2018-03-31,-0.79365987,-0.52242345,-1.6329281
14,2018-03-31,-0.79365987,-0.09831551,-0.41279492
15,2018-03-31,-0.79365987,1.1345714,-0.09063509
16,2018-03-31,-0.79365987,1.0901303,0.33586702
17,2018-03-31,-0.79365987,0.34823734,-0.5385773
18,2018-03-31,-0.79365987,-0.13472539,0.46809626
19,2018-03-31,-0.79365987,0.38902438,-0.26851797
20,2018-03-31,-0.79365987,0.9339597,0.9305245
21,2018-03-31,-0.79365987,-1.8888627,-2.200624
22,2018-03-31,-0.79365987,-0.80705315,-1.0167837
23,2018-03-31,-0.79365987,-0.3813615,-0.9163053
0,2018-04-01,-0.7685354,-1.6530298,-1.9054471
1,2018-04-01,-0.7685354,0.011488998,0.12197397
2,2018-04-01,-0.7685354,-1.5106369,-1.5730033
3,2018-04-01,-0.7685354,-0.398498,0.36596888
4,2018-04-01,-0.7685354,0.037825655,-3.4900053
5,2018-04-01,-0.7685354,0.7125404,-0.18175904
6,2018-04-01,-0.7685354,-0.115834594,-1.6361444
7,2018-04-01,-0.7685354,-0.80587685,-1.1071696
8,2018-04-01,-0.7685354,0.049956933,0.100773
9,2018-04-01,-0.7685354,-1.512728,-3.3283403
10,2018-04-01,-0.7685354,0.23298402,-0.9144302
11,2018-04-01,-0.7685354,-0.12649,-0.33613974
12,2018-04-01,-0.7685354,0.6602217,0.16739498
13,2018-04-01,-0.7685354,-0.56904423,-1.515007
14,2018-04-01,-0.7685354,-0.080844596,-0.4668468
15,2018-04-01,-0.7685354,1.0205913,-1.0764531
16,2018-04-01,-0.7685354,0.93342525,0.2678924
17,2018-04-01,-0.7685354,0.45850062,-0.06949856
18,2018-04-01,-0.7685354,-0.26541913,-0.33697802
19,2018-04-01,-0.7685354,0.3252144,-0.101192236
20,2018-04-01,-0.7685354,0.9339409,0.9614808
21,2018-04-01,-0.7685354,-2.0554526,-2.3588564
22,2018-04-01,-0.7685354,-0.91169876,-0.9930146
23,2018-04-01,-0.7685354,-0.3971914,-0.87535244
0,2018-04-02,-0.45358494,-1.651053,-2.1059687
1,2018-04-02,-0.45358494,0.09886787,0.44440132
2,2018-04-02,-0.45358494,-1.4112204,-1.5942566
3,2018-04-02,-0.45358494,-0.3370057,0.5913577
4,2018-04-02,-0.45358494,0.63475627,-0.1694089
5,2018-04-02,-0.45358494,0.5909744,-1.0814829
6,2018-04-02,-0.45358494,0.5368922,-0.06363898
7,2018-04-02,-0.45358494,-0.7678677,-1.2270156
8,2018-04-02,-0.45358494,0.112347014,-0.31034017
9,2018-04-02,-0.45358494,-1.353373,-2.1827064
10,2018-04-02,-0.45358494,0.46973363,-0.6149393
11,2018-04-02,-0.45358494,-0.081997946,-0.25090933
12,2018-04-02,-0.45358494,0.7506945,0.57969797
13,2018-04-02,-0.45358494,-0.45741242,-1.3867402
14,2018-04-02,-0.45358494,-0.119945176,-0.42090413
15,2018-04-02,-0.45358494,1.187688,-0.0034732115
16,2018-04-02,-0.45358494,0.86221576,0.02528943
17,2018-04-02,-0.45358494,0.7770642,1.2666746
18,2018-04-02,-0.45358494,-0.17940646,0.2898933
19,2018-04-02,-0.45358494,0.4056649,0.0012665427
20,2018-04-02,-0.45358494,1.0492538,0.8843122
21,2018-04-02,-0.45358494,-2.0384455,-2.107028
22,2018-04-02,-0.45358494,-0.6979432,-1.0224632
23,2018-04-02,-0.45358494,-0.37928924,-0.82797545
0,2018-04-03,-0.2298621,-1.5724705,-2.1851714
1,2018-04-03,-0.2298621,0.041931655,0.55179876
2,2018-04-03,-0.2298621,-1.5128533,-1.3064477
3,2018-04-03,-0.2298621,0.16374816,1.0171466
4,2018-04-03,-0.2298621,1.2001188,1.486388
5,2018-04-03,-0.2298621,1.190502,0.68244904
6,2018-04-03,-0.2298621,1.5568545,2.3689005
7,2018-04-03,-0.2298621,-1.0304589,-0.9132542
8,2018-04-03,-0.2298621,0.12462923,-0.56906736
9,2018-04-03,-0.2298621,-0.4406861,0.19161981
10,2018-04-03,-0.2298621,0.9147973,0.788572
11,2018-04-03,-0.2298621,-0.04353919,-0.114783406
12,2018-04-03,-0.2298621,0.83465785,0.7314729
13,2018-04-03,-0.2298621,-0.29630816,-0.48590517
14,2018-04-03,-0.2298621,-0.22243275,-0.06262578
15,2018-04-03,-0.2298621,1.4671648,0.5918448
16,2018-04-03,-0.2298621,1.0536103,0.62691677
17,2018-04-03,-0.2298621,0.9894182,1.550895
18,2018-04-03,-0.2298621,-0.38703376,-0.24003823
19,2018-04-03,-0.2298621,0.29292884,0.060984682
20,2018-04-03,-0.2298621,1.3601505,1.1427249
21,2018-04-03,-0.2298621,-1.9873568,-1.8095038
22,2018-04-03,-0.2298621,-0.6829405,-0.9647475
23,2018-04-03,-0.2298621,-0.5317443,-1.207542
0,2018-04-04,-0.40522018,-1.7312369,-1.8954935
1,2018-04-04,-0.40522018,-0.02158058,0.37961492
2,2018-04-04,-0.40522018,-1.5784254,-0.725112
3,2018-04-04,-0.40522018,0.03861061,0.8243413
4,2018-04-04,-0.40522018,1.1131116,1.4977753
5,2018-04-04,-0.40522018,1.2109559,0.860653
6,2018-04-04,-0.40522018,1.643364,2.3179488
7,2018-04-04,-0.40522018,-0.87306935,-0.85912466
8,2018-04-04,-0.40522018,0.11683242,-0.32758445
9,2018-04-04,-0.40522018,-0.37266093,0.5767027
10,2018-04-04,-0.40522018,1.0688947,0.7683392
11,2018-04-04,-0.40522018,-0.019888634,-0.19467436
12,2018-04-04,-0.40522018,0.8417183,0.8346559
13,2018-04-04,-0.40522018,-0.15360886,-0.015912909
14,2018-04-04,-0.40522018,-0.110077016,-0.08896312
15,2018-04-04,-0.40522018,1.4967041,0.4347868
16,2018-04-04,-0.40522018,1.0330037,0.7351548
17,2018-04-04,-0.40522018,1.0387324,1.5480139
18,2018-04-04,-0.40522018,-0.12633586,0.61789906
19,2018-04-04,-0.40522018,0.29739407,0.3029751
20,2018-04-04,-0.40522018,1.5623698,1.3750327
21,2018-04-04,-0.40522018,-1.9020323,-1.9512275
22,2018-04-04,-0.40522018,-0.60206014,-0.06804426
23,2018-04-04,-0.40522018,-0.6855289,-0.9153414
0,2018-04-05,-0.33966526,-1.7194915,-1.9243323
1,2018-04-05,-0.33966526,-0.017942527,0.37021193
2,2018-04-05,-0.33966526,-1.7263427,-0.75982493
3,2018-04-05,-0.33966526,0.2328294,1.1072706
4,2018-04-05,-0.33966526,1.1427536,1.5507967
5,2018-04-05,-0.33966526,1.1366291,0.79932654
6,2018-04-05,-0.33966526,1.6435658,2.34655
7,2018-04-05,-0.33966526,-1.0234613,-0.78915274
8,2018-04-05,-0.33966526,0.060055397,-0.1257922
9,2018-04-05,-0.33966526,-0.37465522,0.5983041
10,2018-04-05,-0.33966526,1.0537453,0.3045504
11,2018-04-05,-0.33966526,-0.24011423,-0.2881256
12,2018-04-05,-0.33966526,0.79633904,0.5373996
13,2018-04-05,-0.33966526,-0.23310973,-0.5497819
14,2018-04-05,-0.33966526,-0.18098648,-0.18238848
15,2018-04-05,-0.33966526,1.4977432,0.30044755
16,2018-04-05,-0.33966526,0.8780323,0.13248624
17,2018-04-05,-0.33966526,1.2901554,1.6279573
18,2018-04-05,-0.33966526,-0.3177809,-0.03535158
19,2018-04-05,-0.33966526,0.2075571,-0.13480298
20,2018-04-05,-0.33966526,1.652387,1.1393422
21,2018-04-05,-0.33966526,-1.9391161,-2.2580152
22,2018-04-05,-0.33966526,-0.71788967,-0.5914795
23,2018-04-05,-0.33966526,-0.7246565,-1.1629987
0,2018-04-06,-0.15964182,-1.6429932,-2.077749
1,2018-04-06,-0.15964182,-0.10950906,0.097672805
2,2018-04-06,-0.15964182,-1.7632504,-0.8657788
3,2018-04-06,-0.15964182,0.028729148,1.1896065
4,2018-04-06,-0.15964182,1.101678,1.2323874
5,2018-04-06,-0.15964182,1.0317307,0.5489082
6,2018-04-06,-0.15964182,1.494525,2.2914066
7,2018-04-06,-0.15964182,-0.842173,-0.31392923
8,2018-04-06,-0.15964182,-0.26490209,-0.13958493
9,2018-04-06,-0.15964182,-0.75044584,-0.041487712
10,2018-04-06,-0.15964182,0.8886937,0.5967192
11,2018-04-06,-0.15964182,-0.27360266,-0.5895856
12,2018-04-06,-0.15964182,0.7162849,0.39125603
13,2018-04-06,-0.15964182,-0.40481296,-1.003392
14,2018-04-06,-0.15964182,-0.1979431,-0.4892798
15,2018-04-06,-0.15964182,1.4833928,-0.12993512
16,2018-04-06,-0.15964182,0.7551437,0.24002135
17,2018-04-06,-0.15964182,1.1441612,1.6295668
18,2018-04-06,-0.15964182,-0.5688621,-0.056195065
19,2018-04-06,-0.15964182,0.09881557,-0.25071716
20,2018-04-06,-0.15964182,1.5587189,0.9755202
21,2018-04-06,-0.15964182,-1.9446039,-1.9917926
22,2018-04-06,-0.15964182,-0.7098254,-0.95940685
23,2018-04-06,-0.15964182,-0.7941704,-1.1602017
0,2018-04-07,0.11017417,-1.4734108,-1.7609206
1,2018-04-07,0.11017417,-0.11922674,0.2825403
2,2018-04-07,0.11017417,-2.1061468,-1.0224956
3,2018-04-07,0.11017417,-0.6353696,0.3551051
4,2018-04-07,0.11017417,0.37737113,-0.5571484
5,2018-04-07,0.11017417,0.7433748,-0.28334787
6,2018-04-07,0.11017417,-0.12830582,-1.7066116
7,2018-04-07,0.11017417,-1.0832924,-0.93690366
8,2018-04-07,0.11017417,-0.25860912,-0.39062333
9,2018-04-07,0.11017417,-1.4752336,-2.7674992
10,2018-04-07,0.11017417,0.3985443,-0.1673478
11,2018-04-07,0.11017417,-0.36290196,-0.69194925
12,2018-04-07,0.11017417,0.6719346,0.5192468
13,2018-04-07,0.11017417,-0.806799,-1.5999804
14,2018-04-07,0.11017417,-0.07365612,-0.22589818
15,2018-04-07,0.11017417,1.3435466,-0.11632458
16,2018-04-07,0.11017417,0.7836531,0.3729945
17,2018-04-07,0.11017417,0.62558585,1.008191
18,2018-04-07,0.11017417,-0.4714063,0.32769912
19,2018-04-07,0.11017417,0.10361936,-0.15669899
20,2018-04-07,0.11017417,1.3922966,1.0616773
21,2018-04-07,0.11017417,-1.9451214,-1.8096625
22,2018-04-07,0.11017417,-1.0644841,-0.87359804
23,2018-04-07,0.11017417,-0.74267936,-1.753588
0,2018-04-08,0.050326742,-1.429006,-1.4931275
1,2018-04-08,0.050326742,-0.27001187,0.2079466
2,2018-04-08,0.050326742,-1.9356748,-0.77102166
3,2018-04-08,0.050326742,-0.6096358,0.5305368
4,2018-04-08,0.050326742,0.56893915,-2.450343
5,2018-04-08,0.050326742,0.71921456,-0.43887872
6,2018-04-08,0.050326742,-0.1376106,-2.261039
7,2018-04-08,0.050326742,-1.0722433,-0.6326553
8,2018-04-08,0.050326742,-0.3960532,-0.6292784
9,2018-04-08,0.050326742,-1.4738898,-2.8953183
10,2018-04-08,0.050326742,0.23015891,-0.74827665
11,2018-04-08,0.050326742,-0.42266327,-0.22154525
12,2018-04-08,0.050326742,0.57273775,0.66623867
13,2018-04-08,0.050326742,-0.7757292,-1.2912867
14,2018-04-08,0.050326742,-0.21209848,-0.2332247
15,2018-04-08,0.050326742,1.2950468,0.061033398
16,2018-04-08,0.050326742,0.70520926,0.43075666
17,2018-04-08,0.050326742,0.89042693,1.0902033
18,2018-04-08,0.050326742,-0.6625036,-0.3470122
19,2018-04-08,0.050326742,0.015588574,0.16807218
20,2018-04-08,0.050326742,1.1199335,0.76815355
21,2018-04-08,0.050326742,-1.9363942,-1.6168911
22,2018-04-08,0.050326742,-0.9617461,-0.55259156
23,2018-04-08,0.050326742,-0.9498933,-1.3530285
0,2018-04-09,-0.22096467,-1.6937053,-1.8073997
1,2018-04-09,-0.22096467,-0.2805237,0.42159724
2,2018-04-09,-0.22096467,-1.88827,-0.8133868
3,2018-04-09,-0.22096467,-0.34302112,1.06098
4,2018-04-09,-0.22096467,1.3847034,1.1751376
5,2018-04-09,-0.22096467,1.0780298,0.6924076
6,2018-04-09,-0.22096467,1.523495,2.4586165
7,2018-04-09,-0.22096467,-1.0022583,-1.1246984
8,2018-04-09,-0.22096467,-0.36781263,-0.25240734
9,2018-04-09,-0.22096467,-0.38690025,0.4386014
10,2018-04-09,-0.22096467,0.859064,0.6705162
11,2018-04-09,-0.22096467,-0.33633453,0.0772614
12,2018-04-09,-0.22096467,0.71207106,0.7065034
13,2018-04-09,-0.22096467,-0.41244736,-0.56940645
14,2018-04-09,-0.22096467,-0.3467211,-0.10380491
15,2018-04-09,-0.22096467,1.534999,0.35852364
16,2018-04-09,-0.22096467,0.72480285,0.5276324
17,2018-04-09,-0.22096467,1.5339241,0.8025838
18,2018-04-09,-0.22096467,-0.6595918,-0.014642914
19,2018-04-09,-0.22096467,0.019317463,0.1787279
20,2018-04-09,-0.22096467,1.3831377,0.9726093
21,2018-04-09,-0.22096467,-1.7801621,-1.1738944
22,2018-04-09,-0.22096467,-0.6499576,-0.48375544
23,2018-04-09,-0.22096467,-0.96985257,-1.3443866
0,2018-04-10,-0.51299965,-1.5715301,-2.011153
1,2018-04-10,-0.51299965,-0.28941926,0.24856994
2,2018-04-10,-0.51299965,-1.7076694,-1.11734
3,2018-04-10,-0.51299965,-0.08699763,1.1676806
4,2018-04-10,-0.51299965,1.0535723,1.2653494
5,2018-04-10,-0.51299965,1.1314399,0.9257767
6,2018-04-10,-0.51299965,1.6707553,2.6156976
7,2018-04-10,-0.51299965,-0.94334525,-0.6969414
8,2018-04-10,-0.51299965,-0.032260306,0.30664238
9,2018-04-10,-0.51299965,0.024933277,0.54013556
10,2018-04-10,-0.51299965,0.89472103,0.47906345
11,2018-04-10,-0.51299965,-0.22900234,0.10878248
12,2018-04-10,-0.51299965,0.7578674,0.6751808
13,2018-04-10,-0.51299965,-0.44585323,-0.7166672
14,2018-04-10,-0.51299965,-0.12529491,-0.30464572
15,2018-04-10,-0.51299965,1.5840843,0.25048432
16,2018-04-10,-0.51299965,0.8209869,0.7571363
17,2018-04-10,-0.51299965,1.7054989,1.5799752
18,2018-04-10,-0.51299965,-0.36103246,0.54968685
19,2018-04-10,-0.51299965,0.17332637,0.25168335
20,2018-04-10,-0.51299965,1.5294722,1.1872561
21,2018-04-10,-0.51299965,-1.6544029,-1.574568
22,2018-04-10,-0.51299965,-0.631415,-0.04378222
23,2018-04-10,-0.51299965,-0.7084064,-1.060172
0,2018-04-11,-0.15104444,-1.6288782,-1.7849855
1,2018-04-11,-0.15104444,-0.16749907,0.36014423
2,2018-04-11,-0.15104444,-1.7812673,-0.71276146
3,2018-04-11,-0.15104444,-0.074936084,1.2052948
4,2018-04-11,-0.15104444,1.2301674,1.4401234
5,2018-04-11,-0.15104444,1.0457892,0.5195694
6,2018-04-11,-0.15104444,1.5870829,2.450539
7,2018-04-11,-0.15104444,-0.9471778,-0.9447452
8,2018-04-11,-0.15104444,-0.2574076,-0.32849255
9,2018-04-11,-0.15104444,-0.22596253,0.35903051
10,2018-04-11,-0.15104444,0.92304236,0.66684777
11,2018-04-11,-0.15104444,-0.23733822,-0.50333506
12,2018-04-11,-0.15104444,0.7557497,0.6808369
13,2018-04-11,-0.15104444,-0.36453152,-0.7762505
14,2018-04-11,-0.15104444,-0.24611083,-0.40648234
15,2018-04-11,-0.15104444,1.5526613,0.103002295
16,2018-04-11,-0.15104444,0.8250099,0.77587324
17,2018-04-11,-0.15104444,1.5036765,1.1047168
18,2018-04-11,-0.15104444,-0.4774442,0.19898069
19,2018-04-11,-0.15104444,0.16094324,-0.42779973
20,2018-04-11,-0.15104444,1.3898702,0.5905365
21,2018-04-11,-0.15104444,-1.8089358,-1.8003222
22,2018-04-11,-0.15104444,-0.67817295,-0.9022241
23,2018-04-11,-0.15104444,-0.7102034,-1.3720993
0,2018-04-12,-0.20149852,-1.5957371,-1.9411248
1,2018-04-12,-0.20149852,-0.1813168,0.3225037
2,2018-04-12,-0.20149852,-1.9995587,-0.5844678
3,2018-04-12,-0.20149852,-0.2923384,1.0798392
4,2018-04-12,-0.20149852,1.2555709,1.4168214
5,2018-04-12,-0.20149852,1.0563382,0.5739602
6,2018-04-12,-0.20149852,1.5957619,2.1732533
7,2018-04-12,-0.20149852,-0.92787135,-0.5024897
8,2018-04-12,-0.20149852,-0.26300552,-0.33195347
9,2018-04-12,-0.20149852,-0.19251356,0.39842972
10,2018-04-12,-0.20149852,0.94534594,0.24355362
11,2018-04-12,-0.20149852,-0.27699757,-0.33733994
12,2018-04-12,-0.20149852,0.70378155,0.56565785
13,2018-04-12,-0.20149852,-0.42676193,-0.7919298
14,2018-04-12,-0.20149852,-0.324529,-0.3663797
15,2018-04-12,-0.20149852,1.4756056,0.8615904
16,2018-04-12,-0.20149852,0.6580742,0.46858168
17,2018-04-12,-0.20149852,1.5631061,1.0294898
18,2018-04-12,-0.20149852,-0.5714661,-0.21997568
19,2018-04-12,-0.20149852,0.098476075,0.059738852
20,2018-04-12,-0.20149852,1.4290065,0.7996806
21,2018-04-12,-0.20149852,-1.8308631,-1.958358
22,2018-04-12,-0.20149852,-0.8666589,-0.862996
23,2018-04-12,-0.20149852,-0.8817401,-1.3961138
0,2018-04-13,-0.024127398,-1.5245134,-2.0054939
1,2018-04-13,-0.024127398,-0.17692956,0.42475668
2,2018-04-13,-0.024127398,-2.1207695,-0.9826043
3,2018-04-13,-0.024127398,-0.43181437,0.8949302
4,2018-04-13,-0.024127398,1.2028049,1.3693379
5,2018-04-13,-0.024127398,1.0449226,0.5329985
6,2018-04-13,-0.024127398,1.5408603,2.237531
7,2018-04-13,-0.024127398,-0.8312606,-0.51131386
8,2018-04-13,-0.024127398,-0.38246807,-0.3668068
9,2018-04-13,-0.024127398,-0.27824956,0.30452392
10,2018-04-13,-0.024127398,0.9342753,0.1185909
11,2018-04-13,-0.024127398,-0.31514803,-0.4248944
12,2018-04-13,-0.024127398,0.6233728,0.40419838
13,2018-04-13,-0.024127398,-0.50771296,-0.982046
14,2018-04-13,-0.024127398,-0.26165536,-0.4700636
15,2018-04-13,-0.024127398,1.4180992,0.32343653
16,2018-04-13,-0.024127398,0.7003935,0.46901128
17,2018-04-13,-0.024127398,1.1531729,1.4688382
18,2018-04-13,-0.024127398,-0.389835,0.7237992
19,2018-04-13,-0.024127398,-0.08266133,-0.3303511
20,2018-04-13,-0.024127398,1.5524094,1.1763616
21,2018-04-13,-0.024127398,-1.7681886,-1.7623267
22,2018-04-13,-0.024127398,-0.9971412,-0.7455418
23,2018-04-13,-0.024127398,-0.958637,-1.1098771
0,2018-04-14,0.24175227,-1.3596238,-1.1873866
1,2018-04-14,0.24175227,-0.19887166,0.18634191
2,2018-04-14,0.24175227,-1.9445575,-1.3313274
3,2018-04-14,0.24175227,-0.70695394,0.53731173
4,2018-04-14,0.24175227,0.48611954,-0.7755869
5,2018-04-14,0.24175227,0.7432124,-0.2779764
6,2018-04-14,0.24175227,0.16753118,-0.7203435
7,2018-04-14,0.24175227,-0.80673844,-0.3544653
8,2018-04-14,0.24175227,-0.28737405,-0.2848068
9,2018-04-14,0.24175227,-0.99525654,-2.9430556
10,2018-04-14,0.24175227,0.3235142,-0.9815495
11,2018-04-14,0.24175227,-0.30016643,0.07383192
12,2018-04-14,0.24175227,0.68949956,0.70370984
13,2018-04-14,0.24175227,-0.7700973,-1.554693
14,2018-04-14,0.24175227,-0.21585856,-0.29101062
15,2018-04-14,0.24175227,1.2355891,-0.010240891
16,2018-04-14,0.24175227,0.71199906,0.45014182
17,2018-04-14,0.24175227,0.4006519,0.78211045
18,2018-04-14,0.24175227,-0.6621958,-0.22688241
19,2018-04-14,0.24175227,-0.02261098,0.15325741
20,2018-04-14,0.24175227,1.1229141,1.1194285
21,2018-04-14,0.24175227,-1.7827046,-2.4414148
22,2018-04-14,0.24175227,-1.0284458,-0.503952
23,2018-04-14,0.24175227,-0.92605644,-1.4301866
0,2018-04-15,0.23176938,-1.3764616,-0.9578053
1,2018-04-15,0.23176938,-0.23254544,0.3910299
2,2018-04-15,0.23176938,-2.0963864,-0.779375
3,2018-04-15,0.23176938,-0.75781786,0.40688586
4,2018-04-15,0.23176938,0.5514256,-1.1728866
5,2018-04-15,0.23176938,0.75826055,-0.18248782
6,2018-04-15,0.23176938,0.14729527,-0.94087017
7,2018-04-15,0.23176938,-0.75215477,-0.27850878
8,2018-04-15,0.23176938,-0.4782241,-0.5368223
9,2018-04-15,0.23176938,-0.9579731,-2.662584
10,2018-04-15,0.23176938,0.20209268,-0.2849232
11,2018-04-15,0.23176938,-0.3450177,0.12504904
12,2018-04-15,0.23176938,0.6260974,0.88842756
13,2018-04-15,0.23176938,-0.70321906,-0.7668065
14,2018-04-15,0.23176938,-0.124868706,0.18274789
15,2018-04-15,0.23176938,1.237949,0.104393885
16,2018-04-15,0.23176938,0.6266282,0.6960193
17,2018-04-15,0.23176938,0.6066024,1.0664282
18,2018-04-15,0.23176938,-0.7617871,-0.00040523996
19,2018-04-15,0.23176938,-0.021650312,0.19433413
20,2018-04-15,0.23176938,0.9469305,1.1694236
21,2018-04-15,0.23176938,-1.785091,-1.5549444
22,2018-04-15,0.23176938,-0.91936207,-0.6064035
23,2018-04-15,0.23176938,-1.0004195,-1.3771625
0,2018-04-16,0.28081232,-1.6585732,-1.7315365
1,2018-04-16,0.28081232,-0.22022285,0.31730863
2,2018-04-16,0.28081232,-1.8597152,-1.0835636
3,2018-04-16,0.28081232,-0.38025954,1.0644513
4,2018-04-16,0.28081232,1.4229131,1.1710039
5,2018-04-16,0.28081232,1.1383678,0.81010634
6,2018-04-16,0.28081232,1.6817089,2.541745
7,2018-04-16,0.28081232,-0.6337346,-0.026857264
8,2018-04-16,0.28081232,-0.4927098,-0.30769718
9,2018-04-16,0.28081232,-0.09829991,0.44298866
10,2018-04-16,0.28081232,0.93523645,0.67239803
11,2018-04-16,0.28081232,-0.26136175,0.02329986
12,2018-04-16,0.28081232,0.59785825,0.5485269
13,2018-04-16,0.28081232,-0.44176972,-0.49642393
14,2018-04-16,0.28081232,-0.21858045,-0.04919322
15,2018-04-16,0.28081232,1.5077174,0.93728226
16,2018-04-16,0.28081232,0.5912694,0.6939254
17,2018-04-16,0.28081232,1.3219573,0.8761445
18,2018-04-16,0.28081232,-0.54117024,0.342581
19,2018-04-16,0.28081232,-0.09387598,0.12761933
20,2018-04-16,0.28081232,1.4175968,0.49580047
21,2018-04-16,0.28081232,-1.8095744,-1.4498172
22,2018-04-16,0.28081232,-0.5705384,-0.043033686
23,2018-04-16,0.28081232,-0.86725307,-1.1206032
0,2018-04-17,0.5383645,-1.5274298,-1.5829393
1,2018-04-17,0.5383645,-0.40667143,0.03679667
2,2018-04-17,0.5383645,-2.5102022,-0.44401604
3,2018-04-17,0.5383645,-0.48579335,0.86313504
4,2018-04-17,0.5383645,1.4484652,1.5874233
5,2018-04-17,0.5383645,1.0447143,0.51218206
6,2018-04-17,0.5383645,1.5880545,2.4866452
7,2018-04-17,0.5383645,-0.7742359,-0.18515784
8,2018-04-17,0.5383645,-0.521038,-0.26755407
9,2018-04-17,0.5383645,-0.09888393,0.34508246
10,2018-04-17,0.5383645,1.050765,-0.0028372551
11,2018-04-17,0.5383645,-0.42108464,-0.10590667
12,2018-04-17,0.5383645,0.5834886,0.5928429
13,2018-04-17,0.5383645,-0.51159966,-0.866352
14,2018-04-17,0.5383645,-0.27779493,-0.11851169
15,2018-04-17,0.5383645,1.5327947,0.68718725
16,2018-04-17,0.5383645,0.41362137,0.5844653
17,2018-04-17,0.5383645,1.2700204,0.5818751
18,2018-04-17,0.5383645,-0.8192482,-0.21773909
19,2018-04-17,0.5383645,-0.20792274,0.033305623
20,2018-04-17,0.5383645,1.3504176,1.2389699
21,2018-04-17,0.5383645,-1.9577147,-2.320818
22,2018-04-17,0.5383645,-0.7849721,-0.20957235
23,2018-04-17,0.5383645,-0.9513797,-1.3310637
0,2018-04-18,0.56333363,-1.4708405,-1.0907978
1,2018-04-18,0.56333363,-0.4385106,-0.012741374
2,2018-04-18,0.56333363,-2.5847635,-0.6028068
3,2018-04-18,0.56333363,-0.43545198,0.99246395
4,2018-04-18,0.56333363,1.4806893,1.4677814
5,2018-04-18,0.56333363,1.027737,0.53599346
6,2018-04-18,0.56333363,1.5694803,2.4158382
7,2018-04-18,0.56333363,-0.80567867,-0.5892849
8,2018-04-18,0.56333363,-0.62329113,-0.485629
9,2018-04-18,0.56333363,0.051839728,0.7877351
10,2018-04-18,0.56333363,1.0383544,0.3015231
11,2018-04-18,0.56333363,-0.49956107,-0.24724759
12,2018-04-18,0.56333363,0.59448946,0.6130431
13,2018-04-18,0.56333363,-0.4871926,-0.8557974
14,2018-04-18,0.56333363,-0.31012496,-0.5062178
15,2018-04-18,0.56333363,1.5038233,0.85182935
16,2018-04-18,0.56333363,0.44613078,0.6377315
17,2018-04-18,0.56333363,1.2905568,0.9518778
18,2018-04-18,0.56333363,-0.88450056,0.08333406
19,2018-04-18,0.56333363,-0.19749671,0.104591034
20,2018-04-18,0.56333363,1.2626039,0.97042984
21,2018-04-18,0.56333363,-1.912577,-1.9100074
22,2018-04-18,0.56333363,-0.9285251,-0.7949328
23,2018-04-18,0.56333363,-1.0955071,-1.3655571
0,2018-04-19,0.64822114,-1.441185,-0.9968788
1,2018-04-19,0.64822114,-0.42525855,0.23469569
2,2018-04-19,0.64822114,-2.6770298,-0.41311923
3,2018-04-19,0.64822114,-0.45326513,0.9898603
4,2018-04-19,0.64822114,1.46201,1.4698025
5,2018-04-19,0.64822114,1.0695641,0.5917512
6,2018-04-19,0.64822114,1.5662327,2.3135247
7,2018-04-19,0.64822114,-0.7540151,-0.23463835
8,2018-04-19,0.64822114,-0.5181266,0.06511744
9,2018-04-19,0.64822114,0.16981173,0.6025295
10,2018-04-19,0.64822114,1.044728,0.42193803
11,2018-04-19,0.64822114,-0.4818282,-0.12940504
12,2018-04-19,0.64822114,0.5074285,0.57263803
13,2018-04-19,0.64822114,-0.4602568,-0.8797209
14,2018-04-19,0.64822114,-0.38221714,-0.34874743
15,2018-04-19,0.64822114,1.52622,0.5085449
16,2018-04-19,0.64822114,0.3463041,0.43055758
17,2018-04-19,0.64822114,1.276461,1.0284058
18,2018-04-19,0.64822114,-0.9970604,-0.16502856
19,2018-04-19,0.64822114,-0.28684875,-0.1864568
20,2018-04-19,0.64822114,1.3904614,0.9400888
21,2018-04-19,0.64822114,-1.9493976,-1.93106
22,2018-04-19,0.64822114,-0.86135876,-0.16772811
23,2018-04-19,0.64822114,-1.0450579,-1.116246
0,2018-04-20,0.66986746,-1.1328653,-0.36220974
1,2018-04-20,0.66986746,-0.49585146,-0.04231833
2,2018-04-20,0.66986746,-2.609269,-0.7067197
3,2018-04-20,0.66986746,-0.46308053,0.99874604
4,2018-04-20,0.66986746,1.5156035,1.6665378
5,2018-04-20,0.66986746,1.0131812,0.51521057
6,2018-04-20,0.66986746,1.4795818,2.2814457
7,2018-04-20,0.66986746,-0.8540294,-0.42806783
8,2018-04-20,0.66986746,-0.63747674,-0.47892767
9,2018-04-20,0.66986746,0.00049730757,0.52745134
10,2018-04-20,0.66986746,0.948639,0.38560548
11,2018-04-20,0.66986746,-0.5621301,-0.56453437
12,2018-04-20,0.66986746,0.5375418,0.50310725
13,2018-04-20,0.66986746,-0.48166442,-0.73840666
14,2018-04-20,0.66986746,-0.31964353,-0.07299459
15,2018-04-20,0.66986746,1.5499206,-0.11568978
16,2018-04-20,0.66986746,0.3816377,0.53493863
17,2018-04-20,0.66986746,1.0994742,1.3763238
18,2018-04-20,0.66986746,-0.97334015,0.05083508
19,2018-04-20,0.66986746,-0.34376663,-0.24999106
20,2018-04-20,0.66986746,1.2878184,1.0244474
21,2018-04-20,0.66986746,-1.9596162,-1.876638
22,2018-04-20,0.66986746,-0.86665714,-0.720733
23,2018-04-20,0.66986746,-0.8791898,-1.2059051
0,2018-04-21,0.7520449,-1.0998778,-0.36769438
1,2018-04-21,0.7520449,-0.4156308,0.12779577
2,2018-04-21,0.7520449,-2.551372,-0.84127164
3,2018-04-21,0.7520449,-0.7393808,0.5373585
4,2018-04-21,0.7520449,0.789156,-0.34089658
5,2018-04-21,0.7520449,0.74745375,0.11884827
6,2018-04-21,0.7520449,0.030335763,-1.7651119
7,2018-04-21,0.7520449,-0.9515779,-0.4534829
8,2018-04-21,0.7520449,-0.6723131,-0.8038185
9,2018-04-21,0.7520449,-0.59411603,-2.8061962
10,2018-04-21,0.7520449,0.41735852,0.39708108
11,2018-04-21,0.7520449,-0.5490863,-0.46424353
12,2018-04-21,0.7520449,0.54823256,0.5275239
13,2018-04-21,0.7520449,-0.8124542,-1.3854105
14,2018-04-21,0.7520449,-0.13821755,0.120177336
15,2018-04-21,0.7520449,1.3533304,0.10611457
16,2018-04-21,0.7520449,0.37970948,0.39107516
17,2018-04-21,0.7520449,0.34656328,0.96696854
18,2018-04-21,0.7520449,-1.0013348,-0.24951755
19,2018-04-21,0.7520449,-0.27376553,-0.21524744
20,2018-04-21,0.7520449,1.1494384,0.81864685
21,2018-04-21,0.7520449,-2.0540082,-2.12385
22,2018-04-21,0.7520449,-1.429741,-1.2714397
23,2018-04-21,0.7520449,-0.9397526,-1.0299553
0,2018-04-22,0.64456075,-1.2360818,-0.29203725
1,2018-04-22,0.64456075,-0.53054965,0.07561552
2,2018-04-22,0.64456075,-2.4836178,-0.9860336
3,2018-04-22,0.64456075,-0.8085006,0.4147655
4,2018-04-22,0.64456075,0.7725728,-0.5122515
5,2018-04-22,0.64456075,0.68961376,-0.48945776
6,2018-04-22,0.64456075,0.035908453,-2.0143516
7,2018-04-22,0.64456075,-0.95591605,-0.150751
8,2018-04-22,0.64456075,-0.8486109,-0.15709099
9,2018-04-22,0.64456075,-0.5907803,-2.6873894
10,2018-04-22,0.64456075,0.2679061,-0.3264092
11,2018-04-22,0.64456075,-0.4554865,0.041772895
12,2018-04-22,0.64456075,0.46936476,0.5618433
13,2018-04-22,0.64456075,-0.8304959,-0.81879413
14,2018-04-22,0.64456075,-0.16464964,0.124055594
15,2018-04-22,0.64456075,1.3578387,0.26447785
16,2018-04-22,0.64456075,0.27324897,0.49038273
17,2018-04-22,0.64456075,0.6582343,1.0470906
18,2018-04-22,0.64456075,-0.87201554,0.05601709
19,2018-04-22,0.64456075,-0.34563887,-0.094758645
20,2018-04-22,0.64456075,1.0847168,0.5184049
21,2018-04-22,0.64456075,-2.191275,-2.0070932
22,2018-04-22,0.64456075,-1.3123838,-0.87781495
23,2018-04-22,0.64456075,-1.0460218,-0.9491794
0,2018-04-23,0.43389368,-1.6810974,-1.481006
1,2018-04-23,0.43389368,-0.47975916,0.23104145
2,2018-04-23,0.43389368,-2.2135744,-0.96791
3,2018-04-23,0.43389368,-0.49821594,1.09918
4,2018-04-23,0.43389368,1.4704138,1.3961427
5,2018-04-23,0.43389368,1.0742582,0.7252894
6,2018-04-23,0.43389368,1.5443658,2.408179
7,2018-04-23,0.43389368,-0.7727793,-0.13420999
8,2018-04-23,0.43389368,-0.5586934,-0.29339603
9,2018-04-23,0.43389368,0.09401362,0.6444447
10,2018-04-23,0.43389368,0.9582544,0.8743886
11,2018-04-23,0.43389368,-0.36556834,0.039788697
12,2018-04-23,0.43389368,0.52980095,0.5806235
13,2018-04-23,0.43389368,-0.42667156,-0.5060914
14,2018-04-23,0.43389368,-0.3035292,0.081884176
15,2018-04-23,0.43389368,1.5919486,0.24869365
16,2018-04-23,0.43389368,0.40281457,0.50645256
17,2018-04-23,0.43389368,1.250713,0.22672112
18,2018-04-23,0.43389368,-0.76823974,-0.19155039
19,2018-04-23,0.43389368,-0.16722426,0.3265749
20,2018-04-23,0.43389368,1.1823332,0.75080013
21,2018-04-23,0.43389368,-2.120408,-1.4843668
22,2018-04-23,0.43389368,-0.8105132,-0.097273506
23,2018-04-23,0.43389368,-1.0539939,-1.1412886
0,2018-04-24,0.5545013,-1.3198296,-0.7361369
1,2018-04-24,0.5545013,-0.5684891,0.1720469
2,2018-04-24,0.5545013,-2.7434156,-0.57377875
3,2018-04-24,0.5545013,-0.4721839,0.89887017
4,2018-04-24,0.5545013,1.4577838,1.4001311
5,2018-04-24,0.5545013,1.0146667,0.62010616
6,2018-04-24,0.5545013,1.5947654,2.4185338
7,2018-04-24,0.5545013,-0.7998541,-0.15723234
8,2018-04-24,0.5545013,-0.72213143,-0.24718602
9,2018-04-24,0.5545013,0.1582319,0.62105626
10,2018-04-24,0.5545013,1.0799309,0.27122924
11,2018-04-24,0.5545013,-0.44967157,-0.26911348
12,2018-04-24,0.5545013,0.47884345,0.5600033
13,2018-04-24,0.5545013,-0.5360627,-0.93848056
14,2018-04-24,0.5545013,-0.38289887,-0.39549866
15,2018-04-24,0.5545013,1.5505207,0.022449488
16,2018-04-24,0.5545013,0.3015409,0.5673705
17,2018-04-24,0.5545013,1.3669995,0.79383075
18,2018-04-24,0.5545013,-0.8481053,-0.038801968
19,2018-04-24,0.5545013,-0.33716398,-0.1675626
20,2018-04-24,0.5545013,1.1779886,0.71939206
21,2018-04-24,0.5545013,-2.1414573,-1.4930247
22,2018-04-24,0.5545013,-0.95294046,-0.4802711
23,2018-04-24,0.5545013,-0.94307685,-1.1995525
0,2018-04-25,0.4477125,-1.2773896,-0.55088127
1,2018-04-25,0.4477125,-0.502166,0.04435968
2,2018-04-25,0.4477125,-2.5135396,-0.9431777
3,2018-04-25,0.4477125,-0.47238487,0.9810286
4,2018-04-25,0.4477125,1.5669153,1.4042675
5,2018-04-25,0.4477125,1.029663,0.5887076
6,2018-04-25,0.4477125,1.5032067,2.368677
7,2018-04-25,0.4477125,-0.8022494,0.15153712
8,2018-04-25,0.4477125,-0.70149547,-0.57721245
9,2018-04-25,0.4477125,0.0126350075,0.5920738
10,2018-04-25,0.4477125,1.1050156,0.46487412
11,2018-04-25,0.4477125,-0.41023198,-0.054819588
12,2018-04-25,0.4477125,0.5845805,0.7170956
13,2018-04-25,0.4477125,-0.37053683,-0.35663918
14,2018-04-25,0.4477125,-0.33354384,-0.54075736
15,2018-04-25,0.4477125,1.5000999,-0.04027698
16,2018-04-25,0.4477125,0.3744272,0.6078688
17,2018-04-25,0.4477125,1.3724002,0.7614545
18,2018-04-25,0.4477125,-0.81146836,-0.031377234
19,2018-04-25,0.4477125,-0.36589268,0.109104864
20,2018-04-25,0.4477125,1.2613096,0.8604681
21,2018-04-25,0.4477125,-2.2461488,-1.7332566
22,2018-04-25,0.4477125,-0.9458813,-0.72216713
23,2018-04-25,0.4477125,-0.894861,-1.273325
0,2018-04-26,0.13931186,-1.2837514,-0.96448433
1,2018-04-26,0.13931186,-0.52443564,0.16605076
2,2018-04-26,0.13931186,-2.348733,-0.81042165
3,2018-04-26,0.13931186,-0.40312424,1.0569165
4,2018-04-26,0.13931186,1.497845,1.1524438
5,2018-04-26,0.13931186,1.057365,0.5517715
6,2018-04-26,0.13931186,1.547723,2.3376524
7,2018-04-26,0.13931186,-0.9384832,-0.34261724
8,2018-04-26,0.13931186,-0.686251,-0.024188204
9,2018-04-26,0.13931186,0.13192782,0.9099695
10,2018-04-26,0.13931186,0.99541897,0.23298056
11,2018-04-26,0.13931186,-0.4158643,0.0341815
12,2018-04-26,0.13931186,0.5738012,0.7348249
13,2018-04-26,0.13931186,-0.47353455,-0.8914752
14,2018-04-26,0.13931186,-0.35905424,-0.23624071
15,2018-04-26,0.13931186,1.4921728,-0.11832355
16,2018-04-26,0.13931186,0.32808033,0.6759874
17,2018-04-26,0.13931186,1.3081772,0.7737828
18,2018-04-26,0.13931186,-0.86627495,0.027297217
19,2018-04-26,0.13931186,-0.297556,0.17240764
20,2018-04-26,0.13931186,1.3222766,0.82193637
21,2018-04-26,0.13931186,-2.2378263,-1.7703459
22,2018-04-26,0.13931186,-0.77413493,0.012035607
23,2018-04-26,0.13931186,-0.77938515,-0.6468593
0,2018-04-27,0.42367858,-1.1611848,-0.62534934
1,2018-04-27,0.42367858,-0.50546634,-0.036487706
2,2018-04-27,0.42367858,-2.4818747,-0.67192066
3,2018-04-27,0.42367858,-0.53753585,0.86533326
4,2018-04-27,0.42367858,1.3862238,1.1475099
5,2018-04-27,0.42367858,1.0122585,0.6419634
6,2018-04-27,0.42367858,1.48255,2.2535276
7,2018-04-27,0.42367858,-0.8316552,-0.67335963
8,2018-04-27,0.42367858,-0.72465426,-0.27346027
9,2018-04-27,0.42367858,-0.1765107,0.01455009
10,2018-04-27,0.42367858,0.9463993,-0.12973988
11,2018-04-27,0.42367858,-0.51371413,-0.4646685
12,2018-04-27,0.42367858,0.5383024,0.5050786
13,2018-04-27,0.42367858,-0.4721064,-0.9547151
14,2018-04-27,0.42367858,-0.32137173,-0.4266588
15,2018-04-27,0.42367858,1.4663095,0.082836956
16,2018-04-27,0.42367858,0.3328809,0.43280357
17,2018-04-27,0.42367858,1.0826652,1.6008141
18,2018-04-27,0.42367858,-0.97245014,0.011782069
19,2018-04-27,0.42367858,-0.27414036,-0.07439845
20,2018-04-27,0.42367858,1.2553039,0.7641246
21,2018-04-27,0.42367858,-2.1503613,-1.7650249
22,2018-04-27,0.42367858,-0.8432052,-0.68207985
23,2018-04-27,0.42367858,-0.7894129,-1.248698
0,2018-04-28,0.5474215,-1.1180447,-0.7714246
1,2018-04-28,0.5474215,-0.50041807,0.0668924
2,2018-04-28,0.5474215,-2.234569,-0.798904
3,2018-04-28,0.5474215,-0.7159188,0.5058858
4,2018-04-28,0.5474215,0.6857734,-1.8200241
5,2018-04-28,0.5474215,0.7251905,-0.21122918
6,2018-04-28,0.5474215,0.10826212,-0.88009185
7,2018-04-28,0.5474215,-0.81474304,-0.4454356
8,2018-04-28,0.5474215,-0.72607094,-0.38034064
9,2018-04-28,0.5474215,-0.6426072,-2.2850459
10,2018-04-28,0.5474215,0.39632526,-1.1824031
11,2018-04-28,0.5474215,-0.48425373,-0.11242638
12,2018-04-28,0.5474215,0.4944086,0.6328924
13,2018-04-28,0.5474215,-0.8388588,-1.4754653
14,2018-04-28,0.5474215,-0.23243394,-0.4567507
15,2018-04-28,0.5474215,1.304703,0.03883246
16,2018-04-28,0.5474215,0.45654854,0.47718436
17,2018-04-28,0.5474215,0.5042786,1.1014081
18,2018-04-28,0.5474215,-0.94200975,-0.0108803
19,2018-04-28,0.5474215,-0.24685954,0.13609312
20,2018-04-28,0.5474215,0.96129006,1.2799077
21,2018-04-28,0.5474215,-2.2580512,-1.9098784
22,2018-04-28,0.5474215,-1.2685963,-0.95539975
23,2018-04-28,0.5474215,-0.8243167,-1.1126202
0,2018-04-29,0.17044792,-1.0176877,-0.5271913
1,2018-04-29,0.17044792,-0.50983614,0.23353252
2,2018-04-29,0.17044792,-2.024553,-0.7780949
3,2018-04-29,0.17044792,-0.8542822,0.22952865
4,2018-04-29,0.17044792,0.7184562,-0.6616364
5,2018-04-29,0.17044792,0.741287,-0.11120452
6,2018-04-29,0.17044792,0.02777307,-2.1318283
7,2018-04-29,0.17044792,-0.8186449,-0.31187406
8,2018-04-29,0.17044792,-0.6747175,0.09176969
9,2018-04-29,0.17044792,-0.6820867,-2.425634
10,2018-04-29,0.17044792,0.2671262,-0.044007566
11,2018-04-29,0.17044792,-0.3906952,0.21755825
12,2018-04-29,0.17044792,0.48588926,0.79122555
13,2018-04-29,0.17044792,-0.6756827,-0.798817
14,2018-04-29,0.17044792,-0.1408142,0.0073650875
15,2018-04-29,0.17044792,1.2982999,0.28592622
16,2018-04-29,0.17044792,0.5251169,0.9388522
17,2018-04-29,0.17044792,0.66240865,0.96079385
18,2018-04-29,0.17044792,-0.812084,-0.19943254
19,2018-04-29,0.17044792,-0.20806818,0.103102215
20,2018-04-29,0.17044792,1.0067583,1.1646293
21,2018-04-29,0.17044792,-2.0161657,-1.263033
22,2018-04-29,0.17044792,-1.1108686,-0.6926782
23,2018-04-29,0.17044792,-0.76837695,-0.7750564
0,2018-04-30,-0.23178232,-1.3501478,-2.0489173
1,2018-04-30,-0.23178232,-0.4181577,0.320765
2,2018-04-30,-0.23178232,-2.0747223,-0.5864553
3,2018-04-30,-0.23178232,-0.5116593,0.82149833
4,2018-04-30,-0.23178232,1.3111185,1.4261082
5,2018-04-30,-0.23178232,1.0546234,0.7763278
6,2018-04-30,-0.23178232,1.4881411,2.2980893
7,2018-04-30,-0.23178232,-0.8722014,-0.4203334
8,2018-04-30,-0.23178232,-0.5802841,0.13606301
9,2018-04-30,-0.23178232,-0.0047033187,0.7705075
10,2018-04-30,-0.23178232,0.92155915,0.8544599
11,2018-04-30,-0.23178232,-0.3121885,0.14493993
12,2018-04-30,-0.23178232,0.5712454,0.7248107
13,2018-04-30,-0.23178232,-0.42122045,-0.5316545
14,2018-04-30,-0.23178232,-0.24618882,-0.3201457
15,2018-04-30,-0.23178232,1.5056478,0.3389208
16,2018-04-30,-0.23178232,0.39205915,0.78377473
17,2018-04-30,-0.23178232,1.3537511,0.9354131
18,2018-04-30,-0.23178232,-0.81502473,-0.0268331
19,2018-04-30,-0.23178232,-0.24221449,0.1028995
20,2018-04-30,-0.23178232,1.296318,0.7317245
21,2018-04-30,-0.23178232,-1.9067585,-1.1907381
22,2018-04-30,-0.23178232,-0.656301,-0.14962138
23,2018-04-30,-0.23178232,-0.65627354,-0.88789535
0,2018-05-01,-0.046212513,-1.4078108,-1.9508908
1,2018-05-01,-0.046212513,-0.40817484,0.31343213
2,2018-05-01,-0.046212513,-2.0586731,-1.3002084
3,2018-05-01,-0.046212513,-0.45079097,0.84567386
4,2018-05-01,-0.046212513,1.2530775,1.3356578
5,2018-05-01,-0.046212513,1.072748,0.77768636
6,2018-05-01,-0.046212513,1.4161339,2.0216558
7,2018-05-01,-0.046212513,-0.6917347,-0.10261815
8,2018-05-01,-0.046212513,-0.3757879,-0.39305475
9,2018-05-01,-0.046212513,-0.33556655,0.37871256
10,2018-05-01,-0.046212513,0.89634234,0.02242705
11,2018-05-01,-0.046212513,-0.23832823,-0.083012246
12,2018-05-01,-0.046212513,0.652062,0.8890907
13,2018-05-01,-0.046212513,-0.3363648,-0.39357123
14,2018-05-01,-0.046212513,-0.17549635,-0.17891489
15,2018-05-01,-0.046212513,1.5195715,0.15563439
16,2018-05-01,-0.046212513,0.5308777,0.68000376
17,2018-05-01,-0.046212513,1.3499296,0.6862943
18,2018-05-01,-0.046212513,-0.69938654,-0.31025407
19,2018-05-01,-0.046212513,-0.09002323,0.2250198
20,2018-05-01,-0.046212513,1.2912949,0.76157916
21,2018-05-01,-0.046212513,-2.0810184,-1.4375968
22,2018-05-01,-0.046212513,-0.6312173,-0.36303383
23,2018-05-01,-0.046212513,-0.7588547,-1.7671015
0,2018-05-02,0.09254811,-1.2890832,-1.4040183
1,2018-05-02,0.09254811,-0.37373352,0.29128122
2,2018-05-02,0.09254811,-2.0259132,-1.1000532
3,2018-05-02,0.09254811,-0.43962908,0.8119218
4,2018-05-02,0.09254811,1.3179853,1.4302232
5,2018-05-02,0.09254811,1.1093299,0.75134444
6,2018-05-02,0.09254811,1.6188426,2.44823
7,2018-05-02,0.09254811,-0.96000826,-0.2845266
8,2018-05-02,0.09254811,-0.2929619,-0.28332928
9,2018-05-02,0.09254811,-0.562303,-0.023907816
10,2018-05-02,0.09254811,0.8081808,0.5596316
11,2018-05-02,0.09254811,-0.23832732,0.0018603065
12,2018-05-02,0.09254811,0.71222293,0.8967878
13,2018-05-02,0.09254811,-0.2961508,-0.35238674
14,2018-05-02,0.09254811,-0.18540123,-0.22400776
15,2018-05-02,0.09254811,1.5014588,0.29449958
16,2018-05-02,0.09254811,0.5206292,0.7450639
17,2018-05-02,0.09254811,1.2734419,1.0901031
18,2018-05-02,0.09254811,-0.7335943,-0.12991557
19,2018-05-02,0.09254811,-0.094282456,0.10790852
20,2018-05-02,0.09254811,1.2774984,0.7795306
21,2018-05-02,0.09254811,-2.1231735,-1.4555916
22,2018-05-02,0.09254811,-0.77883047,-0.029907975
23,2018-05-02,0.09254811,-0.76547426,-1.0772107
0,2018-05-03,0.31483927,-1.31775,-2.2601485
1,2018-05-03,0.31483927,-0.3889138,0.23775503
2,2018-05-03,0.31483927,-1.8374364,-1.3036021
3,2018-05-03,0.31483927,-0.44838795,0.7803572
4,2018-05-03,0.31483927,1.41819,1.3314778
5,2018-05-03,0.31483927,1.0940744,0.75196505
6,2018-05-03,0.31483927,1.5853313,2.2882707
7,2018-05-03,0.31483927,-0.828497,-0.34460777
8,2018-05-03,0.31483927,-0.25140414,-0.37380597
9,2018-05-03,0.31483927,-0.35501477,0.15232074
10,2018-05-03,0.31483927,0.80202043,0.78969204
11,2018-05-03,0.31483927,-0.17637032,-0.08272438
12,2018-05-03,0.31483927,0.6724007,0.8106529
13,2018-05-03,0.31483927,-0.30632955,-0.60585904
14,2018-05-03,0.31483927,-0.25785583,-0.21741039
15,2018-05-03,0.31483927,1.5406066,0.39105254
16,2018-05-03,0.31483927,0.62453806,0.7922681
17,2018-05-03,0.31483927,1.3109349,0.54269665
18,2018-05-03,0.31483927,-0.67497396,-0.12139862
19,2018-05-03,0.31483927,-0.05952781,0.27415913
20,2018-05-03,0.31483927,1.3129205,0.99406266
21,2018-05-03,0.31483927,-1.990976,-1.377198
22,2018-05-03,0.31483927,-0.513037,-0.103012845
23,2018-05-03,0.31483927,-0.77691376,-0.9868968
0,2018-05-04,0.67561424,-1.1035242,-1.1268256
1,2018-05-04,0.67561424,-0.5040809,-0.026831182
2,2018-05-04,0.67561424,-2.339163,-0.8114252
3,2018-05-04,0.67561424,-0.3972107,0.9314877
4,2018-05-04,0.67561424,1.3723859,1.1325458
5,2018-05-04,0.67561424,1.0956888,0.6612979
6,2018-05-04,0.67561424,1.4970027,2.174525
7,2018-05-04,0.67561424,-0.8500895,-0.84372747
8,2018-05-04,0.67561424,-0.57111096,-0.6444654
9,2018-05-04,0.67561424,-0.34521726,-0.1479076
10,2018-05-04,0.67561424,1.0122554,0.5629088
11,2018-05-04,0.67561424,-0.48614386,-0.66313773
12,2018-05-04,0.67561424,0.52989405,0.56953263
13,2018-05-04,0.67561424,-0.40555206,-0.56749725
14,2018-05-04,0.67561424,-0.2811279,-0.5394563
15,2018-05-04,0.67561424,1.4940684,0.20277725
16,2018-05-04,0.67561424,0.50730604,0.66846794
17,2018-05-04,0.67561424,1.1181071,1.3218848
18,2018-05-04,0.67561424,-0.89858204,0.079408236
19,2018-05-04,0.67561424,-0.29634026,-0.07197027
20,2018-05-04,0.67561424,1.2744315,0.49863386
21,2018-05-04,0.67561424,-2.1218643,-1.8310544
22,2018-05-04,0.67561424,-0.92253083,-0.28834003
23,2018-05-04,0.67561424,-0.9472925,-1.1702843
0,2018-05-05,0.8462681,-1.0231429,-0.7284205
1,2018-05-05,0.8462681,-0.5221491,-0.08324239
2,2018-05-05,0.8462681,-2.332373,-1.0667951
3,2018-05-05,0.8462681,-0.7014602,0.5955144
4,2018-05-05,0.8462681,0.81160647,-0.93186855
5,2018-05-05,0.8462681,0.8137829,0.076539725
6,2018-05-05,0.8462681,0.10370744,-0.51084787
7,2018-05-05,0.8462681,-0.8367269,-0.3862886
8,2018-05-05,0.8462681,-0.64673567,-0.7290428
9,2018-05-05,0.8462681,-0.7700487,-2.4386055
10,2018-05-05,0.8462681,0.22666399,-0.9167991
11,2018-05-05,0.8462681,-0.48369128,-0.27535298
12,2018-05-05,0.8462681,0.5475168,0.78970397
13,2018-05-05,0.8462681,-0.7969822,-1.2448187
14,2018-05-05,0.8462681,-0.17541057,-0.061916754
15,2018-05-05,0.8462681,1.3428365,-0.007257305
16,2018-05-05,0.8462681,0.39942148,0.60585195
17,2018-05-05,0.8462681,0.5042066,0.90587455
18,2018-05-05,0.8462681,-0.960078,-0.17951287
19,2018-05-05,0.8462681,-0.31542102,-0.07071082
20,2018-05-05,0.8462681,1.159035,0.63142484
21,2018-05-05,0.8462681,-2.1818411,-1.8177925
22,2018-05-05,0.8462681,-1.3164058,-0.9462313
23,2018-05-05,0.8462681,-0.9195951,-0.8367081
0,2018-05-06,0.8339031,-1.0616026,-0.4166189
1,2018-05-06,0.8339031,-0.52935183,0.14226665
2,2018-05-06,0.8339031,-2.2284858,-0.8461117
3,2018-05-06,0.8339031,-0.7833292,0.46297678
4,2018-05-06,0.8339031,0.9022435,-0.78620446
5,2018-05-06,0.8339031,0.72446936,-0.31886268
6,2018-05-06,0.8339031,0.093150206,-0.9268874
7,2018-05-06,0.8339031,-0.9739017,-0.26960194
8,2018-05-06,0.8339031,-0.81047744,-0.35801214
9,2018-05-06,0.8339031,-0.7370915,-2.2425778
10,2018-05-06,0.8339031,0.19743662,-0.21571578
11,2018-05-06,0.8339031,-0.5110803,-0.22930637
12,2018-05-06,0.8339031,0.36134627,0.52422017
13,2018-05-06,0.8339031,-0.8022154,-0.98201305
14,2018-05-06,0.8339031,-0.24971585,-0.1636828
15,2018-05-06,0.8339031,1.2762679,0.2016367
16,2018-05-06,0.8339031,0.4364663,0.8268614
17,2018-05-06,0.8339031,0.64392936,0.9834589
18,2018-05-06,0.8339031,-0.9419685,0.040005796
19,2018-05-06,0.8339031,-0.42823046,-0.028468635
20,2018-05-06,0.8339031,0.9971944,0.89856255
21,2018-05-06,0.8339031,-2.2782583,-1.5031334
22,2018-05-06,0.8339031,-1.3839295,-0.8181488
23,2018-05-06,0.8339031,-0.96016055,-0.7751659
0,2018-05-07,0.65051013,-1.1003394,-0.7852818
1,2018-05-07,0.65051013,-0.56024957,0.07137267
2,2018-05-07,0.65051013,-2.308926,-0.9059992
3,2018-05-07,0.65051013,-0.48111022,0.9233468
4,2018-05-07,0.65051013,1.5382215,1.3789762
5,2018-05-07,0.65051013,1.0641726,0.7822842
6,2018-05-07,0.65051013,1.6054392,2.1393616
7,2018-05-07,0.65051013,-0.8530715,-0.28774932
8,2018-05-07,0.65051013,-0.90655595,-0.32370618
9,2018-05-07,0.65051013,-0.3270536,-0.10814019
10,2018-05-07,0.65051013,1.0371395,0.78327954
11,2018-05-07,0.65051013,-0.52296436,-0.20340207
12,2018-05-07,0.65051013,0.38973546,0.5556797
13,2018-05-07,0.65051013,-0.36686483,-0.20277187
14,2018-05-07,0.65051013,-0.3941837,-0.27013013
15,2018-05-07,0.65051013,1.5710098,-0.116533816
16,2018-05-07,0.65051013,0.32936123,0.45937622
17,2018-05-07,0.65051013,1.348021,0.51986516
18,2018-05-07,0.65051013,-0.91236264,0.10403237
19,2018-05-07,0.65051013,-0.41021958,-0.1061395
20,2018-05-07,0.65051013,1.0329024,0.4985633
21,2018-05-07,0.65051013,-2.0432506,-1.2642138
22,2018-05-07,0.65051013,-0.86884546,-0.61813307
23,2018-05-07,0.65051013,-1.0772022,-1.0124967
0,2018-05-08,0.55890995,-1.1629313,-0.84141624
1,2018-05-08,0.55890995,-0.5793395,0.05030806
2,2018-05-08,0.55890995,-2.3749886,-0.71379197
3,2018-05-08,0.55890995,-0.44851455,0.97236955
4,2018-05-08,0.55890995,1.4710373,1.4149994
5,2018-05-08,0.55890995,1.0319747,0.6078189
6,2018-05-08,0.55890995,1.5548263,2.088157
7,2018-05-08,0.55890995,-0.9395058,-0.12930454
8,2018-05-08,0.55890995,-0.9210045,-0.34130275
9,2018-05-08,0.55890995,-0.16882904,0.15512367
10,2018-05-08,0.55890995,0.9874138,0.15651199
11,2018-05-08,0.55890995,-0.43611994,-0.30084226
12,2018-05-08,0.55890995,0.49316993,0.70519423
13,2018-05-08,0.55890995,-0.3997408,-0.5449914
14,2018-05-08,0.55890995,-0.43417567,-0.3432739
15,2018-05-08,0.55890995,1.5433134,0.027982078
16,2018-05-08,0.55890995,0.33753055,0.46810278
17,2018-05-08,0.55890995,1.338034,0.8045918
18,2018-05-08,0.55890995,-0.9117896,0.13459624
19,2018-05-08,0.55890995,-0.34290552,0.0042198272
20,2018-05-08,0.55890995,1.1623111,0.4143106
21,2018-05-08,0.55890995,-2.2140074,-1.6260663
22,2018-05-08,0.55890995,-0.92081136,-0.26026762
23,2018-05-08,0.55890995,-1.0480652,-1.0436823
0,2018-05-09,0.21683551,-1.1525397,-0.7940574
1,2018-05-09,0.21683551,-0.52464527,-0.0072678532
2,2018-05-09,0.21683551,-2.067279,-1.1081942
3,2018-05-09,0.21683551,-0.542808,0.840684
4,2018-05-09,0.21683551,1.3538553,1.2777364
5,2018-05-09,0.21683551,1.0786955,0.751341
6,2018-05-09,0.21683551,1.4088078,2.1620874
7,2018-05-09,0.21683551,-0.89386684,-0.54531145
8,2018-05-09,0.21683551,-0.5644542,-0.20214991
9,2018-05-09,0.21683551,-0.2671808,0.11970995
10,2018-05-09,0.21683551,0.89008194,0.123875506
11,2018-05-09,0.21683551,-0.3850872,-0.020946285
12,2018-05-09,0.21683551,0.58888376,0.7912996
13,2018-05-09,0.21683551,-0.31192243,-0.17314257
14,2018-05-09,0.21683551,-0.30675024,-0.06401104
15,2018-05-09,0.21683551,1.5171341,-0.10696513
16,2018-05-09,0.21683551,0.5271543,0.8622582
17,2018-05-09,0.21683551,1.3956364,0.76519203
18,2018-05-09,0.21683551,-0.78523356,-0.14342695
19,2018-05-09,0.21683551,-0.21438178,0.15920062
20,2018-05-09,0.21683551,1.1043321,1.2222893
21,2018-05-09,0.21683551,-2.1499002,-1.5844476
22,2018-05-09,0.21683551,-0.93747526,-0.57326305
23,2018-05-09,0.21683551,-1.0423145,-1.1014676
0,2018-05-10,0.25287876,-1.0134267,-1.3049922
1,2018-05-10,0.25287876,-0.30393293,0.5310876
2,2018-05-10,0.25287876,-1.6123198,-1.0012769
3,2018-05-10,0.25287876,-0.683658,0.5518797
4,2018-05-10,0.25287876,0.92823565,-0.560954
5,2018-05-10,0.25287876,0.7982163,0.18688256
6,2018-05-10,0.25287876,0.62657636,0.2139596
7,2018-05-10,0.25287876,-1.0033451,-1.0893788
8,2018-05-10,0.25287876,-0.331973,-0.044113047
9,2018-05-10,0.25287876,-0.8569114,-2.6177528
10,2018-05-10,0.25287876,0.33564088,-0.48966777
11,2018-05-10,0.25287876,-0.3426422,0.04747694
12,2018-05-10,0.25287876,0.6162137,0.8688855
13,2018-05-10,0.25287876,-0.71095395,-1.7520152
14,2018-05-10,0.25287876,-0.26946503,-0.18392141
15,2018-05-10,0.25287876,1.429617,-0.23962206
16,2018-05-10,0.25287876,0.61109054,0.751812
17,2018-05-10,0.25287876,1.4824469,1.1626494
18,2018-05-10,0.25287876,-0.61122036,-0.35864484
19,2018-05-10,0.25287876,-0.11242822,0.3677387
20,2018-05-10,0.25287876,1.0656402,1.332281
21,2018-05-10,0.25287876,-2.1078153,-1.3876925
22,2018-05-10,0.25287876,-0.884134,-0.5038709
23,2018-05-10,0.25287876,-0.93126625,-0.921368
0,2018-05-11,0.5835143,-0.8185426,-0.5439337
1,2018-05-11,0.5835143,-0.641319,-0.25216493
2,2018-05-11,0.5835143,-2.3925622,-1.2864646
3,2018-05-11,0.5835143,-0.63534164,0.6931598
4,2018-05-11,0.5835143,0.89139724,-0.25676775
5,2018-05-11,0.5835143,0.8728992,0.28275797
6,2018-05-11,0.5835143,0.66766065,0.09553192
7,2018-05-11,0.5835143,-1.0173876,-0.70516723
8,2018-05-11,0.5835143,-0.855436,-0.72760135
9,2018-05-11,0.5835143,-0.7717709,-2.8101976
10,2018-05-11,0.5835143,0.72158736,0.6067058
11,2018-05-11,0.5835143,-0.63010705,-0.94686204
12,2018-05-11,0.5835143,0.48408628,0.50512326
13,2018-05-11,0.5835143,-0.70800453,-1.6205654
14,2018-05-11,0.5835143,-0.43558502,-0.53243697
15,2018-05-11,0.5835143,1.3829665,-0.23570794
16,2018-05-11,0.5835143,0.32915294,0.57754767
17,2018-05-11,0.5835143,1.0456232,1.2874303
18,2018-05-11,0.5835143,-1.1363956,-0.095461726
19,2018-05-11,0.5835143,-0.30937302,-0.32333624
20,2018-05-11,0.5835143,1.1557791,0.8335719
21,2018-05-11,0.5835143,-2.2272713,-1.7432603
22,2018-05-11,0.5835143,-1.08831,-1.1553557
23,2018-05-11,0.5835143,-0.56632596,-0.63675106
0,2018-05-12,0.34380063,-0.94177073,-0.42676428
1,2018-05-12,0.34380063,-0.5992231,-0.27398863
2,2018-05-12,0.34380063,-2.2401702,-1.233983
3,2018-05-12,0.34380063,-0.77517456,0.52246344
4,2018-05-12,0.34380063,0.6543742,-1.4175166
5,2018-05-12,0.34380063,0.7510799,-0.11892268
6,2018-05-12,0.34380063,0.11052156,-1.873082
7,2018-05-12,0.34380063,-1.1743869,-0.87282395
8,2018-05-12,0.34380063,-0.8113555,-0.5836198
9,2018-05-12,0.34380063,-0.7484002,-2.0241673
10,2018-05-12,0.34380063,0.19984333,-0.9285118
11,2018-05-12,0.34380063,-0.6216336,-0.34584844
12,2018-05-12,0.34380063,0.40560848,0.60913455
13,2018-05-12,0.34380063,-0.96387064,-1.7495966
14,2018-05-12,0.34380063,-0.34899706,-0.48383638
15,2018-05-12,0.34380063,1.2906972,0.07735442
16,2018-05-12,0.34380063,0.41279832,0.7527606
17,2018-05-12,0.34380063,0.3363373,0.7374773
18,2018-05-12,0.34380063,-1.114158,-0.35696232
19,2018-05-12,0.34380063,-0.3639131,-0.11733126
20,2018-05-12,0.34380063,1.0668633,1.1829405
21,2018-05-12,0.34380063,-2.231027,-1.7379072
22,2018-05-12,0.34380063,-1.261589,-1.0699499
23,2018-05-12,0.34380063,-0.6454135,-1.0974934
0,2018-05-13,-0.35801178,-0.97412646,-0.5062339
1,2018-05-13,-0.35801178,-0.39354143,0.37564075
2,2018-05-13,-0.35801178,-1.5257874,-0.75463754
3,2018-05-13,-0.35801178,-0.79055256,0.4001174
4,2018-05-13,-0.35801178,0.26254675,-0.5895177
5,2018-05-13,-0.35801178,0.742082,-0.23495077
6,2018-05-13,-0.35801178,0.24002707,-2.602946
7,2018-05-13,-0.35801178,-0.84459895,-0.6856791
8,2018-05-13,-0.35801178,-0.30125555,0.084124975
9,2018-05-13,-0.35801178,-0.85175437,-2.303822
10,2018-05-13,-0.35801178,0.016854782,-0.39538974
11,2018-05-13,-0.35801178,-0.2165747,0.5705898
12,2018-05-13,-0.35801178,0.61648476,1.0854712
13,2018-05-13,-0.35801178,-0.7126106,-0.8586254
14,2018-05-13,-0.35801178,-0.20141417,0.032975756
15,2018-05-13,-0.35801178,1.2786553,-0.11733241
16,2018-05-13,-0.35801178,0.71912557,1.0827667
17,2018-05-13,-0.35801178,0.75207496,1.2204156
18,2018-05-13,-0.35801178,-0.6816917,-0.19139524
19,2018-05-13,-0.35801178,-0.05315686,0.40701053
20,2018-05-13,-0.35801178,1.0370886,1.0727957
21,2018-05-13,-0.35801178,-2.0230758,-1.3437614
22,2018-05-13,-0.35801178,-1.0679616,-0.79963917
23,2018-05-13,-0.35801178,-0.7012661,-0.66003984
0,2018-05-14,0.07439553,-1.223762,-1.6476123
1,2018-05-14,0.07439553,-0.34738174,0.26107004
2,2018-05-14,0.07439553,-1.9242285,-1.0299006
3,2018-05-14,0.07439553,-0.49792877,0.92327434
4,2018-05-14,0.07439553,1.1578918,1.2936733
5,2018-05-14,0.07439553,1.1352358,0.8027108
6,2018-05-14,0.07439553,1.5678512,2.502138
7,2018-05-14,0.07439553,-0.6462948,-0.25899398
8,2018-05-14,0.07439553,-0.40781882,-0.09174092
9,2018-05-14,0.07439553,-0.26357073,-0.022294335
10,2018-05-14,0.07439553,0.9968003,0.77167547
11,2018-05-14,0.07439553,-0.22498672,0.16737466
12,2018-05-14,0.07439553,0.56226957,0.66838396
13,2018-05-14,0.07439553,-0.36418653,-0.6305683
14,2018-05-14,0.07439553,-0.20059755,-0.045109555
15,2018-05-14,0.07439553,1.4931927,0.19800201
16,2018-05-14,0.07439553,0.5125755,0.6183985
17,2018-05-14,0.07439553,1.2018434,0.6291142
18,2018-05-14,0.07439553,-0.7647031,-0.19301505
19,2018-05-14,0.07439553,-0.079657756,-0.038410343
20,2018-05-14,0.07439553,1.2553855,0.86606705
21,2018-05-14,0.07439553,-2.081083,-1.5889308
22,2018-05-14,0.07439553,-0.47056675,0.25663963
23,2018-05-14,0.07439553,-0.6978515,-1.1751181
0,2018-05-15,-0.09688153,-1.0718231,-1.2758416
1,2018-05-15,-0.09688153,-0.34425843,0.37965748
2,2018-05-15,-0.09688153,-1.7006493,-1.161985
3,2018-05-15,-0.09688153,-0.38349572,1.075299
4,2018-05-15,-0.09688153,1.2224665,1.5459745
5,2018-05-15,-0.09688153,1.1397161,1.0140857
6,2018-05-15,-0.09688153,1.6946912,2.4556737
7,2018-05-15,-0.09688153,-0.8006143,-0.939796
8,2018-05-15,-0.09688153,-0.31032544,-0.28330952
9,2018-05-15,-0.09688153,-0.13519748,0.38299224
10,2018-05-15,-0.09688153,1.0434138,0.5723304
11,2018-05-15,-0.09688153,-0.1731814,0.15703653
12,2018-05-15,-0.09688153,0.6310347,1.0101246
13,2018-05-15,-0.09688153,-0.287636,-0.46543986
14,2018-05-15,-0.09688153,-0.24844368,-0.04544307
15,2018-05-15,-0.09688153,1.5401864,0.47031444
16,2018-05-15,-0.09688153,0.6838686,0.85000205
17,2018-05-15,-0.09688153,1.436451,1.1094208
18,2018-05-15,-0.09688153,-0.649865,-0.47685122
19,2018-05-15,-0.09688153,-0.07606558,0.24387237
20,2018-05-15,-0.09688153,1.387813,0.35543746
21,2018-05-15,-0.09688153,-1.9777592,-1.1815597
22,2018-05-15,-0.09688153,-0.42915672,0.3946059
23,2018-05-15,-0.09688153,-0.61700183,-1.1649531
0,2018-05-16,0.03501979,-1.2018754,-1.9254621
1,2018-05-16,0.03501979,-0.25516054,0.30481255
2,2018-05-16,0.03501979,-1.7314328,-1.3605883
3,2018-05-16,0.03501979,-0.41690707,0.964473
4,2018-05-16,0.03501979,1.305337,1.5369711
5,2018-05-16,0.03501979,1.1405195,0.8087355
6,2018-05-16,0.03501979,1.6294128,2.4782147
7,2018-05-16,0.03501979,-0.8830036,-0.20147485
8,2018-05-16,0.03501979,-0.075097576,-0.3814733
9,2018-05-16,0.03501979,-0.14447932,0.48746648
10,2018-05-16,0.03501979,0.84479165,0.9414375
11,2018-05-16,0.03501979,-0.07410571,0.28689322
12,2018-05-16,0.03501979,0.7438868,1.0411825
13,2018-05-16,0.03501979,-0.2606181,-0.26705104
14,2018-05-16,0.03501979,-0.20860632,-0.053996645
15,2018-05-16,0.03501979,1.5594552,0.43809453
16,2018-05-16,0.03501979,0.6865662,0.81450814
17,2018-05-16,0.03501979,1.2677889,0.43650252
18,2018-05-16,0.03501979,-0.5930751,-0.28904197
19,2018-05-16,0.03501979,-0.059331454,0.09551542
20,2018-05-16,0.03501979,1.435132,0.81461406
21,2018-05-16,0.03501979,-2.1417615,-1.5914339
22,2018-05-16,0.03501979,-0.49798977,-0.154187
23,2018-05-16,0.03501979,-0.73576844,-1.0643532
0,2018-05-17,0.38952076,-0.99949926,-0.72542596
1,2018-05-17,0.38952076,-0.45593104,0.16985327
2,2018-05-17,0.38952076,-2.3524797,-0.5063885
3,2018-05-17,0.38952076,-0.46349388,0.90852654
4,2018-05-17,0.38952076,1.408231,1.4479345
5,2018-05-17,0.38952076,1.0576508,0.63448304
6,2018-05-17,0.38952076,1.4843668,2.2582836
7,2018-05-17,0.38952076,-0.9048282,-0.10322726
8,2018-05-17,0.38952076,-0.60948855,-0.08212218
9,2018-05-17,0.38952076,-0.117027394,0.33757716
10,2018-05-17,0.38952076,1.0718304,1.0781282
11,2018-05-17,0.38952076,-0.39352354,-0.26426592
12,2018-05-17,0.38952076,0.53433865,0.5625187
13,2018-05-17,0.38952076,-0.38483578,-0.67208964
14,2018-05-17,0.38952076,-0.30826327,-0.27846104
15,2018-05-17,0.38952076,1.4972835,0.1699505
16,2018-05-17,0.38952076,0.37050056,0.6741448
17,2018-05-17,0.38952076,1.1146209,0.4675821
18,2018-05-17,0.38952076,-0.77597463,0.09609941
19,2018-05-17,0.38952076,-0.21052489,-0.102464534
20,2018-05-17,0.38952076,1.3030096,0.7799981
21,2018-05-17,0.38952076,-2.3763435,-2.2678297
22,2018-05-17,0.38952076,-0.7626519,0.020120844
23,2018-05-17,0.38952076,-0.6844182,-1.1484971
0,2018-05-18,0.47504875,-0.97841555,-0.5367391
1,2018-05-18,0.47504875,-0.49946335,-0.041386068
2,2018-05-18,0.47504875,-2.2327785,-0.8346309
3,2018-05-18,0.47504875,-0.52112836,0.8405271
4,2018-05-18,0.47504875,1.4264888,1.4261643
5,2018-05-18,0.47504875,0.9907473,0.64502734
6,2018-05-18,0.47504875,1.4186258,2.233751
7,2018-05-18,0.47504875,-0.89349294,-0.4253944
8,2018-05-18,0.47504875,-0.63370657,-0.40912914
9,2018-05-18,0.47504875,-0.4402631,-0.73400676
10,2018-05-18,0.47504875,1.0177872,0.32474756
11,2018-05-18,0.47504875,-0.5090035,-0.40721303
12,2018-05-18,0.47504875,0.4961905,0.43089724
13,2018-05-18,0.47504875,-0.46223778,-0.9158757
14,2018-05-18,0.47504875,-0.31006163,-0.5664102
15,2018-05-18,0.47504875,1.4625812,-0.13712089
16,2018-05-18,0.47504875,0.3730995,0.48677298
17,2018-05-18,0.47504875,0.82222193,1.13596
18,2018-05-18,0.47504875,-0.82123464,0.020524167
19,2018-05-18,0.47504875,-0.3779033,-0.13505058
20,2018-05-18,0.47504875,1.3575593,0.6758766
21,2018-05-18,0.47504875,-2.1663334,-1.7416799
22,2018-05-18,0.47504875,-0.7669001,-0.44037944
23,2018-05-18,0.47504875,-0.6836626,-1.3950765
0,2018-05-19,0.44581395,-1.1054262,-0.8817103
1,2018-05-19,0.44581395,-0.5624801,-0.35317305
2,2018-05-19,0.44581395,-2.1839721,-1.133988
3,2018-05-19,0.44581395,-0.7664065,0.4603708
4,2018-05-19,0.44581395,0.6806154,-0.82612723
5,2018-05-19,0.44581395,0.7145553,-0.04153585
6,2018-05-19,0.44581395,0.05436572,-1.8815596
7,2018-05-19,0.44581395,-1.2132295,-0.99765724
8,2018-05-19,0.44581395,-0.6258809,-1.0685174
9,2018-05-19,0.44581395,-0.75228876,-2.0624983
10,2018-05-19,0.44581395,0.04949403,-0.81432635
11,2018-05-19,0.44581395,-0.49660844,-0.3029929
12,2018-05-19,0.44581395,0.49930325,0.6919826
13,2018-05-19,0.44581395,-0.8957909,-1.4037619
14,2018-05-19,0.44581395,-0.25816044,-0.42029503
15,2018-05-19,0.44581395,1.3070482,-0.0090922965
16,2018-05-19,0.44581395,0.37601316,0.18032335
17,2018-05-19,0.44581395,0.3291213,0.9363276
18,2018-05-19,0.44581395,-0.83963686,-0.18282095
19,2018-05-19,0.44581395,-0.27640712,-0.025545845
20,2018-05-19,0.44581395,1.3515201,0.21440205
21,2018-05-19,0.44581395,-2.2342212,-1.7840849
22,2018-05-19,0.44581395,-1.2556475,-0.730453
23,2018-05-19,0.44581395,-0.7363974,-0.91648674
0,2018-05-20,0.52982914,-0.8875371,-0.6262714
1,2018-05-20,0.52982914,-0.5905459,-0.12338627
2,2018-05-20,0.52982914,-2.207047,-1.134186
3,2018-05-20,0.52982914,-0.8219788,0.40394524
4,2018-05-20,0.52982914,0.6697435,-1.6418574
5,2018-05-20,0.52982914,0.7001288,-0.41855574
6,2018-05-20,0.52982914,0.061471622,-1.5760311
7,2018-05-20,0.52982914,-1.0233164,-0.74900985
8,2018-05-20,0.52982914,-0.67655396,-0.7823828
9,2018-05-20,0.52982914,-0.7617775,-2.2058797
10,2018-05-20,0.52982914,-0.13343993,-0.6531931
11,2018-05-20,0.52982914,-0.47926277,-0.29164177
12,2018-05-20,0.52982914,0.41870913,0.6217666
13,2018-05-20,0.52982914,-0.8434864,-1.3849357
14,2018-05-20,0.52982914,-0.3532095,-0.4340394
15,2018-05-20,0.52982914,1.2610537,-0.06370802
16,2018-05-20,0.52982914,0.25886694,0.43768236
17,2018-05-20,0.52982914,0.5029537,1.0666829
18,2018-05-20,0.52982914,-0.91011053,-0.3367477
19,2018-05-20,0.52982914,-0.33083066,0.037883513
20,2018-05-20,0.52982914,1.192807,0.7542028
21,2018-05-20,0.52982914,-2.4310796,-2.100925
22,2018-05-20,0.52982914,-1.2061838,-0.8913551
23,2018-05-20,0.52982914,-0.6234627,-0.7388238
0,2018-05-21,0.6876886,-0.7982659,-0.5333387
1,2018-05-21,0.6876886,-0.5350841,0.24620716
2,2018-05-21,0.6876886,-2.201005,-1.2966394
3,2018-05-21,0.6876886,-0.785023,0.4838151
4,2018-05-21,0.6876886,1.0890623,0.37731504
5,2018-05-21,0.6876886,0.58773226,0.10402681
6,2018-05-21,0.6876886,0.6001117,-0.35967472
7,2018-05-21,0.6876886,-1.1196362,-0.6507141
8,2018-05-21,0.6876886,-0.820441,-0.41187185
9,2018-05-21,0.6876886,-0.7997917,-2.039903
10,2018-05-21,0.6876886,0.4706677,0.23106675
11,2018-05-21,0.6876886,-0.5459364,-0.17968394
12,2018-05-21,0.6876886,0.37312704,0.5670164
13,2018-05-21,0.6876886,-0.7245432,-1.0783284
14,2018-05-21,0.6876886,-0.31345013,-0.348711
15,2018-05-21,0.6876886,1.3626678,0.3176784
16,2018-05-21,0.6876886,0.34159204,0.5761354
17,2018-05-21,0.6876886,1.3412803,0.8640349
18,2018-05-21,0.6876886,-0.9509599,-0.048426464
19,2018-05-21,0.6876886,-0.44247943,-0.083967336
20,2018-05-21,0.6876886,1.0703799,0.7036623
21,2018-05-21,0.6876886,-2.40666,-2.0446956
22,2018-05-21,0.6876886,-1.184199,-0.91383857
23,2018-05-21,0.6876886,-0.8182577,-1.0023235
0,2018-05-22,0.5099369,-1.0791194,-0.7432507
1,2018-05-22,0.5099369,-0.49486372,0.2922346
2,2018-05-22,0.5099369,-2.316058,-1.0892148
3,2018-05-22,0.5099369,-0.5020843,0.8607067
4,2018-05-22,0.5099369,1.5049027,1.7074933
5,2018-05-22,0.5099369,1.0318972,0.7747666
6,2018-05-22,0.5099369,1.5039504,2.2105162
7,2018-05-22,0.5099369,-0.90368223,0.0339855
8,2018-05-22,0.5099369,-0.77831805,-0.21557231
9,2018-05-22,0.5099369,-0.10684039,0.8315712
10,2018-05-22,0.5099369,1.0263741,1.1033723
11,2018-05-22,0.5099369,-0.52503616,0.11285329
12,2018-05-22,0.5099369,0.46774164,0.7907998
13,2018-05-22,0.5099369,-0.43325952,-0.36792433
14,2018-05-22,0.5099369,-0.36301252,-0.14479955
15,2018-05-22,0.5099369,1.5799958,0.44879165
16,2018-05-22,0.5099369,0.37085384,0.8131607
17,2018-05-22,0.5099369,1.2749425,0.7626532
18,2018-05-22,0.5099369,-0.98094565,-0.1535871
19,2018-05-22,0.5099369,-0.418527,0.25156617
20,2018-05-22,0.5099369,1.2776208,1.1444498
21,2018-05-22,0.5099369,-2.299207,-1.7517337
22,2018-05-22,0.5099369,-0.7775996,-0.40561184
23,2018-05-22,0.5099369,-0.8746755,-0.67921746
0,2018-05-23,0.45382902,-1.3239874,-1.4633769
1,2018-05-23,0.45382902,-0.57655245,0.077079594
2,2018-05-23,0.45382902,-1.922226,-1.3517827
3,2018-05-23,0.45382902,-0.49294788,0.8840299
4,2018-05-23,0.45382902,1.422085,1.4119738
5,2018-05-23,0.45382902,1.07746,0.8925808
6,2018-05-23,0.45382902,1.5564944,2.4092577
7,2018-05-23,0.45382902,-0.91687924,-0.31862986
8,2018-05-23,0.45382902,-0.5814159,-0.6395331
9,2018-05-23,0.45382902,-0.07939672,0.43408698
10,2018-05-23,0.45382902,0.95424336,0.48594868
11,2018-05-23,0.45382902,-0.31343362,0.046483114
12,2018-05-23,0.45382902,0.57513946,0.8355342
13,2018-05-23,0.45382902,-0.45171264,-0.6813361
14,2018-05-23,0.45382902,-0.29293162,-0.25428453
15,2018-05-23,0.45382902,1.5517098,0.120491095
16,2018-05-23,0.45382902,0.42156866,0.6303516
17,2018-05-23,0.45382902,1.332154,0.82842404
18,2018-05-23,0.45382902,-0.818622,-0.24549256
19,2018-05-23,0.45382902,-0.25810677,0.17155536
20,2018-05-23,0.45382902,1.4767154,0.24777097
21,2018-05-23,0.45382902,-2.373091,-1.9432595
22,2018-05-23,0.45382902,-0.7731642,0.01122858
23,2018-05-23,0.45382902,-0.94631165,-0.90022224
0,2018-05-24,0.85204965,-0.9781623,-0.7732197
1,2018-05-24,0.85204965,-0.49644098,0.0737157
2,2018-05-24,0.85204965,-2.4057062,-1.1401433
3,2018-05-24,0.85204965,-0.48755503,0.9686654
4,2018-05-24,0.85204965,1.4406514,1.5963264
5,2018-05-24,0.85204965,1.0279279,0.7454137
6,2018-05-24,0.85204965,1.4236517,2.147124
7,2018-05-24,0.85204965,-0.9832721,-0.28004268
8,2018-05-24,0.85204965,-0.77462494,-0.21050538
9,2018-05-24,0.85204965,-0.11192495,0.05606216
10,2018-05-24,0.85204965,0.90580446,0.8272388
11,2018-05-24,0.85204965,-0.52585596,-0.3330827
12,2018-05-24,0.85204965,0.47709644,0.4782004
13,2018-05-24,0.85204965,-0.4695033,-0.5686769
14,2018-05-24,0.85204965,-0.3450897,-0.38488707
15,2018-05-24,0.85204965,1.5344361,0.059097145
16,2018-05-24,0.85204965,0.20981564,0.35996798
17,2018-05-24,0.85204965,1.3294399,1.0691787
18,2018-05-24,0.85204965,-0.9438049,0.065632954
19,2018-05-24,0.85204965,-0.47832134,-0.12634704
20,2018-05-24,0.85204965,1.3020467,0.60140145
21,2018-05-24,0.85204965,-2.3797233,-1.941748
22,2018-05-24,0.85204965,-0.868767,-0.5641113
23,2018-05-24,0.85204965,-0.93405145,-1.1542144
0,2018-05-25,1.0855303,-0.98522824,-0.3876777
1,2018-05-25,1.0855303,-0.64577824,-0.21494499
2,2018-05-25,1.0855303,-2.2580004,-1.2815099
3,2018-05-25,1.0855303,-0.46429032,0.93317693
4,2018-05-25,1.0855303,1.487842,1.5812206
5,2018-05-25,1.0855303,0.9943092,0.6058171
6,2018-05-25,1.0855303,1.4107203,2.0870836
7,2018-05-25,1.0855303,-1.0877466,-0.5991395
8,2018-05-25,1.0855303,-0.80864096,-0.36123317
9,2018-05-25,1.0855303,-0.10528974,0.057878546
10,2018-05-25,1.0855303,0.9997374,0.7318542
11,2018-05-25,1.0855303,-0.60206103,-0.46004784
12,2018-05-25,1.0855303,0.4890176,0.45484802
13,2018-05-25,1.0855303,-0.46872893,-0.6448231
14,2018-05-25,1.0855303,-0.44409338,-0.5776779
15,2018-05-25,1.0855303,1.5211006,-0.20563503
16,2018-05-25,1.0855303,0.31655645,0.545733
17,2018-05-25,1.0855303,0.9828174,1.4694884
18,2018-05-25,1.0855303,-1.1116371,-0.25141832
19,2018-05-25,1.0855303,-0.4537574,-0.2103345
20,2018-05-25,1.0855303,1.2403338,0.82785904
21,2018-05-25,1.0855303,-2.4381514,-2.2649794
22,2018-05-25,1.0855303,-0.98535305,-0.48461178
23,2018-05-25,1.0855303,-0.9648827,-0.8450918
0,2018-05-26,1.1022552,-0.9138857,-0.39572075
1,2018-05-26,1.1022552,-0.5729204,-0.15024047
2,2018-05-26,1.1022552,-2.1395278,-1.295682
3,2018-05-26,1.1022552,-0.6678795,0.56003934
4,2018-05-26,1.1022552,0.76641613,-0.85965914
5,2018-05-26,1.1022552,0.70982033,-0.091389574
6,2018-05-26,1.1022552,0.054635476,-2.2257826
7,2018-05-26,1.1022552,-0.9810998,-0.07171271
8,2018-05-26,1.1022552,-0.69386566,-0.6204143
9,2018-05-26,1.1022552,-0.717018,-2.2701316
10,2018-05-26,1.1022552,0.11431377,-0.95082664
11,2018-05-26,1.1022552,-0.54761916,-0.35736084
12,2018-05-26,1.1022552,0.54996896,0.9429537
13,2018-05-26,1.1022552,-0.7982287,-1.416474
14,2018-05-26,1.1022552,-0.24987504,0.017263645
15,2018-05-26,1.1022552,1.3431631,-0.027691526
16,2018-05-26,1.1022552,0.32894695,0.4577823
17,2018-05-26,1.1022552,0.33425906,0.95529693
18,2018-05-26,1.1022552,-1.0203279,-0.29906404
19,2018-05-26,1.1022552,-0.3779042,0.02264741
20,2018-05-26,1.1022552,1.0401518,0.92593974
21,2018-05-26,1.1022552,-2.3928444,-2.1139834
22,2018-05-26,1.1022552,-1.2613863,-1.0791149
23,2018-05-26,1.1022552,-0.9168049,-0.69964266
0,2018-05-27,0.86515385,-1.1416063,-0.33118787
1,2018-05-27,0.86515385,-0.53846484,0.21611142
2,2018-05-27,0.86515385,-1.9149907,-0.8963091
3,2018-05-27,0.86515385,-0.70836926,0.49794576
4,2018-05-27,0.86515385,0.70986164,-1.6952406
5,2018-05-27,0.86515385,0.7595181,-0.071470864
6,2018-05-27,0.86515385,0.0097805355,-1.9192843
7,2018-05-27,0.86515385,-1.011681,-0.36002108
8,2018-05-27,0.86515385,-0.7692394,-0.23818904
9,2018-05-27,0.86515385,-0.7374489,-2.308818
10,2018-05-27,0.86515385,-0.066452496,-0.13535225
11,2018-05-27,0.86515385,-0.4732281,0.3218645
12,2018-05-27,0.86515385,0.390553,0.7792835
13,2018-05-27,0.86515385,-0.7568347,-0.6866048
14,2018-05-27,0.86515385,-0.26151314,0.20827627
15,2018-05-27,0.86515385,1.3473842,0.15464133
16,2018-05-27,0.86515385,0.35278377,0.76030844
17,2018-05-27,0.86515385,0.64598835,1.0154754
18,2018-05-27,0.86515385,-0.8281167,-0.4812218
19,2018-05-27,0.86515385,-0.36310244,0.274956
20,2018-05-27,0.86515385,1.1372911,0.7754306
21,2018-05-27,0.86515385,-2.2729354,-1.887714
22,2018-05-27,0.86515385,-1.1764334,-0.5175181
23,2018-05-27,0.86515385,-0.85664076,-0.47960293
0,2018-05-28,0.8345165,-1.3235158,-1.0733876
1,2018-05-28,0.8345165,-0.49949226,0.22522692
2,2018-05-28,0.8345165,-1.9565314,-1.0110643
3,2018-05-28,0.8345165,-0.4125841,0.90962505
4,2018-05-28,0.8345165,1.515655,1.3906083
5,2018-05-28,0.8345165,1.056358,0.63154685
6,2018-05-28,0.8345165,1.4590417,2.3578844
7,2018-05-28,0.8345165,-0.8247658,-0.3334634
8,2018-05-28,0.8345165,-0.7469014,-0.25433248
9,2018-05-28,0.8345165,-0.18713538,0.35788712
10,2018-05-28,0.8345165,1.0084416,1.1417879
11,2018-05-28,0.8345165,-0.4562687,-0.04643076
12,2018-05-28,0.8345165,0.40852442,0.61583626
13,2018-05-28,0.8345165,-0.29967234,-0.23076795
14,2018-05-28,0.8345165,-0.43176943,-0.39182657
15,2018-05-28,0.8345165,1.5735527,0.427864
16,2018-05-28,0.8345165,0.45845935,0.88293254
17,2018-05-28,0.8345165,1.345791,0.9451673
18,2018-05-28,0.8345165,-0.9012516,-0.29182225
19,2018-05-28,0.8345165,-0.431958,0.036326226
20,2018-05-28,0.8345165,1.3358471,0.31099683
21,2018-05-28,0.8345165,-2.36803,-2.1207557
22,2018-05-28,0.8345165,-0.7452544,-0.25720942
23,2018-05-28,0.8345165,-0.9504098,-1.0022403
0,2018-05-29,0.90048456,-1.077683,-0.5026391
1,2018-05-29,0.90048456,-0.54215384,0.09531117
2,2018-05-29,0.90048456,-2.3309526,-0.9190179
3,2018-05-29,0.90048456,-0.44106367,0.9191974
4,2018-05-29,0.90048456,1.5391825,1.5319268
5,2018-05-29,0.90048456,1.0609347,0.7122979
6,2018-05-29,0.90048456,1.5438712,2.2118745
7,2018-05-29,0.90048456,-0.93852264,-0.17186297
8,2018-05-29,0.90048456,-0.88641864,-0.3718016
9,2018-05-29,0.90048456,0.107031696,0.7835063
10,2018-05-29,0.90048456,1.0494548,0.90971327
11,2018-05-29,0.90048456,-0.4973709,-0.09676451
12,2018-05-29,0.90048456,0.42936546,0.7404139
13,2018-05-29,0.90048456,-0.38692963,-0.41702375
14,2018-05-29,0.90048456,-0.3906553,-0.36577097
15,2018-05-29,0.90048456,1.5892556,-0.01206054
16,2018-05-29,0.90048456,0.2935069,0.77279586
17,2018-05-29,0.90048456,1.2648362,0.80878377
18,2018-05-29,0.90048456,-1.0070397,-0.10215691
19,2018-05-29,0.90048456,-0.43406877,-0.039382115
20,2018-05-29,0.90048456,1.2120863,1.040838
21,2018-05-29,0.90048456,-2.3563535,-1.7141662
22,2018-05-29,0.90048456,-0.84393054,-0.17331919
23,2018-05-29,0.90048456,-0.89767873,-0.9072608
0,2018-05-30,0.6230475,-1.1849083,-0.8485813
1,2018-05-30,0.6230475,-0.6267769,0.11894627
2,2018-05-30,0.6230475,-2.1639,-1.2507584
3,2018-05-30,0.6230475,-0.3944209,1.01828
4,2018-05-30,0.6230475,1.5022699,1.6316308
5,2018-05-30,0.6230475,1.1379902,0.7790565
6,2018-05-30,0.6230475,1.5108672,2.227299
7,2018-05-30,0.6230475,-1.1091799,-0.11085087
8,2018-05-30,0.6230475,-0.7122867,-0.26695648
9,2018-05-30,0.6230475,0.045563284,0.017743489
10,2018-05-30,0.6230475,0.88728255,0.99570626
11,2018-05-30,0.6230475,-0.39871222,-0.009550852
12,2018-05-30,0.6230475,0.52146417,0.85124177
13,2018-05-30,0.6230475,-0.28806314,-0.014923686
14,2018-05-30,0.6230475,-0.29239163,-0.15383661
15,2018-05-30,0.6230475,1.5984898,0.22237337
16,2018-05-30,0.6230475,0.37157503,0.6376912
17,2018-05-30,0.6230475,1.2503914,0.38306934
18,2018-05-30,0.6230475,-0.91011053,-0.34491944
19,2018-05-30,0.6230475,-0.3753773,0.07386146
20,2018-05-30,0.6230475,1.2527531,0.8742098
21,2018-05-30,0.6230475,-2.318616,-1.7665257
22,2018-05-30,0.6230475,-0.91969746,-0.49537298
23,2018-05-30,0.6230475,-0.93832994,-0.8683278
0,2018-05-31,0.62039894,-1.1508597,-1.1585768
1,2018-05-31,0.62039894,-0.49125457,0.026352298
2,2018-05-31,0.62039894,-2.0294158,-1.1682416
3,2018-05-31,0.62039894,-0.43852666,0.9361887
4,2018-05-31,0.62039894,1.474044,1.6009442
5,2018-05-31,0.62039894,1.1364268,0.72947913
6,2018-05-31,0.62039894,1.4282371,2.2017348
7,2018-05-31,0.62039894,-1.0238361,-0.27212104
8,2018-05-31,0.62039894,-0.71861637,-0.060496207
9,2018-05-31,0.62039894,-0.034339916,0.09160801
10,2018-05-31,0.62039894,0.9130067,0.8494854
11,2018-05-31,0.62039894,-0.44017503,-0.21432726
12,2018-05-31,0.62039894,0.4412169,0.6185834
13,2018-05-31,0.62039894,-0.36544767,-0.36765888
14,2018-05-31,0.62039894,-0.32247093,-0.47250825
15,2018-05-31,0.62039894,1.5635622,-0.20995112
16,2018-05-31,0.62039894,0.31422406,0.45046
17,2018-05-31,0.62039894,1.2768528,0.7366373
18,2018-05-31,0.62039894,-0.9085016,-0.20957522
19,2018-05-31,0.62039894,-0.365661,0.009239394
20,2018-05-31,0.62039894,1.2859535,0.7224483
21,2018-05-31,0.62039894,-2.3532119,-1.6172081
22,2018-05-31,0.62039894,-0.92260975,-0.5862666
23,2018-05-31,0.62039894,-0.94939643,-0.91716254
0,2018-06-01,0.9115093,-0.89349014,-0.4020226
1,2018-06-01,0.9115093,-0.64150155,-0.20275366
2,2018-06-01,0.9115093,-2.2244582,-0.8207143
3,2018-06-01,0.9115093,-0.45248294,0.9327983
4,2018-06-01,0.9115093,1.472969,1.5573443
5,2018-06-01,0.9115093,1.1397849,0.7796322
6,2018-06-01,0.9115093,1.3638096,2.1449337
7,2018-06-01,0.9115093,-0.9244636,-0.5136928
8,2018-06-01,0.9115093,-0.9424107,-0.5656887
9,2018-06-01,0.9115093,-0.02399142,0.3723906
10,2018-06-01,0.9115093,1.081978,0.8423165
11,2018-06-01,0.9115093,-0.48342657,-0.41437677
12,2018-06-01,0.9115093,0.4681339,0.62565064
13,2018-06-01,0.9115093,-0.34057266,-0.24111816
14,2018-06-01,0.9115093,-0.43709025,-0.51790667
15,2018-06-01,0.9115093,1.551612,0.030353298
16,2018-06-01,0.9115093,0.33627397,0.64796627
17,2018-06-01,0.9115093,1.0401238,1.3235786
18,2018-06-01,0.9115093,-1.0189328,0.0740448
19,2018-06-01,0.9115093,-0.40440834,-0.010184507
20,2018-06-01,0.9115093,1.3009057,0.6585765
21,2018-06-01,0.9115093,-2.3928704,-1.9478073
22,2018-06-01,0.9115093,-1.0979652,-0.45460004
23,2018-06-01,0.9115093,-0.84401035,-0.7824785
0,2018-06-02,1.1094272,-0.9181083,-0.40388194
1,2018-06-02,1.1094272,-0.555605,-0.13825089
2,2018-06-02,1.1094272,-2.2548609,-0.82686484
3,2018-06-02,1.1094272,-0.6881815,0.52290606
4,2018-06-02,1.1094272,0.8329416,-0.6459656
5,2018-06-02,1.1094272,0.8997726,0.031621758
6,2018-06-02,1.1094272,0.012213856,-2.0194528
7,2018-06-02,1.1094272,-1.0242848,-0.5506904
8,2018-06-02,1.1094272,-0.7713236,-0.34677935
9,2018-06-02,1.1094272,-0.4294517,-1.6889428
10,2018-06-02,1.1094272,0.15933065,-0.6253585
11,2018-06-02,1.1094272,-0.6921907,-0.5594747
12,2018-06-02,1.1094272,0.42194897,0.6847792
13,2018-06-02,1.1094272,-0.7591538,-1.1388191
14,2018-06-02,1.1094272,-0.26580358,-0.4119883
15,2018-06-02,1.1094272,1.371121,-0.055719633
16,2018-06-02,1.1094272,0.31566736,0.43863514
17,2018-06-02,1.1094272,0.3745717,0.83625686
18,2018-06-02,1.1094272,-1.0449392,-0.23211563
19,2018-06-02,1.1094272,-0.34169665,-0.015729371
20,2018-06-02,1.1094272,1.0740944,0.3141747
21,2018-06-02,1.1094272,-2.399995,-1.9722055
22,2018-06-02,1.1094272,-1.279643,-0.8729644
23,2018-06-02,1.1094272,-0.85315686,-0.60134023
0,2018-06-03,0.9300858,-0.95839244,-0.20484641
1,2018-06-03,0.9300858,-0.44851547,0.34818724
2,2018-06-03,0.9300858,-2.004683,-0.975777
3,2018-06-03,0.9300858,-0.73126143,0.4500603
4,2018-06-03,0.9300858,0.8288856,-1.4279004
5,2018-06-03,0.9300858,0.82504153,-0.36888555
6,2018-06-03,0.9300858,0.023250505,-2.304174
7,2018-06-03,0.9300858,-1.0547155,-0.30729023
8,2018-06-03,0.9300858,-0.7981328,-0.09557143
9,2018-06-03,0.9300858,-0.38069585,-1.9405937
10,2018-06-03,0.9300858,0.0018185676,0.0528772
11,2018-06-03,0.9300858,-0.55706984,0.059699345
12,2018-06-03,0.9300858,0.3379049,0.6411974
13,2018-06-03,0.9300858,-0.6846242,-0.82806575
14,2018-06-03,0.9300858,-0.24461065,0.22502325
15,2018-06-03,0.9300858,1.3298895,-0.10019822
16,2018-06-03,0.9300858,0.28511736,0.7363519
17,2018-06-03,0.9300858,0.57638824,0.9162688
18,2018-06-03,0.9300858,-1.0178624,-0.165107
19,2018-06-03,0.9300858,-0.41709012,0.072582446
20,2018-06-03,0.9300858,0.99723244,1.0006903
21,2018-06-03,0.9300858,-2.2675107,-1.6840352
22,2018-06-03,0.9300858,-1.3643271,-0.74967784
23,2018-06-03,0.9300858,-0.7901561,-0.5247273
0,2018-06-04,0.8567773,-1.1156238,-0.68120533
1,2018-06-04,0.8567773,-0.5102417,0.24739085
2,2018-06-04,0.8567773,-2.0976846,-0.89134514
3,2018-06-04,0.8567773,-0.34500346,1.0466787
4,2018-06-04,0.8567773,1.5933653,1.5148786
5,2018-06-04,0.8567773,1.1220347,0.5472581
6,2018-06-04,0.8567773,1.4715267,2.2872918
7,2018-06-04,0.8567773,-0.98249996,-0.0025282907
8,2018-06-04,0.8567773,-0.81755257,0.2671051
9,2018-06-04,0.8567773,0.014883902,0.041096088
10,2018-06-04,0.8567773,1.0233452,1.1610368
11,2018-06-04,0.8567773,-0.45284536,0.2076037
12,2018-06-04,0.8567773,0.40794638,0.7414633
13,2018-06-04,0.8567773,-0.3596314,-0.2541942
14,2018-06-04,0.8567773,-0.4257944,-0.2672196
15,2018-06-04,0.8567773,1.6187445,0.33974662
16,2018-06-04,0.8567773,0.35685214,0.78819305
17,2018-06-04,0.8567773,1.3870322,0.933661
18,2018-06-04,0.8567773,-0.8840225,0.28555474
19,2018-06-04,0.8567773,-0.27757746,0.2526164
20,2018-06-04,0.8567773,1.2691708,1.1719648
21,2018-06-04,0.8567773,-2.2510834,-1.4455498
22,2018-06-04,0.8567773,-0.7458077,-0.3782638
23,2018-06-04,0.8567773,-0.91980296,-0.77327186
0,2018-06-05,0.97239286,-0.9884718,-0.3413248
1,2018-06-05,0.97239286,-0.5127966,0.21661966
2,2018-06-05,0.97239286,-2.4714205,-1.0045379
3,2018-06-05,0.97239286,-0.27785364,1.1422075
4,2018-06-05,0.97239286,1.6299303,1.5983762
5,2018-06-05,0.97239286,1.1429253,0.7395075
6,2018-06-05,0.97239286,1.5057703,2.303836
7,2018-06-05,0.97239286,-1.0099858,-0.3050546
8,2018-06-05,0.97239286,-0.9253903,-0.21406049
9,2018-06-05,0.97239286,0.031218437,0.25200728
10,2018-06-05,0.97239286,1.1241803,1.1958027
11,2018-06-05,0.97239286,-0.527047,-0.18289614
12,2018-06-05,0.97239286,0.3545413,0.62148815
13,2018-06-05,0.97239286,-0.19404997,0.061855767
14,2018-06-05,0.97239286,-0.44316024,-0.70192397
15,2018-06-05,0.97239286,1.5878334,0.10464992
16,2018-06-05,0.97239286,0.2245197,0.35501707
17,2018-06-05,0.97239286,1.3933628,0.9662271
18,2018-06-05,0.97239286,-1.0432215,-0.22188126
19,2018-06-05,0.97239286,-0.4741167,-0.03701473
20,2018-06-05,0.97239286,1.2523553,0.9026088
21,2018-06-05,0.97239286,-2.2948313,-1.6380497
22,2018-06-05,0.97239286,-1.2049617,-0.69601184
23,2018-06-05,0.97239286,-0.82814926,-0.48694003
0,2018-06-06,0.82822526,-1.0009774,-0.74315315
1,2018-06-06,0.82822526,-0.57069856,0.032953124
2,2018-06-06,0.82822526,-2.2318711,-1.4038608
3,2018-06-06,0.82822526,-0.22561845,1.0874723
4,2018-06-06,0.82822526,1.639347,1.5009632
5,2018-06-06,0.82822526,1.1345379,0.61219966
6,2018-06-06,0.82822526,1.4327904,2.2274363
7,2018-06-06,0.82822526,-0.9828124,-0.2895571
8,2018-06-06,0.82822526,-0.7249222,-0.17432146
9,2018-06-06,0.82822526,-0.056614157,0.1620536
10,2018-06-06,0.82822526,0.99058855,0.99129444
11,2018-06-06,0.82822526,-0.5125255,-0.052945472
12,2018-06-06,0.82822526,0.4080147,0.62773186
13,2018-06-06,0.82822526,-0.20748462,-0.01778664
14,2018-06-06,0.82822526,-0.41188812,-0.6718748
15,2018-06-06,0.82822526,1.6106646,0.06438329
16,2018-06-06,0.82822526,0.41694057,0.77401984
17,2018-06-06,0.82822526,1.4021816,0.9811437
18,2018-06-06,0.82822526,-1.0227538,-0.3654808
19,2018-06-06,0.82822526,-0.44091088,0.08799691
20,2018-06-06,0.82822526,1.4485946,-0.113160335
21,2018-06-06,0.82822526,-2.4933333,-2.247396
22,2018-06-06,0.82822526,-0.9391498,-0.0361143
23,2018-06-06,0.82822526,-0.9106298,-0.76374924
0,2018-06-07,0.9747706,-1.0113323,-1.2807789
1,2018-06-07,0.9747706,-0.5213949,0.009514029
2,2018-06-07,0.9747706,-2.3913162,-0.97995156
3,2018-06-07,0.9747706,-0.19801421,1.0160488
4,2018-06-07,0.9747706,1.6544515,1.3901833
5,2018-06-07,0.9747706,1.0915589,0.68211186
6,2018-06-07,0.9747706,1.5809252,2.2524607
7,2018-06-07,0.9747706,-1.1355284,-0.3869355
8,2018-06-07,0.9747706,-0.8900801,-0.43861234
9,2018-06-07,0.9747706,-0.030081604,-0.008728098
10,2018-06-07,0.9747706,1.1254654,1.0806068
11,2018-06-07,0.9747706,-0.5324288,-0.32708657
12,2018-06-07,0.9747706,0.3941447,0.62649524
13,2018-06-07,0.9747706,-0.25901604,-0.17970388
14,2018-06-07,0.9747706,-0.47127694,-0.57425284
15,2018-06-07,0.9747706,1.5792819,0.02496282
16,2018-06-07,0.9747706,0.2507302,0.23358737
17,2018-06-07,0.9747706,1.3690782,0.9312602
18,2018-06-07,0.9747706,-1.0988667,-0.35910553
19,2018-06-07,0.9747706,-0.39773506,-0.019107457
20,2018-06-07,0.9747706,1.3581966,0.57579285
21,2018-06-07,0.9747706,-2.4828775,-1.956523
22,2018-06-07,0.9747706,-0.7989728,-0.35826358
23,2018-06-07,0.9747706,-0.8408985,-0.8760538
0,2018-06-08,0.8666702,-0.8589534,-0.74458575
1,2018-06-08,0.8666702,-0.54789716,-0.04598256
2,2018-06-08,0.8666702,-2.2073905,-0.8864441
3,2018-06-08,0.8666702,-0.2797924,0.90800756
4,2018-06-08,0.8666702,1.5861176,1.3561009
5,2018-06-08,0.8666702,1.1520222,0.87432605
6,2018-06-08,0.8666702,1.3674371,2.04262
7,2018-06-08,0.8666702,-0.94159687,-0.3514894
8,2018-06-08,0.8666702,-0.72092396,-0.0988471
9,2018-06-08,0.8666702,-0.16226633,-0.55595183
10,2018-06-08,0.8666702,0.86819124,1.1922517
11,2018-06-08,0.8666702,-0.5734668,-0.2818378
12,2018-06-08,0.8666702,0.41947114,0.563796
13,2018-06-08,0.8666702,-0.31845808,-0.33765253
14,2018-06-08,0.8666702,-0.39030984,-0.41488135
15,2018-06-08,0.8666702,1.5466799,-0.2240812
16,2018-06-08,0.8666702,0.45372987,0.8060083
17,2018-06-08,0.8666702,0.98321563,1.52202
18,2018-06-08,0.8666702,-0.9905404,-0.24221286
19,2018-06-08,0.8666702,-0.43313977,0.030919062
20,2018-06-08,0.8666702,1.1727233,0.7233888
21,2018-06-08,0.8666702,-2.336806,-1.8156239
22,2018-06-08,0.8666702,-0.89370626,-0.21988228
23,2018-06-08,0.8666702,-0.9105707,-1.1005343
0,2018-06-09,1.1706046,-0.668108,-0.39585328
1,2018-06-09,1.1706046,-0.58489156,-0.20025797
2,2018-06-09,1.1706046,-2.265065,-1.1686738
3,2018-06-09,1.1706046,-0.42463967,0.64310527
4,2018-06-09,1.1706046,0.8612363,-0.8306309
5,2018-06-09,1.1706046,0.90621096,-0.034500822
6,2018-06-09,1.1706046,0.055370428,-2.3233716
7,2018-06-09,1.1706046,-1.113162,-0.6973556
8,2018-06-09,1.1706046,-0.8675788,-0.62411636
9,2018-06-09,1.1706046,-0.40542313,-1.5761824
10,2018-06-09,1.1706046,0.19548362,-0.30216938
11,2018-06-09,1.1706046,-0.55967426,-0.39154524
12,2018-06-09,1.1706046,0.44592205,0.7393445
13,2018-06-09,1.1706046,-0.637046,-1.0600497
14,2018-06-09,1.1706046,-0.23170955,-0.06786974
15,2018-06-09,1.1706046,1.3605528,-0.14458111
16,2018-06-09,1.1706046,0.31562242,0.46395355
17,2018-06-09,1.1706046,0.31903613,0.47716114
18,2018-06-09,1.1706046,-1.0342975,-0.31384906
19,2018-06-09,1.1706046,-0.46750537,-0.24028832
20,2018-06-09,1.1706046,0.6770613,0.66575307
21,2018-06-09,1.1706046,-2.383296,-1.9483554
22,2018-06-09,1.1706046,-1.1972864,-0.76576084
23,2018-06-09,1.1706046,-0.7887037,-0.7672531
0,2018-06-10,1.1807873,-0.62842476,-0.057778627
1,2018-06-10,1.1807873,-0.60485727,-0.010323742
2,2018-06-10,1.1807873,-2.2860587,-1.380611
3,2018-06-10,1.1807873,-0.45033267,0.5845152
4,2018-06-10,1.1807873,0.9474485,-0.7285637
5,2018-06-10,1.1807873,0.8745415,0.026432654
6,2018-06-10,1.1807873,0.041107703,-2.6255064
7,2018-06-10,1.1807873,-1.0385768,-0.30976808
8,2018-06-10,1.1807873,-0.8874825,-0.11909318
9,2018-06-10,1.1807873,-0.4285938,-1.8966174
10,2018-06-10,1.1807873,-0.04512837,-0.74806494
11,2018-06-10,1.1807873,-0.5321925,-0.07944391
12,2018-06-10,1.1807873,0.35130286,0.58016056
13,2018-06-10,1.1807873,-0.6182731,-0.8151104
14,2018-06-10,1.1807873,-0.35957265,0.014158275
15,2018-06-10,1.1807873,1.308931,0.12040498
16,2018-06-10,1.1807873,0.35116524,0.46617076
17,2018-06-10,1.1807873,0.66913193,1.0082707
18,2018-06-10,1.1807873,-0.97373146,-0.10323033
19,2018-06-10,1.1807873,-0.53353995,-0.124869525
20,2018-06-10,1.1807873,0.83454543,0.92762595
21,2018-06-10,1.1807873,-2.3369448,-1.7698914
22,2018-06-10,1.1807873,-1.3484477,-0.7049463
23,2018-06-10,1.1807873,-0.9097068,-0.57547027
0,2018-06-11,0.7447804,-0.97533625,-1.3163582
1,2018-06-11,0.7447804,-0.47820026,0.11102846
2,2018-06-11,0.7447804,-1.9054492,-0.7153354
3,2018-06-11,0.7447804,-0.20446911,0.9633227
4,2018-06-11,0.7447804,1.6382009,1.2739326
5,2018-06-11,0.7447804,1.2408943,0.9747776
6,2018-06-11,0.7447804,1.5546206,2.2840564
7,2018-06-11,0.7447804,-1.0414332,-0.60114425
8,2018-06-11,0.7447804,-0.70988137,-0.12228121
9,2018-06-11,0.7447804,-0.0019828076,0.119357266
10,2018-06-11,0.7447804,1.0049527,1.265636
11,2018-06-11,0.7447804,-0.42693764,-0.010730708
12,2018-06-11,0.7447804,0.37894747,0.49760726
13,2018-06-11,0.7447804,-0.19921619,-0.0100370245
14,2018-06-11,0.7447804,-0.40193096,-0.16723369
15,2018-06-11,0.7447804,1.6003138,0.21705654
16,2018-06-11,0.7447804,0.43745083,0.7695156
17,2018-06-11,0.7447804,1.3689841,0.5951389
18,2018-06-11,0.7447804,-0.9257427,-0.64943355
19,2018-06-11,0.7447804,-0.3164927,0.30497232
20,2018-06-11,0.7447804,1.1709635,0.060153298
21,2018-06-11,0.7447804,-2.2027626,-1.409402
22,2018-06-11,0.7447804,-0.57782966,-0.24379778
23,2018-06-11,0.7447804,-0.95350885,-0.6991523
0,2018-06-12,0.576647,-1.0558795,-1.6072854
1,2018-06-12,0.576647,-0.5546723,0.18738234
2,2018-06-12,0.576647,-2.2319014,-0.8736496
3,2018-06-12,0.576647,-0.20780163,0.93619215
4,2018-06-12,0.576647,1.5308211,1.7035578
5,2018-06-12,0.576647,1.1718568,0.8221178
6,2018-06-12,0.576647,1.5327947,2.1832545
7,2018-06-12,0.576647,-1.299462,-0.8841964
8,2018-06-12,0.576647,-0.74075574,-0.08606775
9,2018-06-12,0.576647,0.17873529,0.62357706
10,2018-06-12,0.576647,1.0381199,1.3192405
11,2018-06-12,0.576647,-0.41498575,0.111342795
12,2018-06-12,0.576647,0.41227165,0.80886436
13,2018-06-12,0.576647,-0.3647696,-0.24153261
14,2018-06-12,0.576647,-0.41117337,-0.44615155
15,2018-06-12,0.576647,1.5311041,0.056648444
16,2018-06-12,0.576647,0.3922899,0.76470643
17,2018-06-12,0.576647,1.3524349,0.82847315
18,2018-06-12,0.576647,-0.95427775,-0.1751189
19,2018-06-12,0.576647,-0.36194953,0.31783912
20,2018-06-12,0.576647,0.94241947,1.0924091
21,2018-06-12,0.576647,-2.4615011,-1.88495
22,2018-06-12,0.576647,-0.8652941,-0.17967626
23,2018-06-12,0.576647,-0.9323971,-0.83652306
0,2018-06-13,0.48395056,-1.046889,-1.3385922
1,2018-06-13,0.48395056,-0.49532342,0.20338713
2,2018-06-13,0.48395056,-1.8883196,-1.1740644
3,2018-06-13,0.48395056,-0.22671308,0.9520055
4,2018-06-13,0.48395056,1.4137992,1.3733876
5,2018-06-13,0.48395056,1.1936052,0.8985365
6,2018-06-13,0.48395056,1.5671474,2.2252023
7,2018-06-13,0.48395056,-0.9340652,-0.47599375
8,2018-06-13,0.48395056,-0.5307538,-0.180733
9,2018-06-13,0.48395056,-0.018924756,-0.009647511
10,2018-06-13,0.48395056,0.8412733,0.65684855
11,2018-06-13,0.48395056,-0.2706679,0.30133858
12,2018-06-13,0.48395056,0.5758914,0.9631712
13,2018-06-13,0.48395056,-0.34350833,-0.22038092
14,2018-06-13,0.48395056,-0.25449762,-0.24044423
15,2018-06-13,0.48395056,1.5324552,0.024364453
16,2018-06-13,0.48395056,0.456833,0.6405749
17,2018-06-13,0.48395056,1.2953221,0.81314576
18,2018-06-13,0.48395056,-0.85049963,-0.6684983
19,2018-06-13,0.48395056,-0.30255938,0.23700267
20,2018-06-13,0.48395056,1.0608002,0.9589163
21,2018-06-13,0.48395056,-2.3000188,-1.8581002
22,2018-06-13,0.48395056,-0.70948404,-0.44183642
23,2018-06-13,0.48395056,-0.84675056,-1.2459083
0,2018-06-14,0.8103193,-0.7585941,-0.22678383
1,2018-06-14,0.8103193,-0.53853273,0.045027282
2,2018-06-14,0.8103193,-2.4432533,-0.83742654
3,2018-06-14,0.8103193,-0.21967325,0.9039126
4,2018-06-14,0.8103193,1.4690218,1.5176564
5,2018-06-14,0.8103193,1.0532048,0.69444704
6,2018-06-14,0.8103193,1.47283,2.1656265
7,2018-06-14,0.8103193,-1.0317692,-0.54665166
8,2018-06-14,0.8103193,-0.95447224,-0.5328326
9,2018-06-14,0.8103193,0.1346575,0.32841814
10,2018-06-14,0.8103193,0.9427672,0.594412
11,2018-06-14,0.8103193,-0.5603413,-0.41215283
12,2018-06-14,0.8103193,0.42092133,0.40517592
13,2018-06-14,0.8103193,-0.48645627,-0.60336375
14,2018-06-14,0.8103193,-0.40086067,-0.6463585
15,2018-06-14,0.8103193,1.4827731,0.30576536
16,2018-06-14,0.8103193,0.19815092,0.58487344
17,2018-06-14,0.8103193,1.2861412,0.8880467
18,2018-06-14,0.8103193,-1.1256521,-0.39116013
19,2018-06-14,0.8103193,-0.42428595,-0.085334174
20,2018-06-14,0.8103193,1.130025,1.1094377
21,2018-06-14,0.8103193,-2.436799,-2.5743659
22,2018-06-14,0.8103193,-0.85054463,-0.11650774
23,2018-06-14,0.8103193,-0.85247284,-0.9148523
0,2018-06-15,0.9363642,-0.9360246,-0.39206976
1,2018-06-15,0.9363642,-0.638999,-0.36157033
2,2018-06-15,0.9363642,-2.2929595,-1.0659207
3,2018-06-15,0.9363642,-0.24836935,0.8763378
4,2018-06-15,0.9363642,1.4779629,1.5705988
5,2018-06-15,0.9363642,1.1450287,0.82126856
6,2018-06-15,0.9363642,1.3341928,2.0496063
7,2018-06-15,0.9363642,-1.0066749,-0.34171358
8,2018-06-15,0.9363642,-0.9789922,-0.45525804
9,2018-06-15,0.9363642,-0.044653084,-0.5586616
10,2018-06-15,0.9363642,0.9879919,0.7814787
11,2018-06-15,0.9363642,-0.6180506,-0.8284062
12,2018-06-15,0.9363642,0.37174845,0.42592004
13,2018-06-15,0.9363642,-0.41650978,-0.4217635
14,2018-06-15,0.9363642,-0.355307,-0.7279773
15,2018-06-15,0.9363642,1.4963261,-0.30408013
16,2018-06-15,0.9363642,0.29711834,0.5962574
17,2018-06-15,0.9363642,0.91803575,1.2595909
18,2018-06-15,0.9363642,-1.2405645,-0.26617995
19,2018-06-15,0.9363642,-0.4722977,-0.256482
20,2018-06-15,0.9363642,1.1085647,1.007575
21,2018-06-15,0.9363642,-2.224032,-1.6086017
22,2018-06-15,0.9363642,-0.8904994,-0.55962145
23,2018-06-15,0.9363642,-0.785879,-0.9140666
0,2018-06-16,1.0277661,-0.84820855,-0.5247495
1,2018-06-16,1.0277661,-0.55950683,-0.062474463
2,2018-06-16,1.0277661,-2.215413,-1.632745
3,2018-06-16,1.0277661,-0.45093045,0.500391
4,2018-06-16,1.0277661,0.85752755,-0.7392099
5,2018-06-16,1.0277661,0.89142704,0.2911905
6,2018-06-16,1.0277661,0.09805126,-2.0455742
7,2018-06-16,1.0277661,-1.0874163,-0.523669
8,2018-06-16,1.0277661,-0.8341426,-0.6929937
9,2018-06-16,1.0277661,-0.2540728,-1.7154943
10,2018-06-16,1.0277661,0.13335781,-0.9449153
11,2018-06-16,1.0277661,-0.6348948,-0.48451415
12,2018-06-16,1.0277661,0.3161821,0.4231039
13,2018-06-16,1.0277661,-0.83853126,-1.3222544
14,2018-06-16,1.0277661,-0.29162595,-0.56667334
15,2018-06-16,1.0277661,1.3064748,-0.07807687
16,2018-06-16,1.0277661,0.31496087,0.49275377
17,2018-06-16,1.0277661,0.39247847,0.90451556
18,2018-06-16,1.0277661,-1.174212,-0.20039375
19,2018-06-16,1.0277661,-0.37284902,0.1044984
20,2018-06-16,1.0277661,0.9363903,1.1501205
21,2018-06-16,1.0277661,-2.3941367,-1.895663
22,2018-06-16,1.0277661,-1.2773116,-0.79913014
23,2018-06-16,1.0277661,-0.7214649,-1.0083904
0,2018-06-17,1.0195464,-0.8249787,-0.37699822
1,2018-06-17,1.0195464,-0.5820155,0.048572794
2,2018-06-17,1.0195464,-2.195112,-1.3111712
3,2018-06-17,1.0195464,-0.47182378,0.44325677
4,2018-06-17,1.0195464,0.7995642,-1.2452748
5,2018-06-17,1.0195464,0.87158203,-0.34587893
6,2018-06-17,1.0195464,0.09832606,-2.3370352
7,2018-06-17,1.0195464,-1.0401027,-0.057890438
8,2018-06-17,1.0195464,-0.79026073,-0.3239841
9,2018-06-17,1.0195464,-0.24972732,-2.0208538
10,2018-06-17,1.0195464,-0.014233824,-0.15300676
11,2018-06-17,1.0195464,-0.44665515,0.101530924
12,2018-06-17,1.0195464,0.2786244,0.57665473
13,2018-06-17,1.0195464,-0.6614985,-0.7985444
14,2018-06-17,1.0195464,-0.53187966,-0.46498802
15,2018-06-17,1.0195464,1.2987968,-0.051945895
16,2018-06-17,1.0195464,0.33596432,0.5204896
17,2018-06-17,1.0195464,0.63488746,1.0631218
18,2018-06-17,1.0195464,-1.0837842,-0.28682417
19,2018-06-17,1.0195464,-0.42996415,0.08116344
20,2018-06-17,1.0195464,0.84328824,0.55586916
21,2018-06-17,1.0195464,-2.4549482,-2.3068237
22,2018-06-17,1.0195464,-1.2029715,-0.47356328
23,2018-06-17,1.0195464,-0.86229557,-0.66940314
0,2018-06-18,1.1434579,-0.8494046,-0.36966497
1,2018-06-18,1.1434579,-0.59771466,0.008463244
2,2018-06-18,1.1434579,-2.3086197,-1.3555617
3,2018-06-18,1.1434579,-0.20260376,0.99831873
4,2018-06-18,1.1434579,1.561565,1.6656992
5,2018-06-18,1.1434579,1.1179489,0.47411522
6,2018-06-18,1.1434579,1.5475647,1.9753667
7,2018-06-18,1.1434579,-1.0000943,-0.20638356
8,2018-06-18,1.1434579,-0.90003633,-0.24352467
9,2018-06-18,1.1434579,0.2085297,0.05103684
10,2018-06-18,1.1434579,0.96086705,1.1717799
11,2018-06-18,1.1434579,-0.58108467,-0.19817404
12,2018-06-18,1.1434579,0.282195,0.48729962
13,2018-06-18,1.1434579,-0.325458,-0.27322033
14,2018-06-18,1.1434579,-0.46512848,-0.18795693
15,2018-06-18,1.1434579,1.526136,-0.103443205
16,2018-06-18,1.1434579,0.3586276,0.89734244
17,2018-06-18,1.1434579,1.2055795,0.69719875
18,2018-06-18,1.1434579,-1.1235738,-0.12647648
19,2018-06-18,1.1434579,-0.4684656,-0.027500508
20,2018-06-18,1.1434579,1.3431975,0.97659
21,2018-06-18,1.1434579,-2.4835806,-1.8832499
22,2018-06-18,1.1434579,-0.7783139,-0.23203161
23,2018-06-18,1.1434579,-0.86616623,-0.8390203
0,2018-06-19,1.3381023,-0.93375695,-0.4251136
1,2018-06-19,1.3381023,-0.6054142,0.12739322
2,2018-06-19,1.3381023,-2.5257697,-1.2554438
3,2018-06-19,1.3381023,-0.17652997,1.0524161
4,2018-06-19,1.3381023,1.7198851,1.7840493
5,2018-06-19,1.3381023,1.138516,0.78629136
6,2018-06-19,1.3381023,1.5222456,2.069489
7,2018-06-19,1.3381023,-0.8879523,-0.29274857
8,2018-06-19,1.3381023,-0.87976694,-0.21750762
9,2018-06-19,1.3381023,0.38583636,0.5678334
10,2018-06-19,1.3381023,1.1522824,1.3815154
11,2018-06-19,1.3381023,-0.6526038,-0.4989812
12,2018-06-19,1.3381023,0.3355895,0.5582116
13,2018-06-19,1.3381023,-0.26487318,-0.3017421
14,2018-06-19,1.3381023,-0.38134822,-0.30131882
15,2018-06-19,1.3381023,1.5983356,0.07727694
16,2018-06-19,1.3381023,0.27974468,0.49331224
17,2018-06-19,1.3381023,1.350397,0.7640175
18,2018-06-19,1.3381023,-1.1571655,-0.25424924
19,2018-06-19,1.3381023,-0.45858413,-0.14878616
20,2018-06-19,1.3381023,1.4560033,-0.0016242202
21,2018-06-19,1.3381023,-2.3328533,-1.6574167
22,2018-06-19,1.3381023,-1.064386,-0.48272538
23,2018-06-19,1.3381023,-0.7350431,-0.9681058
0,2018-06-20,1.4176713,-1.0006815,-0.4098729
1,2018-06-20,1.4176713,-0.601138,-0.17374112
2,2018-06-20,1.4176713,-2.484679,-0.9235413
3,2018-06-20,1.4176713,-0.24992184,0.8985844
4,2018-06-20,1.4176713,1.7764204,1.5544959
5,2018-06-20,1.4176713,1.1576803,0.6281043
6,2018-06-20,1.4176713,1.5841045,1.9720749
7,2018-06-20,1.4176713,-0.9473306,-0.3904814
8,2018-06-20,1.4176713,-0.8180797,-0.1508816
9,2018-06-20,1.4176713,0.23899943,0.101822436
10,2018-06-20,1.4176713,1.2386487,1.1605797
11,2018-06-20,1.4176713,-0.576118,-0.3288109
12,2018-06-20,1.4176713,0.42224213,0.60525435
13,2018-06-20,1.4176713,-0.25945738,-0.18107341
14,2018-06-20,1.4176713,-0.3923812,-0.54282784
15,2018-06-20,1.4176713,1.5758489,0.14374416
16,2018-06-20,1.4176713,0.24828953,0.25825542
17,2018-06-20,1.4176713,1.1781515,0.5647292
18,2018-06-20,1.4176713,-1.1781381,-0.004491969
19,2018-06-20,1.4176713,-0.48542863,-0.19211328
20,2018-06-20,1.4176713,1.2118863,0.66191584
21,2018-06-20,1.4176713,-2.4281104,-2.0946615
22,2018-06-20,1.4176713,-0.90055615,-0.71986
23,2018-06-20,1.4176713,-0.8657093,-1.0861409
0,2018-06-21,1.0259019,-1.0147736,-0.2699949
1,2018-06-21,1.0259019,-0.6542756,-0.12752593
2,2018-06-21,1.0259019,-2.4635174,-1.0463064
3,2018-06-21,1.0259019,-0.16079322,1.0802708
4,2018-06-21,1.0259019,1.8097134,1.5495656
5,2018-06-21,1.0259019,1.1401653,0.6390644
6,2018-06-21,1.0259019,1.5914136,1.9503484
7,2018-06-21,1.0259019,-1.0315723,-0.3701356
8,2018-06-21,1.0259019,-0.76844347,-0.6349205
9,2018-06-21,1.0259019,0.17874676,-0.14129642
10,2018-06-21,1.0259019,1.13999,1.2493819
11,2018-06-21,1.0259019,-0.6733003,-0.5579007
12,2018-06-21,1.0259019,0.4014456,0.49900344
13,2018-06-21,1.0259019,-0.21134289,-0.24430504
14,2018-06-21,1.0259019,-0.270934,-0.4658518
15,2018-06-21,1.0259019,1.5820905,0.031877406
16,2018-06-21,1.0259019,0.3102323,0.2648079
17,2018-06-21,1.0259019,1.2832289,0.78559786
18,2018-06-21,1.0259019,-1.1584487,-0.36683327
19,2018-06-21,1.0259019,-0.37301555,-0.0064146053
20,2018-06-21,1.0259019,0.99296224,1.0511104
21,2018-06-21,1.0259019,-2.4614713,-2.1197073
22,2018-06-21,1.0259019,-0.9351594,-0.24760565
23,2018-06-21,1.0259019,-0.9625292,-0.87138176
0,2018-06-22,0.5929718,-1.0768595,-0.47284713
1,2018-06-22,0.5929718,-0.6885251,-0.33643028
2,2018-06-22,0.5929718,-2.3939726,-1.0920783
3,2018-06-22,0.5929718,-0.22802837,0.91807735
4,2018-06-22,0.5929718,1.4374942,1.3606596
5,2018-06-22,0.5929718,1.161683,0.8154966
6,2018-06-22,0.5929718,1.4311007,1.9150199
7,2018-06-22,0.5929718,-1.0512202,-0.40925688
8,2018-06-22,0.5929718,-0.959722,-0.52107954
9,2018-06-22,0.5929718,0.029537043,-0.45993048
10,2018-06-22,0.5929718,0.95643765,0.72266847
11,2018-06-22,0.5929718,-0.6007783,-0.36123738
12,2018-06-22,0.5929718,0.4478576,0.4976483
13,2018-06-22,0.5929718,-0.46727324,-0.6516387
14,2018-06-22,0.5929718,-0.4327145,-0.77275753
15,2018-06-22,0.5929718,1.5495728,-0.43360773
16,2018-06-22,0.5929718,0.22595473,0.2984346
17,2018-06-22,0.5929718,1.047177,1.3606904
18,2018-06-22,0.5929718,-1.1425945,-0.2713213
19,2018-06-22,0.5929718,-0.42293626,-0.18241264
20,2018-06-22,0.5929718,0.9565404,1.0057646
21,2018-06-22,0.5929718,-2.4322348,-1.9566802
22,2018-06-22,0.5929718,-0.8868435,-0.73406255
23,2018-06-22,0.5929718,-0.96369267,-1.093953
0,2018-06-23,0.768033,-0.98058873,-0.38272431
1,2018-06-23,0.768033,-0.5970889,-0.2214436
2,2018-06-23,0.768033,-2.2206714,-1.0930486
3,2018-06-23,0.768033,-0.41530275,0.56256706
4,2018-06-23,0.768033,0.7371406,-0.90969276
5,2018-06-23,0.768033,0.86587167,-0.049460754
6,2018-06-23,0.768033,0.0807556,-0.32134512
7,2018-06-23,0.768033,-1.0513445,-0.66299444
8,2018-06-23,0.768033,-0.91353065,-0.39831713
9,2018-06-23,0.768033,-0.20946513,-1.7808644
10,2018-06-23,0.768033,0.30732784,-0.41748175
11,2018-06-23,0.768033,-0.68284416,-0.76415294
12,2018-06-23,0.768033,0.41722637,0.6558183
13,2018-06-23,0.768033,-0.7239734,-0.9656932
14,2018-06-23,0.768033,-0.15066126,-0.06907625
15,2018-06-23,0.768033,1.3411404,-0.050377868
16,2018-06-23,0.768033,0.2672831,0.5002121
17,2018-06-23,0.768033,0.3717232,0.83586717
18,2018-06-23,0.768033,-1.1275632,0.3103018
19,2018-06-23,0.768033,-0.37185717,-0.05355324
20,2018-06-23,0.768033,0.69366884,1.0664531
21,2018-06-23,0.768033,-2.4737215,-2.2712653
22,2018-06-23,0.768033,-1.2553984,-0.7791069
23,2018-06-23,0.768033,-0.87756485,-0.8761338
0,2018-06-24,0.90056616,-1.007379,-0.24133372
1,2018-06-24,0.90056616,-0.5979784,0.02781657
2,2018-06-24,0.90056616,-2.0894659,-1.2253758
3,2018-06-24,0.90056616,-0.4540423,0.59688455
4,2018-06-24,0.90056616,0.7402336,-1.5184094
5,2018-06-24,0.90056616,0.8493481,-0.13488737
6,2018-06-24,0.90056616,-0.020336853,-0.008651384
7,2018-06-24,0.90056616,-1.1385022,-0.35599747
8,2018-06-24,0.90056616,-0.947988,-0.3048747
9,2018-06-24,0.90056616,-0.29243064,-2.2097526
10,2018-06-24,0.90056616,-0.10946272,-0.34881705
11,2018-06-24,0.90056616,-0.61729133,-0.18149917
12,2018-06-24,0.90056616,0.35054725,0.64213943
13,2018-06-24,0.90056616,-0.7217291,-0.8546672
14,2018-06-24,0.90056616,-0.26633483,-0.10813789
15,2018-06-24,0.90056616,1.3358246,-0.0074253078
16,2018-06-24,0.90056616,0.19448306,0.5001908
17,2018-06-24,0.90056616,0.64136344,1.0276046
18,2018-06-24,0.90056616,-1.0622156,-0.18774942
19,2018-06-24,0.90056616,-0.48062667,-0.01762228
20,2018-06-24,0.90056616,0.65503895,0.8307319
21,2018-06-24,0.90056616,-2.289153,-1.6336683
22,2018-06-24,0.90056616,-1.211322,-0.73577595
23,2018-06-24,0.90056616,-0.82449836,-0.56590253
0,2018-06-25,0.98609716,-1.3892627,-1.1065131
1,2018-06-25,0.98609716,-0.57864904,-0.013776433
2,2018-06-25,0.98609716,-2.2112465,-0.9306728
3,2018-06-25,0.98609716,-0.26663807,0.8776059
4,2018-06-25,0.98609716,1.5644636,1.6075978
5,2018-06-25,0.98609716,1.137998,0.8399583
6,2018-06-25,0.98609716,1.5087794,2.0553818
7,2018-06-25,0.98609716,-1.0884315,-0.18354532
8,2018-06-25,0.98609716,-1.1126074,-0.31887725
9,2018-06-25,0.98609716,-0.07631332,-1.0570095
10,2018-06-25,0.98609716,0.98612565,1.0137504
11,2018-06-25,0.98609716,-0.60107607,-0.19774368
12,2018-06-25,0.98609716,0.35532168,0.51626307
13,2018-06-25,0.98609716,-0.33937895,-0.38369128
14,2018-06-25,0.98609716,-0.4429345,-0.23485142
15,2018-06-25,0.98609716,1.547418,-0.010653036
16,2018-06-25,0.98609716,0.21771154,0.3891418
17,2018-06-25,0.98609716,1.2268307,1.0419408
18,2018-06-25,0.98609716,-1.1092244,-0.2307085
19,2018-06-25,0.98609716,-0.47774422,-0.14900595
20,2018-06-25,0.98609716,1.0066143,1.0251482
21,2018-06-25,0.98609716,-2.2537315,-1.7458003
22,2018-06-25,0.98609716,-0.80874556,-0.4598599
23,2018-06-25,0.98609716,-0.94487846,-0.96127445
0,2018-06-26,1.183891,-1.073726,-0.51781535
1,2018-06-26,1.183891,-0.57580054,-0.028791407
2,2018-06-26,1.183891,-2.2244618,-1.1578835
3,2018-06-26,1.183891,-0.19919004,0.8954791
4,2018-06-26,1.183891,1.6311634,1.78488
5,2018-06-26,1.183891,1.1170487,0.7317088
6,2018-06-26,1.183891,1.6741878,1.9302648
7,2018-06-26,1.183891,-0.9907514,-0.386882
8,2018-06-26,1.183891,-1.0120192,-0.29014337
9,2018-06-26,1.183891,0.0008854277,-0.80347484
10,2018-06-26,1.183891,1.1305531,0.99296606
11,2018-06-26,1.183891,-0.5487459,-0.30894974
12,2018-06-26,1.183891,0.29905894,0.45499915
13,2018-06-26,1.183891,-0.41892108,-0.6816117
14,2018-06-26,1.183891,-0.45846713,-0.57655
15,2018-06-26,1.183891,1.581517,-0.09997211
16,2018-06-26,1.183891,0.24726464,0.4518021
17,2018-06-26,1.183891,1.3608396,0.86040366
18,2018-06-26,1.183891,-1.1373745,0.0081502525
19,2018-06-26,1.183891,-0.4853612,-0.117814556
20,2018-06-26,1.183891,1.0213639,0.6240726
21,2018-06-26,1.183891,-2.3262596,-1.7505327
22,2018-06-26,1.183891,-0.98321474,-0.6936297
23,2018-06-26,1.183891,-0.83934784,-0.8419226
0,2018-06-27,1.0332586,-1.1004064,-0.5672694
1,2018-06-27,1.0332586,-0.6442056,-0.2109018
2,2018-06-27,1.0332586,-2.177855,-1.2340791
3,2018-06-27,1.0332586,-0.14628321,0.96910614
4,2018-06-27,1.0332586,1.6220614,1.8082666
5,2018-06-27,1.0332586,1.122609,0.7303874
6,2018-06-27,1.0332586,1.6422776,2.129438
7,2018-06-27,1.0332586,-1.0159605,-0.40230376
8,2018-06-27,1.0332586,-0.9593421,-0.63653994
9,2018-06-27,1.0332586,0.18890211,-0.28968903
10,2018-06-27,1.0332586,1.0767187,0.9940312
11,2018-06-27,1.0332586,-0.5749876,-0.43443027
12,2018-06-27,1.0332586,0.36724055,0.6120362
13,2018-06-27,1.0332586,-0.3936855,-0.804539
14,2018-06-27,1.0332586,-0.40838403,-0.60648257
15,2018-06-27,1.0332586,1.5451205,-0.10095193
16,2018-06-27,1.0332586,0.26144296,0.44132876
17,2018-06-27,1.0332586,1.2835491,0.6172742
18,2018-06-27,1.0332586,-1.1687343,-0.11734564
19,2018-06-27,1.0332586,-0.5085378,-0.16941772
20,2018-06-27,1.0332586,1.0484092,0.95131624
21,2018-06-27,1.0332586,-2.2944186,-1.957835
22,2018-06-27,1.0332586,-0.877218,-0.7732159
23,2018-06-27,1.0332586,-0.8414816,-1.0131046
0,2018-06-28,1.0157925,-1.079435,-0.736672
1,2018-06-28,1.0157925,-0.63561004,-0.09070183
2,2018-06-28,1.0157925,-2.4376214,-0.9052334
3,2018-06-28,1.0157925,-0.15410525,0.98384476
4,2018-06-28,1.0157925,1.5801504,1.7457117
5,2018-06-28,1.0157925,1.1966312,0.8945029
6,2018-06-28,1.0157925,1.6135081,1.8701627
7,2018-06-28,1.0157925,-1.1786786,-0.6739286
8,2018-06-28,1.0157925,-1.0972959,-0.2609335
9,2018-06-28,1.0157925,0.26767763,-0.21374173
10,2018-06-28,1.0157925,0.9605441,1.3982444
11,2018-06-28,1.0157925,-0.5778242,-0.34632233
12,2018-06-28,1.0157925,0.37618476,0.5406331
13,2018-06-28,1.0157925,-0.44194496,-0.7870575
14,2018-06-28,1.0157925,-0.39069933,-0.579267
15,2018-06-28,1.0157925,1.4707611,-0.1581949
16,2018-06-28,1.0157925,0.1669334,0.038556866
17,2018-06-28,1.0157925,1.1279174,1.4069532
18,2018-06-28,1.0157925,-1.1215286,-0.16468412
19,2018-06-28,1.0157925,-0.4435557,-0.08200308
20,2018-06-28,1.0157925,1.0864859,1.1509931
21,2018-06-28,1.0157925,-2.3889751,-2.0703275
22,2018-06-28,1.0157925,-0.8278281,-0.14783415
23,2018-06-28,1.0157925,-0.91172034,-1.1833304
0,2018-06-29,1.2092459,-0.93571585,-0.4060188
1,2018-06-29,1.2092459,-0.5922782,-0.09344051
2,2018-06-29,1.2092459,-2.2704623,-1.3413438
3,2018-06-29,1.2092459,-0.29679996,0.9211122
4,2018-06-29,1.2092459,1.6380614,1.5339335
5,2018-06-29,1.2092459,1.1345825,0.94360614
6,2018-06-29,1.2092459,1.5637488,1.7597824
7,2018-06-29,1.2092459,-1.0332042,-0.5702668
8,2018-06-29,1.2092459,-1.1111889,-0.46807018
9,2018-06-29,1.2092459,0.2616875,0.0606552
10,2018-06-29,1.2092459,0.98949575,1.0890115
11,2018-06-29,1.2092459,-0.7311353,-1.2005258
12,2018-06-29,1.2092459,0.38126886,0.36541444
13,2018-06-29,1.2092459,-0.43073672,-0.7264965
14,2018-06-29,1.2092459,-0.4040739,-0.7509952
15,2018-06-29,1.2092459,1.4860005,-0.32994932
16,2018-06-29,1.2092459,0.23488654,0.4393298
17,2018-06-29,1.2092459,0.9457295,1.7443562
18,2018-06-29,1.2092459,-1.1149458,-0.17976372
19,2018-06-29,1.2092459,-0.50675094,-0.25507793
20,2018-06-29,1.2092459,1.1147778,0.84912366
21,2018-06-29,1.2092459,-2.2488084,-1.6524246
22,2018-06-29,1.2092459,-0.91667646,-0.95995593
23,2018-06-29,1.2092459,-1.0074961,-1.2079716
0,2018-06-30,1.5092103,-0.9614437,-0.42360964
1,2018-06-30,1.5092103,-0.5832358,-0.24504668
2,2018-06-30,1.5092103,-2.566696,-1.9183226
3,2018-06-30,1.5092103,-0.5792776,0.54384696
4,2018-06-30,1.5092103,1.1330093,-2.086431
5,2018-06-30,1.5092103,0.86783755,-0.47312638
6,2018-06-30,1.5092103,0.30680758,0.47514972
7,2018-06-30,1.5092103,-1.1702391,-0.72710294
8,2018-06-30,1.5092103,-0.95970225,-0.93986136
9,2018-06-30,1.5092103,-0.10449194,-1.2195073
10,2018-06-30,1.5092103,0.4549222,-0.22689813
11,2018-06-30,1.5092103,-0.7833494,-0.83104473
12,2018-06-30,1.5092103,0.34615543,0.5422157
13,2018-06-30,1.5092103,-0.7472166,-0.9702841
14,2018-06-30,1.5092103,-0.2892853,-0.22786146
15,2018-06-30,1.5092103,1.3360113,-0.1667621
16,2018-06-30,1.5092103,0.20370986,0.13589098
17,2018-06-30,1.5092103,0.72911394,1.7914119
18,2018-06-30,1.5092103,-1.2475599,-0.38744125
19,2018-06-30,1.5092103,-0.5404999,-0.22722627
20,2018-06-30,1.5092103,0.98582006,0.8204504
21,2018-06-30,1.5092103,-2.394715,-2.4530835
22,2018-06-30,1.5092103,-1.271766,-0.8918436
23,2018-06-30,1.5092103,-0.7736991,-0.47466737
0,2018-07-01,1.579689,-0.923519,-0.16246115
1,2018-07-01,1.579689,-0.5957511,-0.013688788
2,2018-07-01,1.579689,-2.3868034,-1.0755408
3,2018-07-01,1.579689,-0.5103867,0.6213524
4,2018-07-01,1.579689,1.1550611,-1.4353708
5,2018-07-01,1.579689,0.8762688,-0.7678369
6,2018-07-01,1.579689,0.27623647,0.75322855
7,2018-07-01,1.579689,-0.99229795,-0.025122194
8,2018-07-01,1.579689,-0.9059238,-0.4937986
9,2018-07-01,1.579689,-0.035623096,-1.2527308
10,2018-07-01,1.579689,0.13823684,-0.22600193
11,2018-07-01,1.579689,-0.6253973,-0.15403569
12,2018-07-01,1.579689,0.3366144,0.6173652
13,2018-07-01,1.579689,-0.608582,-0.7351295
14,2018-07-01,1.579689,-0.27261126,-0.2202135
15,2018-07-01,1.579689,1.3344707,0.39944577
16,2018-07-01,1.579689,0.18230131,0.25371704
17,2018-07-01,1.579689,0.15248166,0.86778426
18,2018-07-01,1.579689,-1.0508591,0.050369814
19,2018-07-01,1.579689,-0.41674605,0.039841246
20,2018-07-01,1.579689,0.8811419,1.0231348
21,2018-07-01,1.579689,-2.2988298,-2.0840795
22,2018-07-01,1.579689,-1.199171,-0.6461813
23,2018-07-01,1.579689,-0.6967394,-0.68532753
0,2018-07-02,1.3913106,-1.0442688,-0.28981945
1,2018-07-02,1.3913106,-0.5535226,-0.07524844
2,2018-07-02,1.3913106,-2.308826,-1.0517168
3,2018-07-02,1.3913106,-0.23065025,1.1113471
4,2018-07-02,1.3913106,1.8698939,1.506037
5,2018-07-02,1.3913106,1.24387,0.5357468
6,2018-07-02,1.3913106,1.6356556,1.7867523
7,2018-07-02,1.3913106,-0.9997929,-0.6074108
8,2018-07-02,1.3913106,-0.99071103,-0.51798373
9,2018-07-02,1.3913106,0.24202043,0.21873139
10,2018-07-02,1.3913106,1.1134745,1.2800666
11,2018-07-02,1.3913106,-0.5893664,-0.108084
12,2018-07-02,1.3913106,0.42085344,0.46551812
13,2018-07-02,1.3913106,-0.12061773,-0.25551003
14,2018-07-02,1.3913106,-0.37352893,-0.11354275
15,2018-07-02,1.3913106,1.5778992,0.1325104
16,2018-07-02,1.3913106,0.2583802,0.47383752
17,2018-07-02,1.3913106,0.77601594,1.7043312
18,2018-07-02,1.3913106,-1.1154201,-0.2654456
19,2018-07-02,1.3913106,-0.46659014,-0.08375043
20,2018-07-02,1.3913106,1.1712438,1.0736263
21,2018-07-02,1.3913106,-2.1332073,-1.2370757
22,2018-07-02,1.3913106,-0.9269075,-0.80615634
23,2018-07-02,1.3913106,-0.80039823,-0.67600393
0,2018-07-03,1.2955399,-1.3442513,-1.5056002
1,2018-07-03,1.2955399,-0.5817269,0.023183063
2,2018-07-03,1.2955399,-2.3361945,-1.2900206
3,2018-07-03,1.2955399,-0.19806696,0.97151035
4,2018-07-03,1.2955399,1.7717445,1.512939
5,2018-07-03,1.2955399,1.2651615,0.82537466
6,2018-07-03,1.2955399,1.5984906,2.2733648
7,2018-07-03,1.2955399,-1.2049891,-0.5045562
8,2018-07-03,1.2955399,-0.95201695,-0.32912102
9,2018-07-03,1.2955399,0.4073339,-0.018060891
10,2018-07-03,1.2955399,1.0578994,1.2766712
11,2018-07-03,1.2955399,-0.4730767,0.08320518
12,2018-07-03,1.2955399,0.3747254,0.544262
13,2018-07-03,1.2955399,-0.24852304,-0.43848807
14,2018-07-03,1.2955399,-0.3460747,-0.3271836
15,2018-07-03,1.2955399,1.5975906,-0.0044896677
16,2018-07-03,1.2955399,0.29572,0.5703255
17,2018-07-03,1.2955399,0.83466244,2.142322
18,2018-07-03,1.2955399,-1.0282041,-0.28298485
19,2018-07-03,1.2955399,-0.35312602,0.30158255
20,2018-07-03,1.2955399,1.1191939,0.44841403
21,2018-07-03,1.2955399,-2.0471084,-1.4624921
22,2018-07-03,1.2955399,-0.9028266,-0.18003279
23,2018-07-03,1.2955399,-0.9504314,-0.90214145
0,2018-07-04,1.1137387,-1.1035719,-0.6376277
1,2018-07-04,1.1137387,-0.572991,-0.089395784
2,2018-07-04,1.1137387,-2.4516077,-1.3121715
3,2018-07-04,1.1137387,-0.2303181,0.99929833
4,2018-07-04,1.1137387,1.8094354,1.624781
5,2018-07-04,1.1137387,1.2218388,0.842122
6,2018-07-04,1.1137387,1.5974263,2.2492225
7,2018-07-04,1.1137387,-1.1913246,-0.62564623
8,2018-07-04,1.1137387,-0.9656759,-0.4970229
9,2018-07-04,1.1137387,0.3549611,-0.31302476
10,2018-07-04,1.1137387,1.1632111,1.0662751
11,2018-07-04,1.1137387,-0.51029813,-0.31451723
12,2018-07-04,1.1137387,0.42316058,0.605361
13,2018-07-04,1.1137387,-0.20072876,-0.28890905
14,2018-07-04,1.1137387,-0.49629325,-1.039849
15,2018-07-04,1.1137387,1.606877,0.08400377
16,2018-07-04,1.1137387,0.24491206,0.28552848
17,2018-07-04,1.1137387,0.8286975,1.9185648
18,2018-07-04,1.1137387,-1.005177,-0.0019331845
19,2018-07-04,1.1137387,-0.51789814,-0.2184437
20,2018-07-04,1.1137387,1.1055423,0.6216293
21,2018-07-04,1.1137387,-2.2436762,-1.8213487
22,2018-07-04,1.1137387,-1.0115929,-0.76971984
23,2018-07-04,1.1137387,-0.8065549,-0.81390846
0,2018-07-05,0.87637,-1.374983,-1.8099356
1,2018-07-05,0.87637,-0.5251715,-0.08166266
2,2018-07-05,0.87637,-2.1719148,-1.3493893
3,2018-07-05,0.87637,-0.33128256,0.9917375
4,2018-07-05,0.87637,1.6995413,1.7284012
5,2018-07-05,0.87637,1.1929469,0.6388645
6,2018-07-05,0.87637,1.5541656,2.2180622
7,2018-07-05,0.87637,-1.2285901,-0.7871864
8,2018-07-05,0.87637,-0.79925865,-0.8087872
9,2018-07-05,0.87637,0.41807282,-0.22669868
10,2018-07-05,0.87637,0.916503,1.1478674
11,2018-07-05,0.87637,-0.5447615,-0.34551704
12,2018-07-05,0.87637,0.39618486,0.56178993
13,2018-07-05,0.87637,-0.26096904,-0.06883767
14,2018-07-05,0.87637,-0.45811203,-0.38097927
15,2018-07-05,0.87637,1.6210631,-0.21413049
16,2018-07-05,0.87637,0.3980704,0.5237883
17,2018-07-05,0.87637,0.50182235,1.4447592
18,2018-07-05,0.87637,-0.9936169,-0.48997712
19,2018-07-05,0.87637,-0.44352818,-0.23989612
20,2018-07-05,0.87637,1.0896771,0.81924754
21,2018-07-05,0.87637,-2.1895738,-1.5428371
22,2018-07-05,0.87637,-0.79151183,-0.17706302
23,2018-07-05,0.87637,-0.8839046,-1.0374832
0,2018-07-06,0.9781662,-1.1314151,-0.66983867
1,2018-07-06,0.9781662,-0.57541287,-0.25157902
2,2018-07-06,0.9781662,-2.1861343,-1.4049366
3,2018-07-06,0.9781662,-0.34554803,0.92234
4,2018-07-06,0.9781662,1.5765404,1.5121231
5,2018-07-06,0.9781662,1.2158015,0.85542995
6,2018-07-06,0.9781662,1.4822574,2.3234477
7,2018-07-06,0.9781662,-1.1667634,-0.5280421
8,2018-07-06,0.9781662,-0.89156884,-0.7422124
9,2018-07-06,0.9781662,0.17725942,-0.74877244
10,2018-07-06,0.9781662,0.8997464,1.1142619
11,2018-07-06,0.9781662,-0.59702325,-0.5736376
12,2018-07-06,0.9781662,0.45111027,0.56269133
13,2018-07-06,0.9781662,-0.39114892,-0.05694283
14,2018-07-06,0.9781662,-0.38430637,-0.30420077
15,2018-07-06,0.9781662,1.5770165,-0.20664746
16,2018-07-06,0.9781662,0.41782326,0.68823785
17,2018-07-06,0.9781662,0.6720699,1.7580721
18,2018-07-06,0.9781662,-1.0121292,-0.38157323
19,2018-07-06,0.9781662,-0.5284806,-0.29303893
20,2018-07-06,0.9781662,1.1238931,0.9855969
21,2018-07-06,0.9781662,-2.0584755,-1.2649243
22,2018-07-06,0.9781662,-0.8928607,-0.27912077
23,2018-07-06,0.9781662,-0.67039585,-0.5135639
0,2018-07-07,1.3635924,-1.0258075,-0.5242106
1,2018-07-07,1.3635924,-0.61137086,-0.4252864
2,2018-07-07,1.3635924,-2.3440604,-1.4357029
3,2018-07-07,1.3635924,-0.5802313,0.44974136
4,2018-07-07,1.3635924,0.967027,-0.6160685
5,2018-07-07,1.3635924,0.7902956,-0.5290253
6,2018-07-07,1.3635924,0.12238492,-1.0456728
7,2018-07-07,1.3635924,-1.0309911,-0.22768465
8,2018-07-07,1.3635924,-1.2098581,-0.87007684
9,2018-07-07,1.3635924,-0.258666,-1.9017576
10,2018-07-07,1.3635924,0.046097293,-0.49718553
11,2018-07-07,1.3635924,-0.6591046,-0.41035715
12,2018-07-07,1.3635924,0.3251488,0.43061608
13,2018-07-07,1.3635924,-0.8084868,-1.244612
14,2018-07-07,1.3635924,-0.3899254,-0.25060132
15,2018-07-07,1.3635924,1.42258,-0.18538511
16,2018-07-07,1.3635924,0.24434318,0.24777211
17,2018-07-07,1.3635924,0.025694378,0.4397822
18,2018-07-07,1.3635924,-1.2250144,-0.15319605
19,2018-07-07,1.3635924,-0.45875156,-0.08975231
20,2018-07-07,1.3635924,0.8361346,1.0056756
21,2018-07-07,1.3635924,-2.20003,-1.7779313
22,2018-07-07,1.3635924,-1.2567031,-1.1827188
23,2018-07-07,1.3635924,-0.7476795,-0.85090345
0,2018-07-08,1.3978492,-0.9984482,-0.22275847
1,2018-07-08,1.3978492,-0.75426924,-0.4659734
2,2018-07-08,1.3978492,-2.3396966,-1.6497179
3,2018-07-08,1.3978492,-0.51278603,0.64622295
4,2018-07-08,1.3978492,1.0660375,-0.8317242
5,2018-07-08,1.3978492,0.7874595,-0.98197466
6,2018-07-08,1.3978492,0.031562515,-0.61228746
7,2018-07-08,1.3978492,-1.1084422,-0.27879953
8,2018-07-08,1.3978492,-1.3027463,-0.6253716
9,2018-07-08,1.3978492,-0.2982795,-1.8214902
10,2018-07-08,1.3978492,0.09408564,0.19034465
11,2018-07-08,1.3978492,-0.69552505,-0.36791646
12,2018-07-08,1.3978492,0.1913657,0.3138222
13,2018-07-08,1.3978492,-0.6939648,-0.8398342
14,2018-07-08,1.3978492,-0.54596484,-0.52600706
15,2018-07-08,1.3978492,1.3430113,-0.01737392
16,2018-07-08,1.3978492,-0.044099804,-0.26077643
17,2018-07-08,1.3978492,0.0424964,0.59790444
18,2018-07-08,1.3978492,-1.0363666,-0.18842547
19,2018-07-08,1.3978492,-0.56993926,-0.15041287
20,2018-07-08,1.3978492,0.8513791,0.6727325
21,2018-07-08,1.3978492,-2.1703343,-1.630212
22,2018-07-08,1.3978492,-1.3714573,-0.77635694
23,2018-07-08,1.3978492,-0.5817393,-0.85175896
0,2018-07-09,1.2339878,-1.0561644,-0.46551487
1,2018-07-09,1.2339878,-0.6231126,-0.21765663
2,2018-07-09,1.2339878,-2.277011,-1.1920574
3,2018-07-09,1.2339878,-0.3406121,0.9858297
4,2018-07-09,1.2339878,1.719252,1.848778
5,2018-07-09,1.2339878,1.1409144,0.73005104
6,2018-07-09,1.2339878,1.6311047,2.2028744
7,2018-07-09,1.2339878,-1.1945786,-0.5776242
8,2018-07-09,1.2339878,-1.304535,-0.67952085
9,2018-07-09,1.2339878,0.17905918,0.02799512
10,2018-07-09,1.2339878,0.9944826,0.7356592
11,2018-07-09,1.2339878,-0.66536313,-0.49510485
12,2018-07-09,1.2339878,0.26039144,0.3453912
13,2018-07-09,1.2339878,-0.30461374,-0.44989824
14,2018-07-09,1.2339878,-0.55306476,-0.6587773
15,2018-07-09,1.2339878,1.5774996,0.29296914
16,2018-07-09,1.2339878,0.14741041,0.5840741
17,2018-07-09,1.2339878,0.4946435,1.2648704
18,2018-07-09,1.2339878,-1.086812,-0.32652062
19,2018-07-09,1.2339878,-0.5222399,-0.10865974
20,2018-07-09,1.2339878,1.1693922,1.3681223
21,2018-07-09,1.2339878,-2.0839894,-1.4333239
22,2018-07-09,1.2339878,-1.0072392,-0.77746004
23,2018-07-09,1.2339878,-0.78476423,-0.92009956
0,2018-07-10,0.96793526,-1.1277812,-0.6889693
1,2018-07-10,0.96793526,-0.7348509,-0.2739405
2,2018-07-10,0.96793526,-2.2790344,-1.3717595
3,2018-07-10,0.96793526,-0.34880853,1.0023102
4,2018-07-10,0.96793526,1.6538478,1.9650648
5,2018-07-10,0.96793526,1.104205,0.5939786
6,2018-07-10,0.96793526,1.6902944,2.3072925
7,2018-07-10,0.96793526,-1.1619812,-0.63242537
8,2018-07-10,0.96793526,-1.3040286,-0.7259244
9,2018-07-10,0.96793526,0.19826607,-0.12258557
10,2018-07-10,0.96793526,0.92042595,1.1443167
11,2018-07-10,0.96793526,-0.7104828,-0.5640102
12,2018-07-10,0.96793526,0.30854496,0.41061547
13,2018-07-10,0.96793526,-0.3219764,-0.5886971
14,2018-07-10,0.96793526,-0.5954208,-0.8962232
15,2018-07-10,0.96793526,1.6015451,0.4577618
16,2018-07-10,0.96793526,0.12295334,0.07952312
17,2018-07-10,0.96793526,0.66223985,1.7113785
18,2018-07-10,0.96793526,-1.1828998,-0.35297054
19,2018-07-10,0.96793526,-0.52035576,-0.09852816
20,2018-07-10,0.96793526,1.3557959,0.80531096
21,2018-07-10,0.96793526,-2.2234802,-1.7433757
22,2018-07-10,0.96793526,-1.0425764,-0.732979
23,2018-07-10,0.96793526,-0.8100044,-1.0017712
0,2018-07-11,1.011756,-1.1135657,-0.6552212
1,2018-07-11,1.011756,-0.7336916,-0.4240659
2,2018-07-11,1.011756,-2.392748,-1.160926
3,2018-07-11,1.011756,-0.36375114,0.9316806
4,2018-07-11,1.011756,1.5715475,1.7345648
5,2018-07-11,1.011756,1.0990493,0.60285705
6,2018-07-11,1.011756,1.6284502,2.1385474
7,2018-07-11,1.011756,-1.1475322,-0.9184318
8,2018-07-11,1.011756,-1.4840103,-0.49077398
9,2018-07-11,1.011756,0.17344749,0.05028236
10,2018-07-11,1.011756,0.90913516,1.2144142
11,2018-07-11,1.011756,-0.6294492,-0.43050772
12,2018-07-11,1.011756,0.31444383,0.3819144
13,2018-07-11,1.011756,-0.4079271,-0.7809567
14,2018-07-11,1.011756,-0.6351641,-0.93057173
15,2018-07-11,1.011756,1.6223798,0.70171106
16,2018-07-11,1.011756,0.08631773,0.28610632
17,2018-07-11,1.011756,0.9263868,1.9294846
18,2018-07-11,1.011756,-1.1669354,-0.23567073
19,2018-07-11,1.011756,-0.5461378,-0.121735774
20,2018-07-11,1.011756,1.1918601,0.87675136
21,2018-07-11,1.011756,-2.2133968,-1.6534708
22,2018-07-11,1.011756,-1.1876779,-1.0353012
23,2018-07-11,1.011756,-0.9139981,-0.77804154
0,2018-07-12,1.2397857,-1.0520936,-0.5760291
1,2018-07-12,1.2397857,-0.76419157,-0.3857219
2,2018-07-12,1.2397857,-2.4494662,-1.4124368
3,2018-07-12,1.2397857,-0.29234162,1.0481167
4,2018-07-12,1.2397857,1.5783483,1.6757637
5,2018-07-12,1.2397857,1.1034967,0.51514363
6,2018-07-12,1.2397857,1.5929055,2.2430425
7,2018-07-12,1.2397857,-1.2218834,-0.74764377
8,2018-07-12,1.2397857,-1.4407606,-0.35216504
9,2018-07-12,1.2397857,0.066721335,-0.50851786
10,2018-07-12,1.2397857,0.84933895,0.9796244
11,2018-07-12,1.2397857,-0.68129164,-0.6707519
12,2018-07-12,1.2397857,0.30493397,0.25774872
13,2018-07-12,1.2397857,-0.4735561,-0.98903966
14,2018-07-12,1.2397857,-0.713196,-0.8113792
15,2018-07-12,1.2397857,1.6071421,0.07943317
16,2018-07-12,1.2397857,0.13065013,0.20441796
17,2018-07-12,1.2397857,0.87027454,1.9350743
18,2018-07-12,1.2397857,-1.1838297,-0.28191832
19,2018-07-12,1.2397857,-0.6250716,-0.28928187
20,2018-07-12,1.2397857,1.0922238,0.8932751
21,2018-07-12,1.2397857,-2.2861452,-2.204384
22,2018-07-12,1.2397857,-1.0024445,-1.0301081
23,2018-07-12,1.2397857,-0.97285616,-0.89476407
0,2018-07-13,1.4201161,-0.9932756,-0.29679465
1,2018-07-13,1.4201161,-0.823879,-0.8216726
2,2018-07-13,1.4201161,-2.4977458,-1.3222138
3,2018-07-13,1.4201161,-0.36786357,0.8557606
4,2018-07-13,1.4201161,1.6554343,1.6242505
5,2018-07-13,1.4201161,1.1070975,0.5931386
6,2018-07-13,1.4201161,1.3509338,2.1701274
7,2018-07-13,1.4201161,-1.2958877,-1.0766727
8,2018-07-13,1.4201161,-1.2522007,-0.51628435
9,2018-07-13,1.4201161,0.08401012,-0.7283859
10,2018-07-13,1.4201161,1.0109415,0.9422065
11,2018-07-13,1.4201161,-0.76424384,-0.62857705
12,2018-07-13,1.4201161,0.2785253,0.34798357
13,2018-07-13,1.4201161,-0.48461708,-0.86185294
14,2018-07-13,1.4201161,-0.64492947,-0.47969767
15,2018-07-13,1.4201161,1.5791516,-0.24462819
16,2018-07-13,1.4201161,0.20595324,0.26089227
17,2018-07-13,1.4201161,0.9889599,1.9636222
18,2018-07-13,1.4201161,-1.2171286,-0.21414141
19,2018-07-13,1.4201161,-0.6061175,-0.23810005
20,2018-07-13,1.4201161,1.1018745,1.0943646
21,2018-07-13,1.4201161,-2.281875,-1.7675593
22,2018-07-13,1.4201161,-1.121302,-0.49773747
23,2018-07-13,1.4201161,-0.90789145,-0.8415018
0,2018-07-14,1.4297043,-0.9223404,-0.44792
1,2018-07-14,1.4297043,-0.74685323,-0.35824248
2,2018-07-14,1.4297043,-2.4543767,-1.4586779
3,2018-07-14,1.4297043,-0.4706672,0.71074486
4,2018-07-14,1.4297043,1.0052619,-0.6518656
5,2018-07-14,1.4297043,0.80964017,-0.16128857
6,2018-07-14,1.4297043,-0.067277364,-1.8135823
7,2018-07-14,1.4297043,-1.1981121,-1.1739221
8,2018-07-14,1.4297043,-1.0975376,-0.62252337
9,2018-07-14,1.4297043,-0.07444979,-1.7694472
10,2018-07-14,1.4297043,0.14933129,0.002403631
11,2018-07-14,1.4297043,-0.7823488,-0.579949
12,2018-07-14,1.4297043,0.3723173,0.5590954
13,2018-07-14,1.4297043,-0.85275817,-1.0377864
14,2018-07-14,1.4297043,-0.5290178,-0.4708405
15,2018-07-14,1.4297043,1.4380538,-0.1183924
16,2018-07-14,1.4297043,0.22064309,0.33876202
17,2018-07-14,1.4297043,0.50730693,1.4500295
18,2018-07-14,1.4297043,-1.2097925,-0.47352856
19,2018-07-14,1.4297043,-0.44315702,-0.13805258
20,2018-07-14,1.4297043,0.95449704,0.6976073
21,2018-07-14,1.4297043,-2.337291,-2.0366976
22,2018-07-14,1.4297043,-1.3088356,-1.2387505
23,2018-07-14,1.4297043,-0.79098606,-0.4198029
0,2018-07-15,1.2184166,-1.1902447,-0.6865317
1,2018-07-15,1.2184166,-0.7264283,-0.11538407
2,2018-07-15,1.2184166,-2.4792895,-0.95634735
3,2018-07-15,1.2184166,-0.56860197,0.6641624
4,2018-07-15,1.2184166,0.9515334,-1.1724418
5,2018-07-15,1.2184166,0.76478887,-0.29132918
6,2018-07-15,1.2184166,-0.138847,-2.6255913
7,2018-07-15,1.2184166,-1.3123168,-0.69787693
8,2018-07-15,1.2184166,-1.2233821,-0.21136323
9,2018-07-15,1.2184166,-0.07323818,-1.5255371
10,2018-07-15,1.2184166,0.010593936,-0.6518662
11,2018-07-15,1.2184166,-0.6935803,-0.2894027
12,2018-07-15,1.2184166,0.25848708,0.41755462
13,2018-07-15,1.2184166,-0.82090205,-1.0729893
14,2018-07-15,1.2184166,-0.5432989,-0.73021114
15,2018-07-15,1.2184166,1.3873578,0.055614725
16,2018-07-15,1.2184166,0.09526606,0.46596822
17,2018-07-15,1.2184166,0.17117932,0.74084157
18,2018-07-15,1.2184166,-1.194109,-0.49508664
19,2018-07-15,1.2184166,-0.52067417,-0.075073145
20,2018-07-15,1.2184166,0.883995,0.6410263
21,2018-07-15,1.2184166,-2.1837285,-1.6202955
22,2018-07-15,1.2184166,-1.2512585,-0.7048433
23,2018-07-15,1.2184166,-0.810716,-0.6354287
0,2018-07-16,1.3314178,-1.0771091,-0.45896944
1,2018-07-16,1.3314178,-0.79468787,-0.4367802
2,2018-07-16,1.3314178,-2.5510986,-1.1007128
3,2018-07-16,1.3314178,-0.37457493,0.8914566
4,2018-07-16,1.3314178,1.6498152,1.6162604
5,2018-07-16,1.3314178,1.1201785,0.6413719
6,2018-07-16,1.3314178,1.2442002,2.010338
7,2018-07-16,1.3314178,-1.3088379,-0.5122809
8,2018-07-16,1.3314178,-1.2839665,-0.2896346
9,2018-07-16,1.3314178,-0.17376588,-0.7291786
10,2018-07-16,1.3314178,1.0925122,1.216283
11,2018-07-16,1.3314178,-0.83650714,-0.6710555
12,2018-07-16,1.3314178,0.26644814,0.18879732
13,2018-07-16,1.3314178,-0.38898033,-0.39990875
14,2018-07-16,1.3314178,-0.67974377,-0.8904576
15,2018-07-16,1.3314178,1.6523522,0.0038280122
16,2018-07-16,1.3314178,0.18801439,0.44390288
17,2018-07-16,1.3314178,0.9896444,1.9081444
18,2018-07-16,1.3314178,-1.2931461,-0.34954795
19,2018-07-16,1.3314178,-0.4328989,-0.103593946
20,2018-07-16,1.3314178,1.1747689,0.20703408
21,2018-07-16,1.3314178,-1.9743327,-1.2172217
22,2018-07-16,1.3314178,-1.1482428,-0.85587794
23,2018-07-16,1.3314178,-0.8848313,-0.7621852
0,2018-07-17,1.3365191,-1.1021048,-0.6822991
1,2018-07-17,1.3365191,-0.8047487,-0.31034112
2,2018-07-17,1.3365191,-2.340903,-1.6667507
3,2018-07-17,1.3365191,-0.26568383,0.9774396
4,2018-07-17,1.3365191,1.7412161,1.4926398
5,2018-07-17,1.3365191,1.1668589,0.4702686
6,2018-07-17,1.3365191,1.3744701,2.0305583
7,2018-07-17,1.3365191,-1.154661,-0.64332026
8,2018-07-17,1.3365191,-1.3094132,-0.89181906
9,2018-07-17,1.3365191,-0.051563088,-0.45537043
10,2018-07-17,1.3365191,1.1524544,0.9563406
11,2018-07-17,1.3365191,-0.7488631,-0.73820317
12,2018-07-17,1.3365191,0.30525327,0.3168052
13,2018-07-17,1.3365191,-0.49261114,-0.80467695
14,2018-07-17,1.3365191,-0.68472284,-0.58171725
15,2018-07-17,1.3365191,1.6784526,-0.011858015
16,2018-07-17,1.3365191,0.22417928,0.28398365
17,2018-07-17,1.3365191,1.0951782,2.040918
18,2018-07-17,1.3365191,-1.1757691,-0.50942117
19,2018-07-17,1.3365191,-0.5303079,-0.22437023
20,2018-07-17,1.3365191,1.1285341,0.19059242
21,2018-07-17,1.3365191,-2.0391207,-1.4957627
22,2018-07-17,1.3365191,-0.9824261,-0.90909576
23,2018-07-17,1.3365191,-0.98746383,-0.9225786
0,2018-07-18,1.512178,-1.0148258,-0.41447437
1,2018-07-18,1.512178,-0.78877205,-0.56428486
2,2018-07-18,1.512178,-2.469581,-1.3443981
3,2018-07-18,1.512178,-0.21126351,0.9599243
4,2018-07-18,1.512178,1.7492428,1.6337389
5,2018-07-18,1.512178,1.1127605,0.38586748
6,2018-07-18,1.512178,1.2885368,2.1047838
7,2018-07-18,1.512178,-1.2763243,-1.0210509
8,2018-07-18,1.512178,-1.5177732,-0.51132363
9,2018-07-18,1.512178,0.039391898,-1.5380507
10,2018-07-18,1.512178,1.1440322,1.2217864
11,2018-07-18,1.512178,-0.8511809,-1.0557554
12,2018-07-18,1.512178,0.26759416,0.2773176
13,2018-07-18,1.512178,-0.4397415,-0.47786805
14,2018-07-18,1.512178,-0.8296577,-0.8072505
15,2018-07-18,1.512178,1.6217576,-0.00065992936
16,2018-07-18,1.512178,0.069562964,0.18954605
17,2018-07-18,1.512178,0.9300083,1.9436349
18,2018-07-18,1.512178,-1.1718782,-0.34879443
19,2018-07-18,1.512178,-0.6228562,-0.391289
20,2018-07-18,1.512178,1.1641966,1.3140576
21,2018-07-18,1.512178,-2.1730988,-1.6704847
22,2018-07-18,1.512178,-1.1832962,-0.5949853
23,2018-07-18,1.512178,-0.9317507,-0.85973185
0,2018-07-19,1.526008,-0.91386694,-0.7538451
1,2018-07-19,1.526008,-0.73660934,-0.48845953
2,2018-07-19,1.526008,-2.5700872,-1.3710715
3,2018-07-19,1.526008,-0.17976798,0.9059121
4,2018-07-19,1.526008,1.7652823,1.6625448
5,2018-07-19,1.526008,1.1293442,0.49069017
6,2018-07-19,1.526008,1.1940897,1.8791716
7,2018-07-19,1.526008,-1.1202432,-0.54757625
8,2018-07-19,1.526008,-1.4476184,-0.46587983
9,2018-07-19,1.526008,0.13132773,-0.540084
10,2018-07-19,1.526008,1.1783538,0.9860898
11,2018-07-19,1.526008,-0.89980376,-1.0999205
12,2018-07-19,1.526008,0.22116517,0.14148207
13,2018-07-19,1.526008,-0.39438143,-0.73568964
14,2018-07-19,1.526008,-0.851208,-1.2091087
15,2018-07-19,1.526008,1.646568,-0.17223792
16,2018-07-19,1.526008,0.1988822,0.15324591
17,2018-07-19,1.526008,0.95668125,1.9019858
18,2018-07-19,1.526008,-1.1416545,-0.30381086
19,2018-07-19,1.526008,-0.5491941,-0.2938983
20,2018-07-19,1.526008,1.1584666,1.1429677
21,2018-07-19,1.526008,-1.994197,-1.5812
22,2018-07-19,1.526008,-1.140492,-0.8151092
23,2018-07-19,1.526008,-0.83658236,-0.74603045
0,2018-07-20,0.9764769,-1.1245263,-0.72485024
1,2018-07-20,0.9764769,-0.7429803,-0.2876563
2,2018-07-20,0.9764769,-2.2607448,-1.561515
3,2018-07-20,0.9764769,-0.18132964,0.9507712
4,2018-07-20,0.9764769,1.6674411,1.5413843
5,2018-07-20,0.9764769,1.1102406,0.6379309
6,2018-07-20,0.9764769,1.1652224,1.8357608
7,2018-07-20,0.9764769,-1.117775,-0.7120216
8,2018-07-20,0.9764769,-1.0352306,-0.40263054
9,2018-07-20,0.9764769,0.019921206,-1.1580998
10,2018-07-20,0.9764769,0.90876675,1.0462219
11,2018-07-20,0.9764769,-0.7240592,-0.55035424
12,2018-07-20,0.9764769,0.303821,0.401434
13,2018-07-20,0.9764769,-0.44404614,-0.41733503
14,2018-07-20,0.9764769,-0.5040396,-1.0284417
15,2018-07-20,0.9764769,1.6449834,0.046154972
16,2018-07-20,0.9764769,0.42941684,0.68858266
17,2018-07-20,0.9764769,0.9670559,1.899513
18,2018-07-20,0.9764769,-0.99626124,-0.5844675
19,2018-07-20,0.9764769,-0.50319177,-0.07972967
20,2018-07-20,0.9764769,1.1857336,0.2005023
21,2018-07-20,0.9764769,-2.1065142,-1.8508902
22,2018-07-20,0.9764769,-0.9333087,-0.7072943
23,2018-07-20,0.9764769,-0.9556761,-1.1722568
0,2018-07-21,1.0215093,-1.5206822,-2.362651
1,2018-07-21,1.0215093,-0.7272041,-0.48505268
2,2018-07-21,1.0215093,-2.1426117,-1.7753983
3,2018-07-21,1.0215093,-0.4113468,0.56792206
4,2018-07-21,1.0215093,0.8790783,-0.8485174
5,2018-07-21,1.0215093,0.77305865,-0.35292986
6,2018-07-21,1.0215093,-0.13473916,-2.7733996
7,2018-07-21,1.0215093,-1.2770698,-1.0994781
8,2018-07-21,1.0215093,-1.058043,-0.8539526
9,2018-07-21,1.0215093,-0.13574478,-2.3808403
10,2018-07-21,1.0215093,-0.052405395,-0.51881915
11,2018-07-21,1.0215093,-0.69876534,-0.6351198
12,2018-07-21,1.0215093,0.247739,0.3515053
13,2018-07-21,1.0215093,-0.9829835,-2.0345228
14,2018-07-21,1.0215093,-0.5074974,-0.7484957
15,2018-07-21,1.0215093,1.3871468,-0.3646354
16,2018-07-21,1.0215093,0.2543609,0.047503024
17,2018-07-21,1.0215093,0.33707958,0.7673726
18,2018-07-21,1.0215093,-1.081172,-0.5833902
19,2018-07-21,1.0215093,-0.55721205,-0.25421914
20,2018-07-21,1.0215093,0.74628115,1.092881
21,2018-07-21,1.0215093,-2.2179227,-1.6739284
22,2018-07-21,1.0215093,-1.376959,-0.9167445
23,2018-07-21,1.0215093,-0.8860241,-0.720186
0,2018-07-22,1.2865876,-1.0737985,-0.62556237
1,2018-07-22,1.2865876,-0.8659015,-0.718954
2,2018-07-22,1.2865876,-2.5399768,-1.442264
3,2018-07-22,1.2865876,-0.43549556,0.5224661
4,2018-07-22,1.2865876,0.9702411,-0.32667214
5,2018-07-22,1.2865876,0.7001912,-0.85986686
6,2018-07-22,1.2865876,-0.18375745,-2.4722228
7,2018-07-22,1.2865876,-1.371744,-0.86502683
8,2018-07-22,1.2865876,-1.4652026,-0.6655691
9,2018-07-22,1.2865876,-0.14084448,-2.1560469
10,2018-07-22,1.2865876,-0.06395633,-0.07678808
11,2018-07-22,1.2865876,-0.82770836,-0.8651321
12,2018-07-22,1.2865876,0.09907477,0.06018475
13,2018-07-22,1.2865876,-0.8891566,-1.0859947
14,2018-07-22,1.2865876,-0.59101933,-0.42766413
15,2018-07-22,1.2865876,1.353925,-0.16512042
16,2018-07-22,1.2865876,0.06951617,0.16158392
17,2018-07-22,1.2865876,0.23470716,0.59590834
18,2018-07-22,1.2865876,-1.2027339,-0.34986997
19,2018-07-22,1.2865876,-0.6985901,-0.42219025
20,2018-07-22,1.2865876,0.9681625,0.46054706
21,2018-07-22,1.2865876,-2.3684924,-1.8685663
22,2018-07-22,1.2865876,-1.2896879,-1.0144186
23,2018-07-22,1.2865876,-0.8067953,-0.6004793
0,2018-07-23,1.4552051,-0.97493714,-0.3245345
1,2018-07-23,1.4552051,-0.8231436,-0.44570202
2,2018-07-23,1.4552051,-2.4565058,-1.5063298
3,2018-07-23,1.4552051,-0.28810945,0.7866354
4,2018-07-23,1.4552051,1.7678441,1.3677108
5,2018-07-23,1.4552051,1.0446749,0.28469557
6,2018-07-23,1.4552051,1.0470307,1.7206788
7,2018-07-23,1.4552051,-1.0561244,-0.3547108
8,2018-07-23,1.4552051,-1.4727645,-0.3621616
9,2018-07-23,1.4552051,0.00596448,-1.2290109
10,2018-07-23,1.4552051,0.94870645,1.0577469
11,2018-07-23,1.4552051,-0.7323634,-0.5973839
12,2018-07-23,1.4552051,0.23502876,0.19309771
13,2018-07-23,1.4552051,-0.39284042,-0.7315082
14,2018-07-23,1.4552051,-0.84086776,-1.1095493
15,2018-07-23,1.4552051,1.6409123,-0.054642763
16,2018-07-23,1.4552051,0.07687026,0.20396803
17,2018-07-23,1.4552051,0.98658717,2.0476701
18,2018-07-23,1.4552051,-1.2128369,-0.50577843
19,2018-07-23,1.4552051,-0.6231714,-0.28082362
20,2018-07-23,1.4552051,0.9987161,1.0350757
21,2018-07-23,1.4552051,-2.13695,-1.3817053
22,2018-07-23,1.4552051,-1.2033738,-0.6875342
23,2018-07-23,1.4552051,-0.9041203,-0.9025741
0,2018-07-24,1.6095715,-0.98981595,-0.508238
1,2018-07-24,1.6095715,-0.8902173,-0.4620407
2,2018-07-24,1.6095715,-2.6851213,-1.2804712
3,2018-07-24,1.6095715,-0.16335729,0.9106837
4,2018-07-24,1.6095715,1.7856646,1.4378792
5,2018-07-24,1.6095715,0.97875136,0.22696468
6,2018-07-24,1.6095715,1.0889375,1.6938033
7,2018-07-24,1.6095715,-1.1552314,-0.59880656
8,2018-07-24,1.6095715,-1.3579534,-0.37121764
9,2018-07-24,1.6095715,0.013327751,-1.2863339
10,2018-07-24,1.6095715,1.11231,0.8775672
11,2018-07-24,1.6095715,-0.7536348,-0.6766566
12,2018-07-24,1.6095715,0.22293648,0.09062359
13,2018-07-24,1.6095715,-0.357154,-0.70901614
14,2018-07-24,1.6095715,-0.8109247,-0.7029751
15,2018-07-24,1.6095715,1.6241184,0.018975893
16,2018-07-24,1.6095715,0.1752266,0.3231011
17,2018-07-24,1.6095715,0.9049493,1.777493
18,2018-07-24,1.6095715,-1.247425,-0.29869157
19,2018-07-24,1.6095715,-0.6198127,-0.23527527
20,2018-07-24,1.6095715,1.102575,0.70574313
21,2018-07-24,1.6095715,-2.212121,-1.8050985
22,2018-07-24,1.6095715,-1.3280324,-1.0912609
23,2018-07-24,1.6095715,-0.83492666,-0.61257535
0,2018-07-25,1.6607064,-1.024606,-0.38733748
1,2018-07-25,1.6607064,-0.8326434,-0.54013926
2,2018-07-25,1.6607064,-2.6983206,-1.1105871
3,2018-07-25,1.6607064,-0.05424185,1.0622239
4,2018-07-25,1.6607064,1.7948023,1.483782
5,2018-07-25,1.6607064,1.0166903,0.24281833
6,2018-07-25,1.6607064,1.2558099,1.6863008
7,2018-07-25,1.6607064,-1.2458459,-0.63114583
8,2018-07-25,1.6607064,-1.4179038,-0.48143485
9,2018-07-25,1.6607064,0.0162437,-1.5511737
10,2018-07-25,1.6607064,1.1309994,0.86022455
11,2018-07-25,1.6607064,-0.7899116,-0.6696599
12,2018-07-25,1.6607064,0.3093868,0.24537827
13,2018-07-25,1.6607064,-0.3542321,-0.53524756
14,2018-07-25,1.6607064,-0.79399973,-0.8675998
15,2018-07-25,1.6607064,1.6571481,0.28263387
16,2018-07-25,1.6607064,0.20518388,0.07607752
17,2018-07-25,1.6607064,0.7927638,1.6720704
18,2018-07-25,1.6607064,-1.3462487,-0.26039976
19,2018-07-25,1.6607064,-0.5855499,-0.3291099
20,2018-07-25,1.6607064,1.1201206,0.17291376
21,2018-07-25,1.6607064,-2.1576061,-1.5559031
22,2018-07-25,1.6607064,-1.1990857,-1.0267085
23,2018-07-25,1.6607064,-0.892279,-0.6853323
0,2018-07-26,1.7018472,-0.9600826,-0.67705244
1,2018-07-26,1.7018472,-0.85044736,-0.7627078
2,2018-07-26,1.7018472,-2.694204,-1.100843
3,2018-07-26,1.7018472,-0.016953418,1.0982475
4,2018-07-26,1.7018472,1.7783114,1.5281916
5,2018-07-26,1.7018472,1.0472794,0.4765948
6,2018-07-26,1.7018472,1.1724408,1.6794525
7,2018-07-26,1.7018472,-1.2160391,-0.62385166
8,2018-07-26,1.7018472,-1.4185144,-0.3594189
9,2018-07-26,1.7018472,-0.025113575,-0.25804198
10,2018-07-26,1.7018472,1.1173923,1.066493
11,2018-07-26,1.7018472,-0.7997367,-0.91138643
12,2018-07-26,1.7018472,0.28093842,0.123797834
13,2018-07-26,1.7018472,-0.2887577,-0.2826266
14,2018-07-26,1.7018472,-1.0372974,-0.8316966
15,2018-07-26,1.7018472,1.6624029,-0.03913241
16,2018-07-26,1.7018472,0.11227132,-0.29135603
17,2018-07-26,1.7018472,0.92997164,2.0534306
18,2018-07-26,1.7018472,-1.1194018,0.2597053
19,2018-07-26,1.7018472,-0.57796407,-0.4081012
20,2018-07-26,1.7018472,1.0903231,0.71632886
21,2018-07-26,1.7018472,-2.1814384,-1.7105541
22,2018-07-26,1.7018472,-1.2127405,-0.65642375
23,2018-07-26,1.7018472,-0.8947765,-0.6348607
0,2018-07-27,1.5920638,-0.94495004,-0.5001417
1,2018-07-27,1.5920638,-0.8617065,-0.9486305
2,2018-07-27,1.5920638,-2.7362382,-1.357457
3,2018-07-27,1.5920638,-0.046897847,0.91458154
4,2018-07-27,1.5920638,1.7149248,1.4715465
5,2018-07-27,1.5920638,1.0275397,0.43532497
6,2018-07-27,1.5920638,1.2478961,1.6647794
7,2018-07-27,1.5920638,-1.1931254,-0.70988834
8,2018-07-27,1.5920638,-1.3286242,-0.712092
9,2018-07-27,1.5920638,-0.028980095,-0.50976676
10,2018-07-27,1.5920638,1.0153075,0.8301083
11,2018-07-27,1.5920638,-0.773678,-1.3257533
12,2018-07-27,1.5920638,0.2935569,0.088109486
13,2018-07-27,1.5920638,-0.24764037,-0.6442999
14,2018-07-27,1.5920638,-1.0675235,-0.68976426
15,2018-07-27,1.5920638,1.7717931,0.49244347
16,2018-07-27,1.5920638,0.2441817,0.017943328
17,2018-07-27,1.5920638,0.977648,1.9083657
18,2018-07-27,1.5920638,-1.3030982,-0.42525744
19,2018-07-27,1.5920638,-0.579217,-0.49028954
20,2018-07-27,1.5920638,1.1704841,0.92585844
21,2018-07-27,1.5920638,-2.1916726,-1.9777371
22,2018-07-27,1.5920638,-1.3445987,-1.2070451
23,2018-07-27,1.5920638,-1.0492598,-1.0820081
0,2018-07-28,1.2609868,-1.4257015,-2.6692233
1,2018-07-28,1.2609868,-0.73170877,-0.57886523
2,2018-07-28,1.2609868,-2.05617,-1.2704929
3,2018-07-28,1.2609868,-0.1050209,0.7604373
4,2018-07-28,1.2609868,0.94451785,-1.7899958
5,2018-07-28,1.2609868,0.887049,0.29405272
6,2018-07-28,1.2609868,-0.0232005,-1.3774365
7,2018-07-28,1.2609868,-1.4568489,-1.3536355
8,2018-07-28,1.2609868,-1.0619086,-0.9232438
9,2018-07-28,1.2609868,-0.03396051,-2.5211518
10,2018-07-28,1.2609868,0.25864077,-0.98744416
11,2018-07-28,1.2609868,-0.6051816,-0.49303973
12,2018-07-28,1.2609868,0.32701737,0.36165547
13,2018-07-28,1.2609868,-0.8231523,-1.8424568
14,2018-07-28,1.2609868,-0.8324333,-1.2312962
15,2018-07-28,1.2609868,1.6890842,-0.5396968
16,2018-07-28,1.2609868,0.3585386,0.22908774
17,2018-07-28,1.2609868,0.3847798,1.3961815
18,2018-07-28,1.2609868,-1.1134671,-0.730929
19,2018-07-28,1.2609868,-0.47586647,-0.17606977
20,2018-07-28,1.2609868,0.8818571,0.8246183
21,2018-07-28,1.2609868,-2.220722,-1.7360332
22,2018-07-28,1.2609868,-1.215851,-0.99915856
23,2018-07-28,1.2609868,-1.0999361,-1.0172333
0,2018-07-29,1.5200593,-1.0318316,-0.4801315
1,2018-07-29,1.5200593,-0.87617797,-0.5898428
2,2018-07-29,1.5200593,-2.4754093,-1.2435768
3,2018-07-29,1.5200593,-0.11357377,0.786098
4,2018-07-29,1.5200593,1.0660527,0.37712058
5,2018-07-29,1.5200593,0.68864024,-0.5307817
6,2018-07-29,1.5200593,0.06555055,-0.5189902
7,2018-07-29,1.5200593,-1.450237,-0.67829037
8,2018-07-29,1.5200593,-1.5641388,-0.4175157
9,2018-07-29,1.5200593,-0.124944404,-2.1695335
10,2018-07-29,1.5200593,0.20406769,-0.43944466
11,2018-07-29,1.5200593,-0.84809065,-0.79068744
12,2018-07-29,1.5200593,0.08803721,-0.10641509
13,2018-07-29,1.5200593,-0.72966814,-0.87152964
14,2018-07-29,1.5200593,-0.78497845,-0.660167
15,2018-07-29,1.5200593,1.5856111,-0.14865594
16,2018-07-29,1.5200593,-0.042327575,0.0842901
17,2018-07-29,1.5200593,0.14918035,0.4794829
18,2018-07-29,1.5200593,-1.2595677,-0.32500553
19,2018-07-29,1.5200593,-0.7134056,-0.48331723
20,2018-07-29,1.5200593,0.8775754,1.0184388
21,2018-07-29,1.5200593,-2.2561767,-1.7880619
22,2018-07-29,1.5200593,-1.4720516,-1.1497698
23,2018-07-29,1.5200593,-0.9188895,-0.5305533
0,2018-07-30,1.7460502,-1.0216868,-0.5215365
1,2018-07-30,1.7460502,-0.8355038,-0.66691893
2,2018-07-30,1.7460502,-2.3942606,-1.1043612
3,2018-07-30,1.7460502,0.044137884,1.0712309
4,2018-07-30,1.7460502,1.8128468,1.3841199
5,2018-07-30,1.7460502,0.8401218,0.6069739
6,2018-07-30,1.7460502,1.1465958,1.6654158
7,2018-07-30,1.7460502,-1.2472204,-0.597565
8,2018-07-30,1.7460502,-1.4646314,-0.6218057
9,2018-07-30,1.7460502,-0.062131334,-0.5107663
10,2018-07-30,1.7460502,1.0281972,1.1552749
11,2018-07-30,1.7460502,-0.7433877,-0.96555394
12,2018-07-30,1.7460502,0.14616393,-0.19818938
13,2018-07-30,1.7460502,-0.3413925,-0.39557844
14,2018-07-30,1.7460502,-1.3848878,-0.7273175
15,2018-07-30,1.7460502,1.8040154,0.37945977
16,2018-07-30,1.7460502,0.15664822,0.12635048
17,2018-07-30,1.7460502,0.96355134,1.8907515
18,2018-07-30,1.7460502,-1.3252559,-0.21784516
19,2018-07-30,1.7460502,-0.52581334,-0.055265486
20,2018-07-30,1.7460502,1.1177993,1.0003405
21,2018-07-30,1.7460502,-2.0589254,-1.4296486
22,2018-07-30,1.7460502,-1.0311095,-1.1067071
23,2018-07-30,1.7460502,-0.9613474,-0.590305
0,2018-07-31,1.8009653,-0.68554264,-0.6144838
1,2018-07-31,1.8009653,-0.841288,-0.63621044
2,2018-07-31,1.8009653,-2.51803,-1.0192611
3,2018-07-31,1.8009653,0.1019921,1.0898696
4,2018-07-31,1.8009653,1.8151791,1.6330246
5,2018-07-31,1.8009653,0.8867054,0.58942103
6,2018-07-31,1.8009653,1.1248685,1.6688353
7,2018-07-31,1.8009653,-1.1515267,-0.7403579
8,2018-07-31,1.8009653,-1.3127966,-0.617495
9,2018-07-31,1.8009653,-0.14635065,-1.2400258
10,2018-07-31,1.8009653,1.1351316,1.2440529
11,2018-07-31,1.8009653,-0.6427976,-0.76381695
12,2018-07-31,1.8009653,0.16133365,-0.25197065
13,2018-07-31,1.8009653,-0.26990864,-0.75526756
14,2018-07-31,1.8009653,-1.4376314,-0.4199101
15,2018-07-31,1.8009653,1.8061395,0.18202063
16,2018-07-31,1.8009653,0.16852856,-0.14481777
17,2018-07-31,1.8009653,0.9886076,1.9351434
18,2018-07-31,1.8009653,-1.2857076,-0.39085597
19,2018-07-31,1.8009653,-0.6500792,-0.34828526
20,2018-07-31,1.8009653,1.0969656,0.75258875
21,2018-07-31,1.8009653,-2.0789962,-1.5349717
22,2018-07-31,1.8009653,-1.1774799,-0.8104314
23,2018-07-31,1.8009653,-0.89888895,-0.65850955
0,2018-08-01,1.5743808,-0.94511014,-0.6794173
1,2018-08-01,1.5743808,-0.88919973,-0.78238434
2,2018-08-01,1.5743808,-2.3475747,-0.855307
3,2018-08-01,1.5743808,-0.009667219,0.99963856
4,2018-08-01,1.5743808,1.5747176,0.86977845
5,2018-08-01,1.5743808,0.6304328,-0.25657308
6,2018-08-01,1.5743808,0.52879715,0.3061654
7,2018-08-01,1.5743808,-1.1781437,-0.84504
8,2018-08-01,1.5743808,-1.3590907,-0.45011687
9,2018-08-01,1.5743808,-0.080867074,-1.2380892
10,2018-08-01,1.5743808,0.89627856,0.9569647
11,2018-08-01,1.5743808,-0.72208923,-0.66119343
12,2018-08-01,1.5743808,0.090417765,-0.110457905
13,2018-08-01,1.5743808,-0.4714155,-0.8120491
14,2018-08-01,1.5743808,-0.7873164,-1.1666574
15,2018-08-01,1.5743808,1.7695571,0.41990167
16,2018-08-01,1.5743808,0.08816475,-0.5186379
17,2018-08-01,1.5743808,0.77667975,1.6937289
18,2018-08-01,1.5743808,-1.2650748,-0.5046893
19,2018-08-01,1.5743808,-0.6201866,-0.38657707
20,2018-08-01,1.5743808,0.9538878,0.6145149
21,2018-08-01,1.5743808,-2.1214077,-1.6955309
22,2018-08-01,1.5743808,-1.224614,-0.94847786
23,2018-08-01,1.5743808,-0.92006814,-0.6207843
0,2018-08-02,1.7903318,-0.9772351,-0.26306728
1,2018-08-02,1.7903318,-0.87459844,-0.48674864
2,2018-08-02,1.7903318,-2.5383284,-1.043681
3,2018-08-02,1.7903318,0.05061068,1.0829742
4,2018-08-02,1.7903318,1.7438769,1.6097159
5,2018-08-02,1.7903318,0.8515842,0.46133223
6,2018-08-02,1.7903318,1.0995489,1.8014618
7,2018-08-02,1.7903318,-1.0826877,-0.99952084
8,2018-08-02,1.7903318,-1.4510192,-0.28974944
9,2018-08-02,1.7903318,-0.17344841,-1.251756
10,2018-08-02,1.7903318,0.9524289,1.0418384
11,2018-08-02,1.7903318,-0.706208,-0.8704002
12,2018-08-02,1.7903318,0.16829917,-0.13203785
13,2018-08-02,1.7903318,-0.35618278,-0.39955223
14,2018-08-02,1.7903318,-0.90390563,-0.63561
15,2018-08-02,1.7903318,1.7942665,0.36653197
16,2018-08-02,1.7903318,0.14550422,0.124386616
17,2018-08-02,1.7903318,0.839786,1.8332105
18,2018-08-02,1.7903318,-1.2809153,-0.27353984
19,2018-08-02,1.7903318,-0.7602195,-0.6019545
20,2018-08-02,1.7903318,1.2117537,1.0045655
21,2018-08-02,1.7903318,-2.1172023,-1.8218511
22,2018-08-02,1.7903318,-1.1992637,-1.385666
23,2018-08-02,1.7903318,-0.9429067,-0.8880927
0,2018-08-03,1.907364,-0.9316842,-0.27664676
1,2018-08-03,1.907364,-0.8630539,-0.80324316
2,2018-08-03,1.907364,-2.3395715,-1.2810092
3,2018-08-03,1.907364,0.14464585,1.08281
4,2018-08-03,1.907364,1.8147212,1.4330436
5,2018-08-03,1.907364,0.9777843,0.6298952
6,2018-08-03,1.907364,1.0408437,1.6981767
7,2018-08-03,1.907364,-0.9924934,-0.8506039
8,2018-08-03,1.907364,-1.4711093,-0.49074176
9,2018-08-03,1.907364,-0.17076828,-1.0538586
10,2018-08-03,1.907364,1.1845931,1.185293
11,2018-08-03,1.907364,-0.74302524,-0.8531893
12,2018-08-03,1.907364,0.26864886,0.0014149836
13,2018-08-03,1.907364,-0.1238117,-0.6678485
14,2018-08-03,1.907364,-1.0129995,-0.35707203
15,2018-08-03,1.907364,1.766187,-0.009116652
16,2018-08-03,1.907364,0.20865999,0.2525485
17,2018-08-03,1.907364,0.8551727,1.8061044
18,2018-08-03,1.907364,-1.2173581,-0.18269572
19,2018-08-03,1.907364,-0.626458,-0.4611951
20,2018-08-03,1.907364,1.055785,0.69480264
21,2018-08-03,1.907364,-1.9907901,-1.3730047
22,2018-08-03,1.907364,-1.3290147,-1.1733133
23,2018-08-03,1.907364,-0.94097567,-0.8747518
0,2018-08-04,1.8273576,-0.9124287,-0.68010104
1,2018-08-04,1.8273576,-0.82338125,-0.9517869
2,2018-08-04,1.8273576,-2.3275762,-1.5768156
3,2018-08-04,1.8273576,0.03715952,0.7737034
4,2018-08-04,1.8273576,1.1565397,-2.115814
5,2018-08-04,1.8273576,0.743835,-0.12297642
6,2018-08-04,1.8273576,-0.07990137,-1.7064383
7,2018-08-04,1.8273576,-1.0775151,-0.6412216
8,2018-08-04,1.8273576,-1.0941381,-1.288288
9,2018-08-04,1.8273576,-0.14295942,-1.0514017
10,2018-08-04,1.8273576,0.48942497,-0.60123456
11,2018-08-04,1.8273576,-0.7587455,-1.1025352
12,2018-08-04,1.8273576,0.2359174,0.026205774
13,2018-08-04,1.8273576,-0.44200048,-1.2031031
14,2018-08-04,1.8273576,-1.0120008,0.020296711
15,2018-08-04,1.8273576,1.713176,-0.05194302
16,2018-08-04,1.8273576,0.37490752,0.08695092
17,2018-08-04,1.8273576,0.758656,1.873624
18,2018-08-04,1.8273576,-1.0393201,-0.42846522
19,2018-08-04,1.8273576,-0.51245755,-0.27174744
20,2018-08-04,1.8273576,0.9585819,0.8166454
21,2018-08-04,1.8273576,-1.8095133,-1.2344404
22,2018-08-04,1.8273576,-1.3049415,-1.331355
23,2018-08-04,1.8273576,-0.9305754,-0.8740441
0,2018-08-05,1.8873807,-0.91350585,-0.54573125
1,2018-08-05,1.8873807,-0.8025554,-0.5313726
2,2018-08-05,1.8873807,-2.279521,-1.0099121
3,2018-08-05,1.8873807,0.070630066,0.69191396
4,2018-08-05,1.8873807,1.4673395,0.74195504
5,2018-08-05,1.8873807,0.7422779,-0.015633862
6,2018-08-05,1.8873807,0.124798976,-0.7982777
7,2018-08-05,1.8873807,-1.0463539,-0.25721365
8,2018-08-05,1.8873807,-1.3141716,-0.3780465
9,2018-08-05,1.8873807,-0.1829133,-0.9904479
10,2018-08-05,1.8873807,0.33126283,0.18033543
11,2018-08-05,1.8873807,-0.7312578,-0.5644239
12,2018-08-05,1.8873807,0.21127406,0.08573501
13,2018-08-05,1.8873807,-0.48284164,-0.813122
14,2018-08-05,1.8873807,-0.7610595,-0.4127255
15,2018-08-05,1.8873807,1.6886464,-0.0848856
16,2018-08-05,1.8873807,0.075366415,-0.33806276
17,2018-08-05,1.8873807,0.47908613,1.5398072
18,2018-08-05,1.8873807,-1.1173997,-0.11474812
19,2018-08-05,1.8873807,-0.5114873,-0.2095411
20,2018-08-05,1.8873807,0.90515715,0.6128072
21,2018-08-05,1.8873807,-1.8096427,-1.2129141
22,2018-08-05,1.8873807,-1.2714274,-0.7887287
23,2018-08-05,1.8873807,-0.874158,-0.63123614
0,2018-08-06,1.7088239,-1.0117631,-0.53629375
1,2018-08-06,1.7088239,-0.75032383,-0.6285569
2,2018-08-06,1.7088239,-2.252379,-1.0496463
3,2018-08-06,1.7088239,0.04883111,0.9218966
4,2018-08-06,1.7088239,1.8926692,1.425442
5,2018-08-06,1.7088239,1.0383058,0.80324775
6,2018-08-06,1.7088239,1.1987315,1.7563288
7,2018-08-06,1.7088239,-1.0923283,-0.54107934
8,2018-08-06,1.7088239,-1.2508937,-0.3697992
9,2018-08-06,1.7088239,0.03456104,-1.2465413
10,2018-08-06,1.7088239,1.200929,1.2137997
11,2018-08-06,1.7088239,-0.6210133,-0.5301713
12,2018-08-06,1.7088239,0.5177362,0.5653583
13,2018-08-06,1.7088239,-0.2448148,-0.5647599
14,2018-08-06,1.7088239,-0.9090301,-0.3725189
15,2018-08-06,1.7088239,1.9481208,0.83415455
16,2018-08-06,1.7088239,0.3388688,0.40691042
17,2018-08-06,1.7088239,0.5824444,1.3484426
18,2018-08-06,1.7088239,-1.1408465,-0.26409218
19,2018-08-06,1.7088239,-0.5182867,-0.37028345
20,2018-08-06,1.7088239,0.96483314,0.6382125
21,2018-08-06,1.7088239,-1.9769871,-1.3960197
22,2018-08-06,1.7088239,-1.1015179,-0.7500858
23,2018-08-06,1.7088239,-0.93129015,-0.9970317
0,2018-08-07,1.6509324,-1.0167848,-0.58176845
1,2018-08-07,1.6509324,-0.79692304,-0.7692922
2,2018-08-07,1.6509324,-2.412074,-0.86871445
3,2018-08-07,1.6509324,0.053939063,0.88787866
4,2018-08-07,1.6509324,1.775266,1.4845561
5,2018-08-07,1.6509324,0.9703315,0.6460058
6,2018-08-07,1.6509324,1.1125491,1.8337429
7,2018-08-07,1.6509324,-1.1103084,-0.43615174
8,2018-08-07,1.6509324,-1.2469171,-0.47165903
9,2018-08-07,1.6509324,-0.05971774,-0.90181524
10,2018-08-07,1.6509324,1.1352403,0.94866544
11,2018-08-07,1.6509324,-0.68809295,-0.60783637
12,2018-08-07,1.6509324,0.4179017,0.36953187
13,2018-08-07,1.6509324,-0.27718797,-0.5333725
14,2018-08-07,1.6509324,-0.6672216,-0.7979898
15,2018-08-07,1.6509324,1.823326,0.24048048
16,2018-08-07,1.6509324,0.19552125,0.032743696
17,2018-08-07,1.6509324,0.53738534,1.3413996
18,2018-08-07,1.6509324,-1.1598736,-0.37086916
19,2018-08-07,1.6509324,-0.5698897,-0.4097281
20,2018-08-07,1.6509324,0.9656695,0.8423261
21,2018-08-07,1.6509324,-2.1053348,-1.8115497
22,2018-08-07,1.6509324,-1.1795493,-1.1237147
23,2018-08-07,1.6509324,-0.9430957,-0.7051829
0,2018-08-08,1.6242684,-1.0752065,-0.48504367
1,2018-08-08,1.6242684,-0.77527136,-0.5863199
2,2018-08-08,1.6242684,-2.5528781,-1.1969522
3,2018-08-08,1.6242684,0.23336388,0.8318247
4,2018-08-08,1.6242684,1.800882,1.5497297
5,2018-08-08,1.6242684,0.967945,0.81699103
6,2018-08-08,1.6242684,1.1003307,1.7844716
7,2018-08-08,1.6242684,-0.9157589,-0.21240021
8,2018-08-08,1.6242684,-1.1957197,-0.39266735
9,2018-08-08,1.6242684,-0.19304848,-1.4854223
10,2018-08-08,1.6242684,1.1875833,1.389507
11,2018-08-08,1.6242684,-0.66779506,-0.64839107
12,2018-08-08,1.6242684,0.47279364,0.43528813
13,2018-08-08,1.6242684,-0.34362486,-0.5869722
14,2018-08-08,1.6242684,-1.1774087,-0.3924428
15,2018-08-08,1.6242684,1.8940767,0.6586187
16,2018-08-08,1.6242684,0.24591447,0.4156201
17,2018-08-08,1.6242684,0.567255,1.3167043
18,2018-08-08,1.6242684,-1.1204386,-0.29624078
19,2018-08-08,1.6242684,-0.5521766,-0.39262938
20,2018-08-08,1.6242684,1.0724851,0.105818264
21,2018-08-08,1.6242684,-2.0023167,-1.7547424
22,2018-08-08,1.6242684,-1.074645,-0.8320058
23,2018-08-08,1.6242684,-1.0123558,-1.1370344
0,2018-08-09,0.93533427,-1.3540282,-1.1220089
1,2018-08-09,0.93533427,-0.7419563,-0.5129193
2,2018-08-09,0.93533427,-1.875719,-1.2371947
3,2018-08-09,0.93533427,0.24718022,0.65530926
4,2018-08-09,0.93533427,1.6381459,1.4244905
5,2018-08-09,0.93533427,0.81298643,0.5944953
6,2018-08-09,0.93533427,1.114125,1.8483503
7,2018-08-09,0.93533427,-1.1470023,-0.60753757
8,2018-08-09,0.93533427,-0.78227675,-0.7867819
9,2018-08-09,0.93533427,-0.1263331,-1.6626621
10,2018-08-09,0.93533427,0.94481146,0.8962213
11,2018-08-09,0.93533427,-0.55811125,-0.54631084
12,2018-08-09,0.93533427,0.5304556,0.49528474
13,2018-08-09,0.93533427,-0.32892996,-0.4824655
14,2018-08-09,0.93533427,-0.55100167,-1.1869427
15,2018-08-09,0.93533427,1.8578246,0.6360706
16,2018-08-09,0.93533427,0.38192075,0.36518046
17,2018-08-09,0.93533427,0.73350346,1.8251913
18,2018-08-09,0.93533427,-1.0309168,-0.5310567
19,2018-08-09,0.93533427,-0.54478717,-0.34082446
20,2018-08-09,0.93533427,1.2915565,0.18871832
21,2018-08-09,0.93533427,-2.2193878,-2.3373768
22,2018-08-09,0.93533427,-1.1374586,-0.7639665
23,2018-08-09,0.93533427,-1.0724369,-1.552654
0,2018-08-10,0.9627914,-1.0532658,-0.4023958
1,2018-08-10,0.9627914,-0.8412614,-0.6083308
2,2018-08-10,0.9627914,-2.376181,-1.764623
3,2018-08-10,0.9627914,0.11772702,0.51453066
4,2018-08-10,0.9627914,1.4526148,1.537887
5,2018-08-10,0.9627914,0.7000109,0.3423248
6,2018-08-10,0.9627914,1.0071626,1.6641347
7,2018-08-10,0.9627914,-1.3911477,-0.79760927
8,2018-08-10,0.9627914,-1.2002037,-0.3973649
9,2018-08-10,0.9627914,-0.31667712,-2.0875614
10,2018-08-10,0.9627914,0.83934695,0.8632839
11,2018-08-10,0.9627914,-0.699414,-0.78642905
12,2018-08-10,0.9627914,0.44624457,0.54786026
13,2018-08-10,0.9627914,-0.5456368,-0.94220495
14,2018-08-10,0.9627914,-0.6208353,-0.82902354
15,2018-08-10,0.9627914,1.7307075,-0.24572194
16,2018-08-10,0.9627914,0.20388326,0.2907149
17,2018-08-10,0.9627914,0.5490546,1.5112329
18,2018-08-10,0.9627914,-1.2582129,-0.043280896
19,2018-08-10,0.9627914,-0.67136663,-0.405986
20,2018-08-10,0.9627914,1.1835961,1.0831242
21,2018-08-10,0.9627914,-2.457995,-2.5820796
22,2018-08-10,0.9627914,-1.2359654,-0.5222185
23,2018-08-10,0.9627914,-1.0063987,-1.2254565
0,2018-08-11,1.0998416,-1.0006912,-0.5870788
1,2018-08-11,1.0998416,-0.84584266,-0.47389525
2,2018-08-11,1.0998416,-2.39904,-1.5075758
3,2018-08-11,1.0998416,-0.020574495,0.3390773
4,2018-08-11,1.0998416,0.78308743,-1.0956465
5,2018-08-11,1.0998416,0.4845597,-0.016833665
6,2018-08-11,1.0998416,-0.15177286,-0.8610653
7,2018-08-11,1.0998416,-1.298243,-0.7241281
8,2018-08-11,1.0998416,-1.2207153,-0.3789366
9,2018-08-11,1.0998416,-0.44260377,-1.916245
10,2018-08-11,1.0998416,0.2596698,-0.24346004
11,2018-08-11,1.0998416,-0.8173695,-0.86538005
12,2018-08-11,1.0998416,0.35138315,0.29595158
13,2018-08-11,1.0998416,-0.84030855,-1.4563148
14,2018-08-11,1.0998416,-0.6454103,-0.65321344
15,2018-08-11,1.0998416,1.5965767,-0.20830542
16,2018-08-11,1.0998416,0.122095436,0.17981723
17,2018-08-11,1.0998416,0.0015249542,0.7071405
18,2018-08-11,1.0998416,-1.2685711,-0.32394513
19,2018-08-11,1.0998416,-0.6608924,-0.34545317
20,2018-08-11,1.0998416,1.1894721,1.2760456
21,2018-08-11,1.0998416,-2.3296876,-2.2084117
22,2018-08-11,1.0998416,-1.3611047,-0.9541449
23,2018-08-11,1.0998416,-0.9675413,-0.7215914
0,2018-08-12,1.2743207,-0.95163614,-0.40514636
1,2018-08-12,1.2743207,-0.80811197,-0.40827918
2,2018-08-12,1.2743207,-2.3377855,-1.1339538
3,2018-08-12,1.2743207,-0.029721469,0.25927687
4,2018-08-12,1.2743207,0.84503937,-0.74867785
5,2018-08-12,1.2743207,0.47097185,-0.22054951
6,2018-08-12,1.2743207,-0.15191554,-1.0561312
7,2018-08-12,1.2743207,-1.3595706,-0.6739472
8,2018-08-12,1.2743207,-1.2704415,-0.5964269
9,2018-08-12,1.2743207,-0.39942837,-2.2319307
10,2018-08-12,1.2743207,0.2052371,-0.6726602
11,2018-08-12,1.2743207,-0.71050346,-0.44940192
12,2018-08-12,1.2743207,0.20806909,0.15394439
13,2018-08-12,1.2743207,-0.7553919,-0.8837729
14,2018-08-12,1.2743207,-0.8241855,-0.64881855
15,2018-08-12,1.2743207,1.561399,-0.068855695
16,2018-08-12,1.2743207,0.15877967,0.2950661
17,2018-08-12,1.2743207,0.017858114,0.28248543
18,2018-08-12,1.2743207,-1.178252,-0.21013007
19,2018-08-12,1.2743207,-0.6595872,-0.24620293
20,2018-08-12,1.2743207,1.070945,0.8447989
21,2018-08-12,1.2743207,-2.156453,-1.9736065
22,2018-08-12,1.2743207,-1.3891411,-1.1683358
23,2018-08-12,1.2743207,-0.970916,-0.94267005
0,2018-08-13,0.96634996,-1.3916199,-2.0224307
1,2018-08-13,0.96634996,-0.72728485,-0.21666127
2,2018-08-13,0.96634996,-1.7306579,-0.8480144
3,2018-08-13,0.96634996,0.16781607,0.70974684
4,2018-08-13,0.96634996,1.7144881,1.3242096
5,2018-08-13,0.96634996,0.93456393,0.80859894
6,2018-08-13,0.96634996,1.3139995,2.0554178
7,2018-08-13,0.96634996,-1.0773306,-0.53311664
8,2018-08-13,0.96634996,-0.83956534,-0.54117465
9,2018-08-13,0.96634996,0.20035762,0.09667572
10,2018-08-13,0.96634996,0.9897077,1.0720824
11,2018-08-13,0.96634996,-0.48264942,-0.06813631
12,2018-08-13,0.96634996,0.41268915,0.5438117
13,2018-08-13,0.96634996,-0.43862483,-0.56911683
14,2018-08-13,0.96634996,-0.86597216,-0.5573793
15,2018-08-13,0.96634996,1.6474425,-0.28504094
16,2018-08-13,0.96634996,0.40844643,0.59268445
17,2018-08-13,0.96634996,1.0187795,2.1408162
18,2018-08-13,0.96634996,-0.9585324,-0.5071088
19,2018-08-13,0.96634996,-0.5098256,-0.09942169
20,2018-08-13,0.96634996,1.3085011,0.5723051
21,2018-08-13,0.96634996,-2.15817,-2.049367
22,2018-08-13,0.96634996,-0.83993554,-0.56214875
23,2018-08-13,0.96634996,-1.1010004,-1.1305144
0,2018-08-14,1.0086266,-1.4628899,-1.8325962
1,2018-08-14,1.0086266,-0.7003169,-0.066364996
2,2018-08-14,1.0086266,-2.068661,-1.4862473
3,2018-08-14,1.0086266,0.069839604,0.64018553
4,2018-08-14,1.0086266,1.5711415,1.4825535
5,2018-08-14,1.0086266,0.8829499,0.71628976
6,2018-08-14,1.0086266,1.3063225,2.1014066
7,2018-08-14,1.0086266,-1.3972738,-1.3207765
8,2018-08-14,1.0086266,-0.8140292,-0.33982813
9,2018-08-14,1.0086266,0.12673269,-1.0675181
10,2018-08-14,1.0086266,0.98353404,1.0930873
11,2018-08-14,1.0086266,-0.5926599,-0.28175992
12,2018-08-14,1.0086266,0.3686444,0.5852068
13,2018-08-14,1.0086266,-0.37904152,-0.3700535
14,2018-08-14,1.0086266,-0.5928916,-0.35451555
15,2018-08-14,1.0086266,1.5304801,-0.13185757
16,2018-08-14,1.0086266,0.33578768,0.41896635
17,2018-08-14,1.0086266,0.8721376,1.911532
18,2018-08-14,1.0086266,-0.97761774,-0.51498234
19,2018-08-14,1.0086266,-0.49588585,-0.0005235708
20,2018-08-14,1.0086266,1.2543676,0.7511116
21,2018-08-14,1.0086266,-2.1719098,-1.8567644
22,2018-08-14,1.0086266,-1.0084531,-0.4992664
23,2018-08-14,1.0086266,-0.94980335,-0.6471151
0,2018-08-15,1.2397909,-0.8100347,-0.106730774
1,2018-08-15,1.2397909,-0.88967365,-0.57642883
2,2018-08-15,1.2397909,-2.3380654,-1.0855337
3,2018-08-15,1.2397909,0.08445925,0.49521762
4,2018-08-15,1.2397909,1.6235285,1.5979109
5,2018-08-15,1.2397909,0.8386606,0.57201165
6,2018-08-15,1.2397909,1.1811115,2.0021405
7,2018-08-15,1.2397909,-1.0785097,-0.5882312
8,2018-08-15,1.2397909,-1.155702,-0.38960093
9,2018-08-15,1.2397909,0.16502905,-1.0472137
10,2018-08-15,1.2397909,1.0019689,1.1044732
11,2018-08-15,1.2397909,-0.7140396,-0.49145347
12,2018-08-15,1.2397909,0.3769628,0.45099774
13,2018-08-15,1.2397909,-0.42343035,-0.67141914
14,2018-08-15,1.2397909,-0.5635119,-0.35547352
15,2018-08-15,1.2397909,1.5194036,-0.16182537
16,2018-08-15,1.2397909,0.21268249,0.32770142
17,2018-08-15,1.2397909,0.89968354,1.9814281
18,2018-08-15,1.2397909,-1.2711504,-0.27550048
19,2018-08-15,1.2397909,-0.70259196,-0.38353384
20,2018-08-15,1.2397909,1.1694472,0.85081404
21,2018-08-15,1.2397909,-2.2886624,-2.106926
22,2018-08-15,1.2397909,-1.0155975,-0.92873365
23,2018-08-15,1.2397909,-0.88396835,-0.751565
0,2018-08-16,1.2955824,-0.60489255,-0.5696667
1,2018-08-16,1.2955824,-0.8069137,-0.47538924
2,2018-08-16,1.2955824,-2.5374327,-0.94658166
3,2018-08-16,1.2955824,0.11250713,0.5367552
4,2018-08-16,1.2955824,1.6434382,1.6091801
5,2018-08-16,1.2955824,0.94515187,0.77282274
6,2018-08-16,1.2955824,1.0537664,1.8441012
7,2018-08-16,1.2955824,-1.2048855,-0.5072847
8,2018-08-16,1.2955824,-1.1933969,-0.15814887
9,2018-08-16,1.2955824,0.21713623,-0.83924353
10,2018-08-16,1.2955824,0.8781594,1.0716647
11,2018-08-16,1.2955824,-0.70384485,-0.34192625
12,2018-08-16,1.2955824,0.36563897,0.318304
13,2018-08-16,1.2955824,-0.5352392,-0.61849594
14,2018-08-16,1.2955824,-0.72987044,0.042998396
15,2018-08-16,1.2955824,1.419069,0.075925626
16,2018-08-16,1.2955824,0.19668698,0.23158917
17,2018-08-16,1.2955824,0.74875623,1.7163467
18,2018-08-16,1.2955824,-1.2636999,-0.14486149
19,2018-08-16,1.2955824,-0.64700085,-0.27894703
20,2018-08-16,1.2955824,1.0163013,0.72780794
21,2018-08-16,1.2955824,-2.3250659,-2.0910504
22,2018-08-16,1.2955824,-1.055957,-0.6328421
23,2018-08-16,1.2955824,-0.8933874,-1.0213282
0,2018-08-17,1.1619428,-0.9591325,-1.0787091
1,2018-08-17,1.1619428,-0.7248373,-0.17918357
2,2018-08-17,1.1619428,-2.1971025,-1.3408725
3,2018-08-17,1.1619428,0.07038921,0.50520265
4,2018-08-17,1.1619428,1.6526247,1.3117182
5,2018-08-17,1.1619428,1.0492676,0.80333215
6,2018-08-17,1.1619428,1.1924546,1.9546605
7,2018-08-17,1.1619428,-1.25858,-0.64054245
8,2018-08-17,1.1619428,-0.94970196,-0.36594415
9,2018-08-17,1.1619428,0.20382546,-0.9760031
10,2018-08-17,1.1619428,0.7309174,0.85682344
11,2018-08-17,1.1619428,-0.6437078,-0.49153113
12,2018-08-17,1.1619428,0.44972113,0.6386559
13,2018-08-17,1.1619428,-0.63652575,-1.2279885
14,2018-08-17,1.1619428,-0.50191456,-0.57953686
15,2018-08-17,1.1619428,1.4215376,-0.6061642
16,2018-08-17,1.1619428,0.3458811,0.58957297
17,2018-08-17,1.1619428,0.929183,2.063903
18,2018-08-17,1.1619428,-1.0703605,-0.61615884
19,2018-08-17,1.1619428,-0.6791148,-0.37727034
20,2018-08-17,1.1619428,0.999085,0.38253427
21,2018-08-17,1.1619428,-2.3869677,-2.1691961
22,2018-08-17,1.1619428,-0.96434045,-0.62934494
23,2018-08-17,1.1619428,-0.95065254,-1.0263678
0,2018-08-18,1.2974018,-0.9005245,-0.6482476
1,2018-08-18,1.2974018,-0.68143433,-0.29409644
2,2018-08-18,1.2974018,-2.352086,-1.4238527
3,2018-08-18,1.2974018,-0.015311936,0.2858528
4,2018-08-18,1.2974018,0.8984334,-1.8698802
5,2018-08-18,1.2974018,0.7997142,-0.36602816
6,2018-08-18,1.2974018,-0.3320432,-1.7475566
7,2018-08-18,1.2974018,-1.2756898,-0.5093161
8,2018-08-18,1.2974018,-1.0361174,-0.5725878
9,2018-08-18,1.2974018,-0.0032315818,-2.2486596
10,2018-08-18,1.2974018,0.124569125,0.08796296
11,2018-08-18,1.2974018,-0.6466811,-0.40983915
12,2018-08-18,1.2974018,0.45217326,0.6642844
13,2018-08-18,1.2974018,-0.8180178,-1.488471
14,2018-08-18,1.2974018,-0.57362825,-0.06665996
15,2018-08-18,1.2974018,1.0610108,-0.34315348
16,2018-08-18,1.2974018,0.22459494,0.27507737
17,2018-08-18,1.2974018,0.18793042,0.714383
18,2018-08-18,1.2974018,-1.2992312,-0.4510108
19,2018-08-18,1.2974018,-0.54177487,-0.066695824
20,2018-08-18,1.2974018,0.7774968,0.87007266
21,2018-08-18,1.2974018,-2.3954186,-1.9878876
22,2018-08-18,1.2974018,-1.2740135,-1.136489
23,2018-08-18,1.2974018,-0.76352173,-0.4931826
0,2018-08-19,1.4485296,-0.8733978,-0.34266827
1,2018-08-19,1.4485296,-0.6840617,-0.19841512
2,2018-08-19,1.4485296,-2.5438914,-1.3206189
3,2018-08-19,1.4485296,-0.06140556,-0.03809371
4,2018-08-19,1.4485296,1.1288126,0.593129
5,2018-08-19,1.4485296,0.8220499,-0.39911804
6,2018-08-19,1.4485296,0.01940096,0.018009301
7,2018-08-19,1.4485296,-0.9851741,-0.2332437
8,2018-08-19,1.4485296,-1.1635575,-0.31165755
9,2018-08-19,1.4485296,0.03061332,-2.1276114
10,2018-08-19,1.4485296,0.058742855,0.19248381
11,2018-08-19,1.4485296,-0.6651865,-0.41380715
12,2018-08-19,1.4485296,0.3626244,0.44988406
13,2018-08-19,1.4485296,-0.83592176,-0.7224694
14,2018-08-19,1.4485296,-0.94092476,0.5568818
15,2018-08-19,1.4485296,1.1620463,0.049073733
16,2018-08-19,1.4485296,0.2763452,0.50547576
17,2018-08-19,1.4485296,0.08638746,0.30486396
18,2018-08-19,1.4485296,-1.1782446,-0.22298095
19,2018-08-19,1.4485296,-0.5167769,-0.008244035
20,2018-08-19,1.4485296,0.71210915,0.7485432
21,2018-08-19,1.4485296,-2.223487,-2.0347955
22,2018-08-19,1.4485296,-1.3710141,-1.1148192
23,2018-08-19,1.4485296,-0.8091043,-0.75393736
0,2018-08-20,1.5406866,-0.8878863,-0.41658112
1,2018-08-20,1.5406866,-0.6206041,-0.038899202
2,2018-08-20,1.5406866,-2.3601353,-1.0231686
3,2018-08-20,1.5406866,0.08563049,0.4100478
4,2018-08-20,1.5406866,1.7866968,1.4621867
5,2018-08-20,1.5406866,1.1507394,0.5760913
6,2018-08-20,1.5406866,1.1391702,1.8349761
7,2018-08-20,1.5406866,-1.181105,-0.39023018
8,2018-08-20,1.5406866,-1.2231418,-0.0795352
9,2018-08-20,1.5406866,0.22125967,-0.24777786
10,2018-08-20,1.5406866,1.073026,1.3795373
11,2018-08-20,1.5406866,-0.6222272,-0.29932755
12,2018-08-20,1.5406866,0.47211695,0.5091761
13,2018-08-20,1.5406866,-0.32670677,-0.39697772
14,2018-08-20,1.5406866,-0.73133254,0.15183955
15,2018-08-20,1.5406866,1.4007457,0.64898115
16,2018-08-20,1.5406866,0.22493717,0.42276156
17,2018-08-20,1.5406866,0.8561664,1.9134855
18,2018-08-20,1.5406866,-1.163319,-0.41068703
19,2018-08-20,1.5406866,-0.47079155,0.12962654
20,2018-08-20,1.5406866,1.1962556,1.3141458
21,2018-08-20,1.5406866,-2.2092931,-1.9715443
22,2018-08-20,1.5406866,-0.88267326,-0.7052564
23,2018-08-20,1.5406866,-0.80745226,-0.8759483
0,2018-08-21,1.5513647,-0.93115246,-0.47741947
1,2018-08-21,1.5513647,-0.618319,-0.09454941
2,2018-08-21,1.5513647,-2.3951657,-0.8699898
3,2018-08-21,1.5513647,0.14410497,0.5502004
4,2018-08-21,1.5513647,1.8807191,1.5907263
5,2018-08-21,1.5513647,1.152335,0.49377158
6,2018-08-21,1.5513647,1.2832316,2.204047
7,2018-08-21,1.5513647,-1.0595441,-0.40245354
8,2018-08-21,1.5513647,-1.0893816,-0.017738694
9,2018-08-21,1.5513647,0.17797786,-0.061124302
10,2018-08-21,1.5513647,1.1016139,1.4081259
11,2018-08-21,1.5513647,-0.627259,-0.3902275
12,2018-08-21,1.5513647,0.44022503,0.42529178
13,2018-08-21,1.5513647,-0.31894484,-0.15096407
14,2018-08-21,1.5513647,-0.5988983,-0.017624775
15,2018-08-21,1.5513647,1.5736192,0.053758256
16,2018-08-21,1.5513647,0.22183771,0.40147084
17,2018-08-21,1.5513647,0.9089695,1.8416631
18,2018-08-21,1.5513647,-1.168993,-0.41890958
19,2018-08-21,1.5513647,-0.48270354,-0.06339196
20,2018-08-21,1.5513647,1.2515236,0.97693634
21,2018-08-21,1.5513647,-1.937187,-1.435317
22,2018-08-21,1.5513647,-0.9645097,-0.54856354
23,2018-08-21,1.5513647,-0.7803885,-1.0654397
0,2018-08-22,1.4991455,-0.81140685,-0.4612373
1,2018-08-22,1.4991455,-0.6889972,-0.2741789
2,2018-08-22,1.4991455,-2.488525,-1.2346451
3,2018-08-22,1.4991455,0.1260193,0.49684396
4,2018-08-22,1.4991455,1.9489218,1.6112579
5,2018-08-22,1.4991455,1.0960398,0.51658946
6,2018-08-22,1.4991455,1.254453,2.1559901
7,2018-08-22,1.4991455,-1.0410863,-0.31297222
8,2018-08-22,1.4991455,-1.0280885,-0.28582728
9,2018-08-22,1.4991455,0.15583803,-0.1563486
10,2018-08-22,1.4991455,0.9825816,1.4116259
11,2018-08-22,1.4991455,-0.65752137,-0.62590224
12,2018-08-22,1.4991455,0.46638644,0.5637952
13,2018-08-22,1.4991455,-0.41356266,-0.22213939
14,2018-08-22,1.4991455,-0.7686233,0.2979051
15,2018-08-22,1.4991455,1.4846003,0.015158046
16,2018-08-22,1.4991455,0.28778833,0.3915836
17,2018-08-22,1.4991455,0.85409045,1.8235936
18,2018-08-22,1.4991455,-1.0698591,-0.1538435
19,2018-08-22,1.4991455,-0.49873576,-0.07453385
20,2018-08-22,1.4991455,1.2933842,0.952956
21,2018-08-22,1.4991455,-2.1953998,-2.124447
22,2018-08-22,1.4991455,-1.0834671,-0.91123664
23,2018-08-22,1.4991455,-0.81918305,-0.8850728
0,2018-08-23,1.2887763,-0.8546515,-0.61025554
1,2018-08-23,1.2887763,-0.638709,0.08207174
2,2018-08-23,1.2887763,-2.6939294,-1.5819912
3,2018-08-23,1.2887763,0.13335642,0.51089907
4,2018-08-23,1.2887763,1.965711,1.6033084
5,2018-08-23,1.2887763,1.0776839,0.3179354
6,2018-08-23,1.2887763,1.2572325,2.1640646
7,2018-08-23,1.2887763,-1.0429811,-0.34972498
8,2018-08-23,1.2887763,-1.0215518,-0.3661091
9,2018-08-23,1.2887763,0.22822106,-0.2155006
10,2018-08-23,1.2887763,0.9318957,1.3248788
11,2018-08-23,1.2887763,-0.59186804,-0.49487567
12,2018-08-23,1.2887763,0.45756426,0.51526326
13,2018-08-23,1.2887763,-0.40673292,-0.3746268
14,2018-08-23,1.2887763,-0.9081121,0.18612099
15,2018-08-23,1.2887763,1.3798051,0.7036964
16,2018-08-23,1.2887763,0.26762626,0.61037844
17,2018-08-23,1.2887763,0.793707,1.8093342
18,2018-08-23,1.2887763,-1.0490621,-0.1172415
19,2018-08-23,1.2887763,-0.45668343,-0.00034597865
20,2018-08-23,1.2887763,1.3007236,0.87899446
21,2018-08-23,1.2887763,-1.992439,-1.8390027
22,2018-08-23,1.2887763,-0.91491616,-0.8217223
23,2018-08-23,1.2887763,-0.8007074,-1.3429548
0,2018-08-24,0.80290866,-1.0709918,-0.84781
1,2018-08-24,0.80290866,-0.6012508,-0.19322601
2,2018-08-24,0.80290866,-2.4856803,-1.6808857
3,2018-08-24,0.80290866,0.07617431,0.61378455
4,2018-08-24,0.80290866,1.8067497,1.5219882
5,2018-08-24,0.80290866,1.1351073,0.43789467
6,2018-08-24,0.80290866,1.2902329,1.9465826
7,2018-08-24,0.80290866,-0.96421933,-0.3626514
8,2018-08-24,0.80290866,-1.1283556,-0.7699406
9,2018-08-24,0.80290866,0.03631355,-0.19943924
10,2018-08-24,0.80290866,0.814644,0.9923638
11,2018-08-24,0.80290866,-0.54397696,-0.59805113
12,2018-08-24,0.80290866,0.42899752,0.5129962
13,2018-08-24,0.80290866,-0.4848515,-0.6617703
14,2018-08-24,0.80290866,-1.0672239,0.26523292
15,2018-08-24,0.80290866,1.5317744,0.51995146
16,2018-08-24,0.80290866,0.3585496,0.523758
17,2018-08-24,0.80290866,0.74087226,1.9235761
18,2018-08-24,0.80290866,-0.9376336,0.10103689
19,2018-08-24,0.80290866,-0.48082763,-0.0035010201
20,2018-08-24,0.80290866,1.2195877,0.52911836
21,2018-08-24,0.80290866,-2.1030242,-2.3562462
22,2018-08-24,0.80290866,-0.9214362,-0.5437465
23,2018-08-24,0.80290866,-0.8270895,-1.0177808
0,2018-08-25,0.34549928,-1.191772,-1.749733
1,2018-08-25,0.34549928,-0.60908663,-0.18251544
2,2018-08-25,0.34549928,-1.684417,-0.762994
3,2018-08-25,0.34549928,-0.27530333,0.0005381464
4,2018-08-25,0.34549928,0.95134485,-2.9839876
5,2018-08-25,0.34549928,0.87425387,-0.13517946
6,2018-08-25,0.34549928,0.12514535,-1.7721184
7,2018-08-25,0.34549928,-1.0969124,-1.2433523
8,2018-08-25,0.34549928,-0.47279546,0.07136999
9,2018-08-25,0.34549928,-0.5194836,-2.8397484
10,2018-08-25,0.34549928,0.06873121,-0.7820865
11,2018-08-25,0.34549928,-0.36575872,0.00706437
12,2018-08-25,0.34549928,0.61775374,0.89189345
13,2018-08-25,0.34549928,-0.78742415,-1.2064601
14,2018-08-25,0.34549928,-0.16862167,0.023696661
15,2018-08-25,0.34549928,1.4889747,-0.079123825
16,2018-08-25,0.34549928,0.3568494,0.5900827
17,2018-08-25,0.34549928,-0.020084528,0.34610543
18,2018-08-25,0.34549928,-0.94396687,-0.47767857
19,2018-08-25,0.34549928,-0.31799746,0.40926263
20,2018-08-25,0.34549928,0.9834932,0.7758702
21,2018-08-25,0.34549928,-1.9046013,-1.4336566
22,2018-08-25,0.34549928,-1.0294377,-0.61398226
23,2018-08-25,0.34549928,-0.7324942,-0.81354696
0,2018-08-26,0.6310333,-0.9817595,-0.6272081
1,2018-08-26,0.6310333,-0.67975205,-0.17560776
2,2018-08-26,0.6310333,-1.9423797,-1.0455792
3,2018-08-26,0.6310333,-0.33061412,-0.03441375
4,2018-08-26,0.6310333,0.95951873,-2.85005
5,2018-08-26,0.6310333,0.7772661,-0.63592696
6,2018-08-26,0.6310333,-0.11880422,-1.7289842
7,2018-08-26,0.6310333,-1.0359747,-0.3902361
8,2018-08-26,0.6310333,-0.8763271,-0.1603751
9,2018-08-26,0.6310333,-0.60304326,-2.872944
10,2018-08-26,0.6310333,0.008376238,-0.3251062
11,2018-08-26,0.6310333,-0.5217899,-0.13370465
12,2018-08-26,0.6310333,0.45966315,0.62330854
13,2018-08-26,0.6310333,-0.7863415,-1.101204
14,2018-08-26,0.6310333,-0.1566941,0.1638023
15,2018-08-26,0.6310333,1.4113456,-0.072868206
16,2018-08-26,0.6310333,0.14812656,0.42572886
17,2018-08-26,0.6310333,-0.21501902,-0.41161352
18,2018-08-26,0.6310333,-1.08358,-0.24717125
19,2018-08-26,0.6310333,-0.37756288,0.27623135
20,2018-08-26,0.6310333,0.84065765,0.77955204
21,2018-08-26,0.6310333,-2.081568,-1.8060536
22,2018-08-26,0.6310333,-1.1322712,-0.5618492
23,2018-08-26,0.6310333,-0.6078599,-0.98689455
0,2018-08-27,1.0763507,-1.0021789,-0.60250515
1,2018-08-27,1.0763507,-0.5700801,0.07842381
2,2018-08-27,1.0763507,-2.1371326,-1.0799196
3,2018-08-27,1.0763507,-0.036836088,0.5086385
4,2018-08-27,1.0763507,1.7444752,1.370835
5,2018-08-27,1.0763507,1.1057914,0.5474391
6,2018-08-27,1.0763507,1.3364806,1.8722359
7,2018-08-27,1.0763507,-0.9072822,0.0049110176
8,2018-08-27,1.0763507,-0.98855805,-0.18545204
9,2018-08-27,1.0763507,-0.10659219,0.0054359306
10,2018-08-27,1.0763507,0.9924406,1.2980087
11,2018-08-27,1.0763507,-0.52138066,-0.120966524
12,2018-08-27,1.0763507,0.50359917,0.71318513
13,2018-08-27,1.0763507,-0.3660771,-0.083064795
14,2018-08-27,1.0763507,-0.39320973,-0.6431208
15,2018-08-27,1.0763507,1.640436,0.054333225
16,2018-08-27,1.0763507,0.17343098,0.5429118
17,2018-08-27,1.0763507,0.5190886,1.7106692
18,2018-08-27,1.0763507,-1.0937951,-0.21756247
19,2018-08-27,1.0763507,-0.45287058,-0.09913631
20,2018-08-27,1.0763507,0.9956456,0.33554062
21,2018-08-27,1.0763507,-2.270493,-1.877898
22,2018-08-27,1.0763507,-0.8717775,-0.3752875
23,2018-08-27,1.0763507,-0.5982895,-0.9661555
0,2018-08-28,1.287472,-0.99089915,-0.5808995
1,2018-08-28,1.287472,-0.65585923,0.03554509
2,2018-08-28,1.287472,-2.1135828,-1.4092329
3,2018-08-28,1.287472,0.043808945,0.5442144
4,2018-08-28,1.287472,1.8502641,1.6708026
5,2018-08-28,1.287472,1.109296,0.47508833
6,2018-08-28,1.287472,1.3733029,2.0600088
7,2018-08-28,1.287472,-0.9957153,-0.08793055
8,2018-08-28,1.287472,-1.09597,-0.10558371
9,2018-08-28,1.287472,-0.066046484,-0.019930787
10,2018-08-28,1.287472,1.051733,1.2905893
11,2018-08-28,1.287472,-0.5944574,-0.31517926
12,2018-08-28,1.287472,0.43764675,0.7797461
13,2018-08-28,1.287472,-0.41111556,-0.1360634
14,2018-08-28,1.287472,-0.6240091,-0.28341675
15,2018-08-28,1.287472,1.6484462,-0.13364539
16,2018-08-28,1.287472,0.22906612,0.45984685
17,2018-08-28,1.287472,0.573375,1.7628633
18,2018-08-28,1.287472,-1.1375705,-0.44328496
19,2018-08-28,1.287472,-0.5033652,-0.03048467
20,2018-08-28,1.287472,0.9779751,0.68123657
21,2018-08-28,1.287472,-2.307996,-1.8377907
22,2018-08-28,1.287472,-0.9302304,-1.0334631
23,2018-08-28,1.287472,-0.7362744,-0.9848043
0,2018-08-29,0.9735865,-1.1517617,-1.0480103
1,2018-08-29,0.9735865,-0.6222263,0.029413939
2,2018-08-29,0.9735865,-2.155907,-1.4020582
3,2018-08-29,0.9735865,0.05406385,0.5635701
4,2018-08-29,0.9735865,1.9016739,1.5689745
5,2018-08-29,0.9735865,1.1809812,0.700476
6,2018-08-29,0.9735865,1.2359813,2.1405568
7,2018-08-29,0.9735865,-0.9613084,-0.23749593
8,2018-08-29,0.9735865,-0.7403424,0.033073563
9,2018-08-29,0.9735865,0.0594044,-0.43926612
10,2018-08-29,0.9735865,0.97665244,1.1420283
11,2018-08-29,0.9735865,-0.4213067,0.007426267
12,2018-08-29,0.9735865,0.54938495,0.91667813
13,2018-08-29,0.9735865,-0.38033158,-0.22523959
14,2018-08-29,0.9735865,-0.82899934,0.2353608
15,2018-08-29,0.9735865,1.589128,0.15525907
16,2018-08-29,0.9735865,0.414627,0.87377334
17,2018-08-29,0.9735865,0.56714994,1.6101954
18,2018-08-29,0.9735865,-1.0111557,-0.35632503
19,2018-08-29,0.9735865,-0.4274299,0.167474
20,2018-08-29,0.9735865,0.9006387,0.7278148
21,2018-08-29,0.9735865,-2.187134,-1.49799
22,2018-08-29,0.9735865,-0.7272509,-0.2697011
23,2018-08-29,0.9735865,-0.98050845,-1.5858748
0,2018-08-30,0.7605041,-1.1468614,-0.99149543
1,2018-08-30,0.7605041,-0.589126,0.024849284
2,2018-08-30,0.7605041,-2.1377258,-1.686555
3,2018-08-30,0.7605041,-0.045439877,0.50568366
4,2018-08-30,0.7605041,1.7251188,1.6435087
5,2018-08-30,0.7605041,1.0644557,0.44368732
6,2018-08-30,0.7605041,1.2742406,2.1848037
7,2018-08-30,0.7605041,-1.0467081,-0.6042199
8,2018-08-30,0.7605041,-0.83903587,-0.1968212
9,2018-08-30,0.7605041,0.07244358,-0.13681865
10,2018-08-30,0.7605041,0.8596939,1.2073317
11,2018-08-30,0.7605041,-0.4474112,-0.035533197
12,2018-08-30,0.7605041,0.45262834,0.64746916
13,2018-08-30,0.7605041,-0.52349883,-0.52046657
14,2018-08-30,0.7605041,-1.1914792,0.45387968
15,2018-08-30,0.7605041,1.3867679,-0.16788211
16,2018-08-30,0.7605041,0.36460903,0.58453745
17,2018-08-30,0.7605041,0.58144295,1.7784718
18,2018-08-30,0.7605041,-0.9798804,-0.37589046
19,2018-08-30,0.7605041,-0.34467223,0.2434353
20,2018-08-30,0.7605041,0.88119924,0.99007314
21,2018-08-30,0.7605041,-2.35069,-1.7917801
22,2018-08-30,0.7605041,-0.7841022,-0.22972752
23,2018-08-30,0.7605041,-1.0341961,-1.1306918
0,2018-08-31,0.5020756,-1.256544,-1.4057426
1,2018-08-31,0.5020756,-0.57767874,-0.016349025
2,2018-08-31,0.5020756,-1.934094,-1.2803503
3,2018-08-31,0.5020756,-0.13826986,0.43687668
4,2018-08-31,0.5020756,1.4691737,1.234715
5,2018-08-31,0.5020756,1.1475052,0.59872985
6,2018-08-31,0.5020756,1.1739593,2.0691042
7,2018-08-31,0.5020756,-0.80111897,-0.8644704
8,2018-08-31,0.5020756,-0.58907646,-0.11937855
9,2018-08-31,0.5020756,0.53032947,0.6175412
10,2018-08-31,0.5020756,0.6439271,0.7123179
11,2018-08-31,0.5020756,-0.41133898,-0.27340847
12,2018-08-31,0.5020756,0.48076156,0.5813143
13,2018-08-31,0.5020756,-0.7437455,-0.74005485
14,2018-08-31,0.5020756,-1.0981933,0.55491257
15,2018-08-31,0.5020756,1.5310999,0.088201545
16,2018-08-31,0.5020756,0.37639853,0.52881765
17,2018-08-31,0.5020756,0.39823052,1.4489318
18,2018-08-31,0.5020756,-0.9765754,-0.51987875
19,2018-08-31,0.5020756,-0.3366144,0.06823969
20,2018-08-31,0.5020756,0.91142535,0.2694631
21,2018-08-31,0.5020756,-2.1767774,-1.3421485
22,2018-08-31,0.5020756,-0.62672365,-0.28492782
23,2018-08-31,0.5020756,-0.84952337,-0.96995497
0,2018-09-01,0.47588363,-1.156498,-1.5850501
1,2018-09-01,0.47588363,-0.5639032,0.115750186
2,2018-09-01,0.47588363,-1.8772458,-1.3017449
3,2018-09-01,0.47588363,-0.3432349,0.08034549
4,2018-09-01,0.47588363,0.6966233,-3.3632302
5,2018-09-01,0.47588363,0.8105678,-0.12923032
6,2018-09-01,0.47588363,-0.13365555,-1.0671297
7,2018-09-01,0.47588363,-1.0271535,-1.1581647
8,2018-09-01,0.47588363,-0.6580563,-0.30740204
9,2018-09-01,0.47588363,0.62505144,-2.8517506
10,2018-09-01,0.47588363,0.08727656,-0.5395472
11,2018-09-01,0.47588363,-0.37270358,-0.14881013
12,2018-09-01,0.47588363,0.54904455,0.6993824
13,2018-09-01,0.47588363,-0.997883,-1.5669155
14,2018-09-01,0.47588363,-0.8706039,0.04665227
15,2018-09-01,0.47588363,1.426698,-0.33605996
16,2018-09-01,0.47588363,0.41623545,0.81672597
17,2018-09-01,0.47588363,-0.08871068,0.15144487
18,2018-09-01,0.47588363,-0.97452515,-0.48562342
19,2018-09-01,0.47588363,-0.29150805,0.1992954
20,2018-09-01,0.47588363,0.56777066,0.6896724
21,2018-09-01,0.47588363,-2.0959432,-1.2814138
22,2018-09-01,0.47588363,-1.0332524,-0.4985161
23,2018-09-01,0.47588363,-0.57516557,-0.6107064
0,2018-09-02,0.5741399,-1.019703,-0.82691854
1,2018-09-02,0.5741399,-0.6029313,0.15939508
2,2018-09-02,0.5741399,-2.0685487,-1.216414
3,2018-09-02,0.5741399,-0.38960424,-0.15870006
4,2018-09-02,0.5741399,0.68621016,-3.4341643
5,2018-09-02,0.5741399,0.79248995,-0.5636324
6,2018-09-02,0.5741399,-0.3780758,-1.9251848
7,2018-09-02,0.5741399,-0.9898559,-0.5928875
8,2018-09-02,0.5741399,-0.9633949,-0.19253655
9,2018-09-02,0.5741399,0.6344732,-2.5898879
10,2018-09-02,0.5741399,0.15329644,-0.6277984
11,2018-09-02,0.5741399,-0.44791403,0.07094519
12,2018-09-02,0.5741399,0.4517076,0.75723565
13,2018-09-02,0.5741399,-0.91950387,-1.2685324
14,2018-09-02,0.5741399,-0.26013133,0.3379498
15,2018-09-02,0.5741399,1.4169316,0.18088853
16,2018-09-02,0.5741399,0.30915603,0.5328148
17,2018-09-02,0.5741399,0.069368444,0.5347898
18,2018-09-02,0.5741399,-0.98144203,-0.2211987
19,2018-09-02,0.5741399,-0.37839603,0.103436686
20,2018-09-02,0.5741399,0.57538486,0.6426266
21,2018-09-02,0.5741399,-2.153257,-1.5211781
22,2018-09-02,0.5741399,-1.1116935,-0.53702676
23,2018-09-02,0.5741399,-0.5725414,-0.81508774
0,2018-09-03,0.70972425,-1.1969754,-1.4330602
1,2018-09-03,0.70972425,-0.5392099,0.08424312
2,2018-09-03,0.70972425,-1.8271017,-1.1564077
3,2018-09-03,0.70972425,-0.13129517,0.49647784
4,2018-09-03,0.70972425,1.4363482,1.1593219
5,2018-09-03,0.70972425,1.1100483,0.5829541
6,2018-09-03,0.70972425,1.2170686,2.0846894
7,2018-09-03,0.70972425,-1.1090817,-0.42239833
8,2018-09-03,0.70972425,-0.79055345,-0.11535454
9,2018-09-03,0.70972425,0.7779212,-0.7563826
10,2018-09-03,0.70972425,0.7507271,0.9543982
11,2018-09-03,0.70972425,-0.43649936,-0.18657014
12,2018-09-03,0.70972425,0.43776417,0.66556937
13,2018-09-03,0.70972425,-0.3369713,0.0022187512
14,2018-09-03,0.70972425,-0.31234634,-0.030115485
15,2018-09-03,0.70972425,1.5855404,0.005813554
16,2018-09-03,0.70972425,0.29732984,0.32834545
17,2018-09-03,0.70972425,0.6170541,1.537124
18,2018-09-03,0.70972425,-0.99473584,-0.28329495
19,2018-09-03,0.70972425,-0.40525615,0.14165947
20,2018-09-03,0.70972425,1.0570502,0.94141984
21,2018-09-03,0.70972425,-2.1946206,-1.6947423
22,2018-09-03,0.70972425,-0.6017183,-0.3390096
23,2018-09-03,0.70972425,-0.7280276,-1.3819234
0,2018-09-04,0.9092561,-1.0322201,-0.6903797
1,2018-09-04,0.9092561,-0.60551876,0.029483557
2,2018-09-04,0.9092561,-2.2856536,-1.1672689
3,2018-09-04,0.9092561,-0.07795663,0.61386013
4,2018-09-04,0.9092561,1.4988323,1.5076392
5,2018-09-04,0.9092561,1.1566457,0.62884384
6,2018-09-04,0.9092561,1.2857925,1.9748883
7,2018-09-04,0.9092561,-1.1802361,-0.6219672
8,2018-09-04,0.9092561,-1.0604919,-0.059936967
9,2018-09-04,0.9092561,0.8686303,-0.1999189
10,2018-09-04,0.9092561,1.0282261,1.2863145
11,2018-09-04,0.9092561,-0.5041933,-0.16027941
12,2018-09-04,0.9092561,0.41717777,0.6154584
13,2018-09-04,0.9092561,-0.41580144,-0.28784925
14,2018-09-04,0.9092561,-0.5852439,-0.8339269
15,2018-09-04,0.9092561,1.5656546,0.06215802
16,2018-09-04,0.9092561,0.20491505,0.5180338
17,2018-09-04,0.9092561,0.50302297,1.5123628
18,2018-09-04,0.9092561,-1.0934904,-0.1088287
19,2018-09-04,0.9092561,-0.47180864,-0.11059637
20,2018-09-04,0.9092561,1.2445022,1.1238894
21,2018-09-04,0.9092561,-2.1821806,-1.941239
22,2018-09-04,0.9092561,-0.90392447,-0.23096415
23,2018-09-04,0.9092561,-0.7544725,-1.3487602
0,2018-09-05,1.0173309,-1.0300405,-0.555276
1,2018-09-05,1.0173309,-0.6184061,0.028319236
2,2018-09-05,1.0173309,-2.3702118,-1.217202
3,2018-09-05,1.0173309,-0.16183876,0.55801255
4,2018-09-05,1.0173309,1.5408814,1.598098
5,2018-09-05,1.0173309,1.177245,0.8361886
6,2018-09-05,1.0173309,1.3088759,1.9756103
7,2018-09-05,1.0173309,-1.0488286,-0.59012794
8,2018-09-05,1.0173309,-0.8828366,-0.2600325
9,2018-09-05,1.0173309,0.87538797,-0.0035274865
10,2018-09-05,1.0173309,0.8757169,0.9653959
11,2018-09-05,1.0173309,-0.47475854,-0.20456831
12,2018-09-05,1.0173309,0.49867794,0.60486233
13,2018-09-05,1.0173309,-0.47403735,-0.4372081
14,2018-09-05,1.0173309,-1.2109371,0.3459069
15,2018-09-05,1.0173309,1.5822704,-0.22848418
16,2018-09-05,1.0173309,0.20107558,0.41077083
17,2018-09-05,1.0173309,0.61457723,1.1928147
18,2018-09-05,1.0173309,-1.1325955,-0.15192567
19,2018-09-05,1.0173309,-0.42889065,0.023059746
20,2018-09-05,1.0173309,1.4302263,1.0347903
21,2018-09-05,1.0173309,-2.2355068,-1.8518157
22,2018-09-05,1.0173309,-0.8279827,-0.70611864
23,2018-09-05,1.0173309,-0.7544936,-1.2132506
0,2018-09-06,0.747149,-1.2255324,-1.6722414
1,2018-09-06,0.747149,-0.56291825,0.025156138
2,2018-09-06,0.747149,-2.0778012,-1.5989242
3,2018-09-06,0.747149,-0.1488748,0.5727776
4,2018-09-06,0.747149,1.4565272,1.3704736
5,2018-09-06,0.747149,1.1637062,0.89352745
6,2018-09-06,0.747149,1.193178,2.038143
7,2018-09-06,0.747149,-1.1803632,-0.85144734
8,2018-09-06,0.747149,-0.57216704,-0.08951162
9,2018-09-06,0.747149,0.8532945,0.10791178
10,2018-09-06,0.747149,0.8269046,0.32681462
11,2018-09-06,0.747149,-0.29823592,0.2227393
12,2018-09-06,0.747149,0.60926694,0.92984295
13,2018-09-06,0.747149,-0.5727396,-0.6048499
14,2018-09-06,0.747149,-0.93480015,0.023315586
15,2018-09-06,0.747149,1.5962381,-0.16877429
16,2018-09-06,0.747149,0.47893888,0.8775319
17,2018-09-06,0.747149,0.79151964,1.3417213
18,2018-09-06,0.747149,-0.89340526,-0.5816824
19,2018-09-06,0.747149,-0.3462307,0.23808682
20,2018-09-06,0.747149,1.6083955,0.5678361
21,2018-09-06,0.747149,-2.0281038,-1.3242273
22,2018-09-06,0.747149,-0.47861496,0.09929683
23,2018-09-06,0.747149,-0.76584864,-0.90360785
0,2018-09-07,0.7714539,-1.2208424,-1.0881362
1,2018-09-07,0.7714539,-0.54515696,0.07936202
2,2018-09-07,0.7714539,-2.3845487,-1.4181775
3,2018-09-07,0.7714539,-0.08789866,0.60231775
4,2018-09-07,0.7714539,1.4706229,1.4643416
5,2018-09-07,0.7714539,1.134309,0.5736433
6,2018-09-07,0.7714539,1.1497766,2.071669
7,2018-09-07,0.7714539,-0.9739769,-0.71693224
8,2018-09-07,0.7714539,-0.88578236,0.11621009
9,2018-09-07,0.7714539,0.35542262,-0.6889292
10,2018-09-07,0.7714539,0.67278147,0.62068534
11,2018-09-07,0.7714539,-0.49099675,-0.32256716
12,2018-09-07,0.7714539,0.4794215,0.6102565
13,2018-09-07,0.7714539,-0.59058994,-0.5712286
14,2018-09-07,0.7714539,-0.80831707,-0.64643276
15,2018-09-07,0.7714539,1.5362144,-0.39806014
16,2018-09-07,0.7714539,0.29225126,0.62930757
17,2018-09-07,0.7714539,0.71494573,1.4208596
18,2018-09-07,0.7714539,-0.9455909,0.15031488
19,2018-09-07,0.7714539,-0.48542175,-0.06525572
20,2018-09-07,0.7714539,1.3839841,0.3453968
21,2018-09-07,0.7714539,-2.3421443,-1.903723
22,2018-09-07,0.7714539,-0.7252616,-0.533921
23,2018-09-07,0.7714539,-0.90285915,-1.6242568
0,2018-09-08,0.8637807,-0.98638666,-0.7483077
1,2018-09-08,0.8637807,-0.58721656,-0.0030961637
2,2018-09-08,0.8637807,-2.3108423,-1.6521919
3,2018-09-08,0.8637807,-0.29229757,0.063744456
4,2018-09-08,0.8637807,0.74293536,-2.297247
5,2018-09-08,0.8637807,0.74375516,-0.49866572
6,2018-09-08,0.8637807,-0.3347215,-2.2749593
7,2018-09-08,0.8637807,-1.1655788,-0.76549023
8,2018-09-08,0.8637807,-1.0199343,-0.39819476
9,2018-09-08,0.8637807,0.14312044,-1.7901534
10,2018-09-08,0.8637807,-0.07960087,-0.3825661
11,2018-09-08,0.8637807,-0.5258954,-0.16789189
12,2018-09-08,0.8637807,0.46721727,0.6805569
13,2018-09-08,0.8637807,-0.9747339,-0.9691672
14,2018-09-08,0.8637807,-0.8401952,0.33851174
15,2018-09-08,0.8637807,1.4771526,-0.1104813
16,2018-09-08,0.8637807,0.18683213,0.40035063
17,2018-09-08,0.8637807,0.3428119,0.67271864
18,2018-09-08,0.8637807,-0.9841841,0.05353866
19,2018-09-08,0.8637807,-0.4369113,-0.08271095
20,2018-09-08,0.8637807,0.9404912,0.62185633
21,2018-09-08,0.8637807,-2.260877,-1.6226027
22,2018-09-08,0.8637807,-1.1965835,-1.033681
23,2018-09-08,0.8637807,-0.70365125,-0.96660167
0,2018-09-09,1.0756452,-1.0357853,-0.6067075
1,2018-09-09,1.0756452,-0.48380733,0.28690645
2,2018-09-09,1.0756452,-2.2842615,-1.2599909
3,2018-09-09,1.0756452,-0.26295826,0.115472674
4,2018-09-09,1.0756452,0.78854585,-1.3159003
5,2018-09-09,1.0756452,0.7279592,-0.3545374
6,2018-09-09,1.0756452,-0.34376433,-2.3247974
7,2018-09-09,1.0756452,-1.0746739,-0.020571345
8,2018-09-09,1.0756452,-1.0877268,-0.085738264
9,2018-09-09,1.0756452,0.18507732,-1.387763
10,2018-09-09,1.0756452,-0.2775738,-0.3900641
11,2018-09-09,1.0756452,-0.5237406,-0.12170854
12,2018-09-09,1.0756452,0.36678544,0.6091349
13,2018-09-09,1.0756452,-0.96526486,-0.6540619
14,2018-09-09,1.0756452,-0.90037996,0.20965424
15,2018-09-09,1.0756452,1.3774204,-0.16942962
16,2018-09-09,1.0756452,0.27229518,0.6243787
17,2018-09-09,1.0756452,0.67565614,0.8441948
18,2018-09-09,1.0756452,-1.0315201,-0.14744617
19,2018-09-09,1.0756452,-0.45466438,0.032633036
20,2018-09-09,1.0756452,0.8937737,0.8327181
21,2018-09-09,1.0756452,-2.2836804,-1.6855129
22,2018-09-09,1.0756452,-1.1521553,-0.5987943
23,2018-09-09,1.0756452,-0.7600929,-0.99247926
0,2018-09-10,1.1623722,-1.0361435,-0.59871167
1,2018-09-10,1.1623722,-0.5272598,0.17916344
2,2018-09-10,1.1623722,-2.3315303,-0.97764283
3,2018-09-10,1.1623722,-0.10392031,0.46516064
4,2018-09-10,1.1623722,1.6064476,1.661281
5,2018-09-10,1.1623722,1.1013037,0.58694434
6,2018-09-10,1.1623722,1.2090777,2.073515
7,2018-09-10,1.1623722,-1.2067192,-0.5711458
8,2018-09-10,1.1623722,-1.0096133,0.07226581
9,2018-09-10,1.1623722,0.5353897,0.19316465
10,2018-09-10,1.1623722,0.5870762,1.2860548
11,2018-09-10,1.1623722,-0.4994271,-0.115490705
12,2018-09-10,1.1623722,0.37498644,0.5679013
13,2018-09-10,1.1623722,-0.55323315,-0.40031168
14,2018-09-10,1.1623722,-0.6118122,0.46562073
15,2018-09-10,1.1623722,1.5735986,0.52135897
16,2018-09-10,1.1623722,0.28695887,0.636519
17,2018-09-10,1.1623722,1.2396699,0.7844878
18,2018-09-10,1.1623722,-1.0072507,0.04505509
19,2018-09-10,1.1623722,-0.49715894,0.10166019
20,2018-09-10,1.1623722,1.3557857,1.0949239
21,2018-09-10,1.1623722,-2.2341154,-1.5538254
22,2018-09-10,1.1623722,-0.779309,-0.38867787
23,2018-09-10,1.1623722,-0.7411824,-0.8872899
0,2018-09-11,1.212611,-1.0100698,-0.7568009
1,2018-09-11,1.212611,-0.5834776,0.12279059
2,2018-09-11,1.212611,-2.3947253,-0.8597667
3,2018-09-11,1.212611,-0.05695961,0.5175202
4,2018-09-11,1.212611,1.5882151,1.7616408
5,2018-09-11,1.212611,1.0408473,0.5244638
6,2018-09-11,1.212611,1.2536675,2.1035936
7,2018-09-11,1.212611,-1.0254179,-0.4945671
8,2018-09-11,1.212611,-1.1018139,0.009580387
9,2018-09-11,1.212611,0.56801564,0.24318464
10,2018-09-11,1.212611,0.6728503,1.0164067
11,2018-09-11,1.212611,-0.5973944,-0.036103178
12,2018-09-11,1.212611,0.39277664,0.60546035
13,2018-09-11,1.212611,-0.44642714,-0.14057033
14,2018-09-11,1.212611,-0.8611436,0.4504107
15,2018-09-11,1.212611,1.538967,-0.101011
16,2018-09-11,1.212611,0.21884699,0.7472514
17,2018-09-11,1.212611,1.2587245,0.7448629
18,2018-09-11,1.212611,-1.0809201,-0.115321934
19,2018-09-11,1.212611,-0.5348167,-0.05588917
20,2018-09-11,1.212611,1.5158669,1.1903112
21,2018-09-11,1.212611,-2.323574,-1.8842036
22,2018-09-11,1.212611,-0.75312144,-0.32293138
23,2018-09-11,1.212611,-0.77020514,-1.0781248
0,2018-09-12,1.261383,-0.9403013,-0.7051829
1,2018-09-12,1.261383,-0.65028244,-0.090431035
2,2018-09-12,1.261383,-2.3897748,-1.0398232
3,2018-09-12,1.261383,0.020880496,0.5979002
4,2018-09-12,1.261383,1.689865,1.651554
5,2018-09-12,1.261383,1.09024,0.6629212
6,2018-09-12,1.261383,1.3227758,2.1297686
7,2018-09-12,1.261383,-1.1280886,-0.49554518
8,2018-09-12,1.261383,-0.9171045,-0.014606475
9,2018-09-12,1.261383,0.4534679,0.23709875
10,2018-09-12,1.261383,0.5930191,0.30733395
11,2018-09-12,1.261383,-0.50152045,-0.29360548
12,2018-09-12,1.261383,0.446985,0.6688051
13,2018-09-12,1.261383,-0.37730324,-0.0356615
14,2018-09-12,1.261383,-1.0486832,0.23216222
15,2018-09-12,1.261383,1.4928527,0.6298783
16,2018-09-12,1.261383,0.24328893,0.7826666
17,2018-09-12,1.261383,1.1766976,0.90120804
18,2018-09-12,1.261383,-1.0238816,-0.03689966
19,2018-09-12,1.261383,-0.5744293,-0.02515403
20,2018-09-12,1.261383,1.4759483,0.83074194
21,2018-09-12,1.261383,-2.243173,-1.7653239
22,2018-09-12,1.261383,-0.83083534,-0.39952
23,2018-09-12,1.261383,-0.81411225,-0.8829444
0,2018-09-13,1.024578,-1.1534655,-0.9619833
1,2018-09-13,1.024578,-0.5277452,0.11628201
2,2018-09-13,1.024578,-2.785831,-1.7726005
3,2018-09-13,1.024578,0.018542599,0.5180595
4,2018-09-13,1.024578,1.7080534,1.4262637
5,2018-09-13,1.024578,0.78017926,0.93178725
6,2018-09-13,1.024578,1.3417808,2.2058878
7,2018-09-13,1.024578,-1.1034595,-0.72890705
8,2018-09-13,1.024578,-0.8396213,-0.102089785
9,2018-09-13,1.024578,0.6110768,0.33260208
10,2018-09-13,1.024578,0.3132102,0.062602
11,2018-09-13,1.024578,-0.5193249,-0.23558635
12,2018-09-13,1.024578,0.39893427,0.6504019
13,2018-09-13,1.024578,-0.32629478,-0.19557077
14,2018-09-13,1.024578,-1.1981305,0.26598412
15,2018-09-13,1.024578,1.5657105,0.57066685
16,2018-09-13,1.024578,0.33106235,0.6318134
17,2018-09-13,1.024578,1.3427342,0.9745977
18,2018-09-13,1.024578,-0.9776838,-0.34885255
19,2018-09-13,1.024578,-0.46665528,0.072166085
20,2018-09-13,1.024578,1.5564278,0.9077498
21,2018-09-13,1.024578,-2.09158,-1.460236
22,2018-09-13,1.024578,-0.7647742,-0.48469308
23,2018-09-13,1.024578,-1.0537223,-1.0894495
0,2018-09-14,0.8441723,-1.1467849,-1.1171663
1,2018-09-14,0.8441723,-0.5816893,-0.11346777
2,2018-09-14,0.8441723,-2.8874724,-1.6522318
3,2018-09-14,0.8441723,0.0023291796,0.58965653
4,2018-09-14,0.8441723,1.5583427,1.6260061
5,2018-09-14,0.8441723,0.8940338,0.6114651
6,2018-09-14,0.8441723,1.1017928,1.8829774
7,2018-09-14,0.8441723,-1.0521482,-0.4397659
8,2018-09-14,0.8441723,-0.9636706,-0.066617765
9,2018-09-14,0.8441723,0.64129514,0.34103695
10,2018-09-14,0.8441723,0.257759,0.04693956
11,2018-09-14,0.8441723,-0.58872825,-0.2851915
12,2018-09-14,0.8441723,0.48316094,0.68221086
13,2018-09-14,0.8441723,-0.5393328,-0.72265196
14,2018-09-14,0.8441723,-0.77690685,0.096229434
15,2018-09-14,0.8441723,1.4177524,0.42839754
16,2018-09-14,0.8441723,0.4464221,0.76110166
17,2018-09-14,0.8441723,1.2944591,1.9251587
18,2018-09-14,0.8441723,-0.9756501,-0.11525308
19,2018-09-14,0.8441723,-0.585576,-0.14858632
20,2018-09-14,0.8441723,1.5193899,0.4908202
21,2018-09-14,0.8441723,-2.1128724,-1.6301405
22,2018-09-14,0.8441723,-0.69970125,-0.18949753
23,2018-09-14,0.8441723,-0.81533945,-0.8944003
0,2018-09-15,0.90637976,-1.0254546,-0.84456897
1,2018-09-15,0.90637976,-0.68522745,-0.39210927
2,2018-09-15,0.90637976,-2.591005,-1.5937899
3,2018-09-15,0.90637976,-0.19719394,0.121972434
4,2018-09-15,0.90637976,0.7015854,-1.8432983
5,2018-09-15,0.90637976,0.69939566,-0.61392456
6,2018-09-15,0.90637976,-0.26884797,-2.2680686
7,2018-09-15,0.90637976,-1.3237108,-0.91445285
8,2018-09-15,0.90637976,-1.0219978,-0.3871672
9,2018-09-15,0.90637976,0.29571816,-0.078597374
10,2018-09-15,0.90637976,-0.5868826,-1.3112265
11,2018-09-15,0.90637976,-0.6556404,-0.35922748
12,2018-09-15,0.90637976,0.40564516,0.5148318
13,2018-09-15,0.90637976,-0.973653,-1.1915069
14,2018-09-15,0.90637976,-1.0271939,0.20986904
15,2018-09-15,0.90637976,1.3213472,0.11048744
16,2018-09-15,0.90637976,0.3236532,0.691469
17,2018-09-15,0.90637976,0.20333962,0.49646977
18,2018-09-15,0.90637976,-1.0916398,-0.20014942
19,2018-09-15,0.90637976,-0.49355713,-0.09801706
20,2018-09-15,0.90637976,1.5064149,0.8474663
21,2018-09-15,0.90637976,-2.1467924,-1.7147784
22,2018-09-15,0.90637976,-1.2740924,-0.8905751
23,2018-09-15,0.90637976,-0.6232136,-0.4395141
0,2018-09-16,0.9852073,-1.1028318,-0.7182164
1,2018-09-16,0.9852073,-0.6854023,-0.18014039
2,2018-09-16,0.9852073,-2.6795826,-2.0064633
3,2018-09-16,0.9852073,-0.25920644,-0.014002547
4,2018-09-16,0.9852073,0.6491878,-1.9000953
5,2018-09-16,0.9852073,0.6838424,-0.6151508
6,2018-09-16,0.9852073,-0.28197846,-2.3278413
7,2018-09-16,0.9852073,-1.3545507,-0.73336947
8,2018-09-16,0.9852073,-1.0455782,-0.35640788
9,2018-09-16,0.9852073,-0.023890033,-0.16293044
10,2018-09-16,0.9852073,-0.6775944,-0.8951492
11,2018-09-16,0.9852073,-0.6469467,-0.36873022
12,2018-09-16,0.9852073,0.3098552,0.37852135
13,2018-09-16,0.9852073,-1.0446657,-1.1468251
14,2018-09-16,0.9852073,-0.88504833,-0.0878197
15,2018-09-16,0.9852073,1.3194134,-0.17426892
16,2018-09-16,0.9852073,0.23163293,0.5438075
17,2018-09-16,0.9852073,0.60263264,1.0418288
18,2018-09-16,0.9852073,-1.0687356,-0.20008689
19,2018-09-16,0.9852073,-0.56461525,-0.014191837
20,2018-09-16,0.9852073,1.3529831,0.63594216
21,2018-09-16,0.9852073,-2.2346535,-1.7746555
22,2018-09-16,0.9852073,-1.2803533,-0.9329284
23,2018-09-16,0.9852073,-0.7928996,-0.9935481
0,2018-09-17,1.1102552,-1.0204242,-0.53480434
1,2018-09-17,1.1102552,-0.5185514,0.18045376
2,2018-09-17,1.1102552,-2.5512443,-1.4576441
3,2018-09-17,1.1102552,-0.20080124,0.17283551
4,2018-09-17,1.1102552,1.2275542,0.7237697
5,2018-09-17,1.1102552,0.7918371,-0.4352678
6,2018-09-17,1.1102552,0.5080841,0.36288404
7,2018-09-17,1.1102552,-1.3030982,-0.4772925
8,2018-09-17,1.1102552,-1.1530503,-0.20197673
9,2018-09-17,1.1102552,0.3018469,0.42345965
10,2018-09-17,1.1102552,-0.042416118,-0.2547128
11,2018-09-17,1.1102552,-0.65421,-0.32546926
12,2018-09-17,1.1102552,0.36120954,0.5567498
13,2018-09-17,1.1102552,-0.7563617,-0.6764345
14,2018-09-17,1.1102552,-0.5908216,0.50569785
15,2018-09-17,1.1102552,1.3322095,-0.6803175
16,2018-09-17,1.1102552,0.2802778,0.74818766
17,2018-09-17,1.1102552,1.3820338,1.006781
18,2018-09-17,1.1102552,-1.0638378,0.1810038
19,2018-09-17,1.1102552,-0.45083272,0.096857145
20,2018-09-17,1.1102552,1.5234114,1.2299901
21,2018-09-17,1.1102552,-2.2266061,-1.5970412
22,2018-09-17,1.1102552,-1.0631868,-0.6206928
23,2018-09-17,1.1102552,-0.5512613,-0.34107932
0,2018-09-18,1.174172,-1.2209755,-1.240815
1,2018-09-18,1.174172,-0.5432879,0.15720932
2,2018-09-18,1.174172,-2.5772223,-1.301146
3,2018-09-18,1.174172,0.009043291,0.5779466
4,2018-09-18,1.174172,1.6239551,1.7235729
5,2018-09-18,1.174172,1.0617801,0.61285245
6,2018-09-18,1.174172,1.3196924,2.215622
7,2018-09-18,1.174172,-0.9950368,-0.3691924
8,2018-09-18,1.174172,-0.9773397,-0.1318591
9,2018-09-18,1.174172,0.59019214,0.4075034
10,2018-09-18,1.174172,0.3361969,0.62817717
11,2018-09-18,1.174172,-0.53934383,-0.17414099
12,2018-09-18,1.174172,0.47754788,0.80147487
13,2018-09-18,1.174172,-0.48930204,-0.31048766
14,2018-09-18,1.174172,-0.7191907,0.07307974
15,2018-09-18,1.174172,1.3731846,0.8347479
16,2018-09-18,1.174172,0.29120478,0.7681225
17,2018-09-18,1.174172,1.3483064,0.6799393
18,2018-09-18,1.174172,-1.0098404,-0.12090842
19,2018-09-18,1.174172,-0.52797735,0.106331475
20,2018-09-18,1.174172,1.6343904,0.09292941
21,2018-09-18,1.174172,-2.2127202,-1.8427567
22,2018-09-18,1.174172,-1.0294423,-0.5725974
23,2018-09-18,1.174172,-0.68776816,-0.9169612
0,2018-09-19,1.1600369,-1.1471009,-0.65094405
1,2018-09-19,1.1600369,-0.5227097,0.11426252
2,2018-09-19,1.1600369,-2.7724314,-1.5748655
3,2018-09-19,1.1600369,0.05049553,0.6696547
4,2018-09-19,1.1600369,1.6752229,1.5910867
5,2018-09-19,1.1600369,1.0128325,0.7542745
6,2018-09-19,1.1600369,1.3739746,2.240315
7,2018-09-19,1.1600369,-1.0328441,-0.75040144
8,2018-09-19,1.1600369,-0.92405117,-0.0028717762
9,2018-09-19,1.1600369,0.97025305,1.1081927
10,2018-09-19,1.1600369,0.1453932,-0.29781052
11,2018-09-19,1.1600369,-0.49841276,-0.02123185
12,2018-09-19,1.1600369,0.51301086,0.78422546
13,2018-09-19,1.1600369,-0.44864622,-0.37203023
14,2018-09-19,1.1600369,-0.665293,0.43340328
15,2018-09-19,1.1600369,1.4582187,0.07228211
16,2018-09-19,1.1600369,0.38808528,0.93812877
17,2018-09-19,1.1600369,1.3510797,0.78096664
18,2018-09-19,1.1600369,-0.9705306,0.09175358
19,2018-09-19,1.1600369,-0.4129286,0.2794631
20,2018-09-19,1.1600369,1.3537089,0.30837208
21,2018-09-19,1.1600369,-2.2554932,-1.4576664
22,2018-09-19,1.1600369,-0.9860054,-0.39958155
23,2018-09-19,1.1600369,-0.5506016,-0.5156482
0,2018-09-20,1.1216053,-1.1466908,-0.91998833
1,2018-09-20,1.1216053,-0.5745123,0.027078584
2,2018-09-20,1.1216053,-2.6905432,-1.5129195
3,2018-09-20,1.1216053,0.0057208724,0.51525986
4,2018-09-20,1.1216053,1.6508465,1.5923641
5,2018-09-20,1.1216053,0.94712645,0.6657745
6,2018-09-20,1.1216053,1.427749,2.2776093
7,2018-09-20,1.1216053,-1.1736606,-0.35547984
8,2018-09-20,1.1216053,-1.0627656,-0.19163899
9,2018-09-20,1.1216053,1.1268462,1.0779191
10,2018-09-20,1.1216053,0.13714129,-0.024482017
11,2018-09-20,1.1216053,-0.54532987,0.007342649
12,2018-09-20,1.1216053,0.40438998,0.529406
13,2018-09-20,1.1216053,-0.49380258,-0.3401745
14,2018-09-20,1.1216053,-1.1690458,0.3157665
15,2018-09-20,1.1216053,1.341401,-0.07124188
16,2018-09-20,1.1216053,0.37110478,0.7015446
17,2018-09-20,1.1216053,1.3389066,0.56571347
18,2018-09-20,1.1216053,-1.0315169,-0.1140644
19,2018-09-20,1.1216053,-0.45891947,0.023491835
20,2018-09-20,1.1216053,1.1556313,0.9487981
21,2018-09-20,1.1216053,-2.3109329,-1.8119915
22,2018-09-20,1.1216053,-0.99152124,-0.548404
23,2018-09-20,1.1216053,-0.5075781,-0.4706894
0,2018-09-21,0.60968786,-1.197196,-1.4589537
1,2018-09-21,0.60968786,-0.5422772,0.07454804
2,2018-09-21,0.60968786,-2.4845762,-0.942475
3,2018-09-21,0.60968786,-0.03163317,0.46726412
4,2018-09-21,0.60968786,1.5585968,1.6726
5,2018-09-21,0.60968786,0.99448305,0.37215585
6,2018-09-21,0.60968786,1.2971952,2.1028514
7,2018-09-21,0.60968786,-1.0480729,-0.64362174
8,2018-09-21,0.60968786,-0.8103742,-0.41645148
9,2018-09-21,0.60968786,1.2228013,1.2205294
10,2018-09-21,0.60968786,0.11491613,-0.15049842
11,2018-09-21,0.60968786,-0.3932024,0.02990855
12,2018-09-21,0.60968786,0.49683413,0.6438348
13,2018-09-21,0.60968786,-0.43055645,0.011377021
14,2018-09-21,0.60968786,-1.1468703,0.37896842
15,2018-09-21,0.60968786,1.215501,0.68848604
16,2018-09-21,0.60968786,0.5029913,0.8098934
17,2018-09-21,0.60968786,0.924198,1.2322463
18,2018-09-21,0.60968786,-0.92362314,-0.37419355
19,2018-09-21,0.60968786,-0.41701216,0.19785376
20,2018-09-21,0.60968786,1.0635859,1.1342508
21,2018-09-21,0.60968786,-2.1986685,-1.6024638
22,2018-09-21,0.60968786,-0.7199482,-0.11513552
23,2018-09-21,0.60968786,-0.57338375,-0.7085066
0,2018-09-22,0.8837243,-1.1657716,-1.6124418
1,2018-09-22,0.8837243,-0.4774419,0.100490116
2,2018-09-22,0.8837243,-2.2140808,-1.4314976
3,2018-09-22,0.8837243,-0.19629978,0.41980156
4,2018-09-22,0.8837243,0.58731383,-2.5260932
5,2018-09-22,0.8837243,0.73970467,-0.19199897
6,2018-09-22,0.8837243,-0.07634176,-1.790487
7,2018-09-22,0.8837243,-1.0491502,-1.0742693
8,2018-09-22,0.8837243,-0.7908792,-0.31690493
9,2018-09-22,0.8837243,1.0481372,0.93881196
10,2018-09-22,0.8837243,-0.7000999,-1.4349419
11,2018-09-22,0.8837243,-0.46299475,-0.13740109
12,2018-09-22,0.8837243,0.5116387,0.82336706
13,2018-09-22,0.8837243,-0.8709847,-1.279229
14,2018-09-22,0.8837243,-0.50875485,0.6544267
15,2018-09-22,0.8837243,1.3457776,0.080713905
16,2018-09-22,0.8837243,0.42255685,0.7516091
17,2018-09-22,0.8837243,0.3744818,0.880032
18,2018-09-22,0.8837243,-0.8168406,0.10349959
19,2018-09-22,0.8837243,-0.24914835,0.13117404
20,2018-09-22,0.8837243,1.0003003,0.24241635
21,2018-09-22,0.8837243,-2.2496424,-1.6091862
22,2018-09-22,0.8837243,-1.1795975,-0.7924294
23,2018-09-22,0.8837243,-0.49868068,-0.29179943
0,2018-09-23,0.57010597,-1.1541932,-0.96961707
1,2018-09-23,0.57010597,-0.4629998,0.35497928
2,2018-09-23,0.57010597,-2.3578954,-1.2042806
3,2018-09-23,0.57010597,-0.22731131,0.0377554
4,2018-09-23,0.57010597,0.726015,-1.2379719
5,2018-09-23,0.57010597,0.736485,-0.5760017
6,2018-09-23,0.57010597,-0.10551041,-1.8525633
7,2018-09-23,0.57010597,-0.96137816,-0.09756368
8,2018-09-23,0.57010597,-0.7931941,-0.014690668
9,2018-09-23,0.57010597,0.65841687,0.21325596
10,2018-09-23,0.57010597,-0.677822,-0.9544423
11,2018-09-23,0.57010597,-0.43187493,0.14627014
12,2018-09-23,0.57010597,0.39177468,0.80834496
13,2018-09-23,0.57010597,-0.7044619,-0.55094355
14,2018-09-23,0.57010597,-0.41310295,-0.17513923
15,2018-09-23,0.57010597,1.3623976,-0.11665407
16,2018-09-23,0.57010597,0.34744552,0.9046314
17,2018-09-23,0.57010597,0.63434196,1.0265808
18,2018-09-23,0.57010597,-0.8851208,-0.3201108
19,2018-09-23,0.57010597,-0.36246613,0.32952395
20,2018-09-23,0.57010597,0.73500043,0.019214666
21,2018-09-23,0.57010597,-2.249058,-1.4452881
22,2018-09-23,0.57010597,-1.1135254,-0.6032226
23,2018-09-23,0.57010597,-0.64098495,-0.3685576
0,2018-09-24,-0.020107895,-1.2960207,-1.2523186
1,2018-09-24,-0.020107895,-0.44569725,0.3291682
2,2018-09-24,-0.020107895,-2.130698,-0.65846604
3,2018-09-24,-0.020107895,-0.23073605,0.49928594
4,2018-09-24,-0.020107895,1.4288267,1.1897527
5,2018-09-24,-0.020107895,1.0727333,0.7276234
6,2018-09-24,-0.020107895,1.2819461,1.9456347
7,2018-09-24,-0.020107895,-0.9624379,-0.6226824
8,2018-09-24,-0.020107895,-0.7739372,0.29389295
9,2018-09-24,-0.020107895,0.9070156,0.440866
10,2018-09-24,-0.020107895,0.14820959,0.21528043
11,2018-09-24,-0.020107895,-0.32766837,0.12177317
12,2018-09-24,-0.020107895,0.45306098,0.84203
13,2018-09-24,-0.020107895,-0.53329355,-0.3510826
14,2018-09-24,-0.020107895,-0.82171226,0.41357952
15,2018-09-24,-0.020107895,1.566645,0.12649624
16,2018-09-24,-0.020107895,0.289589,0.83188456
17,2018-09-24,-0.020107895,1.3444927,0.6830451
18,2018-09-24,-0.020107895,-0.928849,0.15267593
19,2018-09-24,-0.020107895,-0.35598093,0.26857954
20,2018-09-24,-0.020107895,1.3145853,1.4320931
21,2018-09-24,-0.020107895,-2.2436101,-1.617293
22,2018-09-24,-0.020107895,-0.5533584,-0.117166705
23,2018-09-24,-0.020107895,-0.6590358,-0.97504205
0,2018-09-25,0.10847698,-1.2947485,-1.5229659
1,2018-09-25,0.10847698,-0.50927144,0.21268366
2,2018-09-25,0.10847698,-2.3949344,-0.8204807
3,2018-09-25,0.10847698,-0.3003738,0.33768362
4,2018-09-25,0.10847698,1.2660267,1.3482969
5,2018-09-25,0.10847698,1.0230764,0.4895803
6,2018-09-25,0.10847698,1.3710747,2.0580678
7,2018-09-25,0.10847698,-0.70032793,-0.4638141
8,2018-09-25,0.10847698,-0.71443784,0.16145869
9,2018-09-25,0.10847698,0.9526514,0.77835035
10,2018-09-25,0.10847698,0.18719089,0.008197048
11,2018-09-25,0.10847698,-0.36752087,-0.098729916
12,2018-09-25,0.10847698,0.4491449,0.8637729
13,2018-09-25,0.10847698,-0.52329236,-0.8558133
14,2018-09-25,0.10847698,-0.30815682,-0.13279386
15,2018-09-25,0.10847698,1.5243088,0.3020198
16,2018-09-25,0.10847698,0.24224752,0.7253776
17,2018-09-25,0.10847698,1.3922658,0.9605595
18,2018-09-25,0.10847698,-0.9114267,0.034663074
19,2018-09-25,0.10847698,-0.33236846,0.19016169
20,2018-09-25,0.10847698,1.1928716,0.858981
21,2018-09-25,0.10847698,-2.0710325,-1.2596977
22,2018-09-25,0.10847698,-0.76513296,-0.08579791
23,2018-09-25,0.10847698,-0.65697134,-0.7089277
0,2018-09-26,0.43113795,-1.2328315,-1.4868817
1,2018-09-26,0.43113795,-0.50941133,0.16609085
2,2018-09-26,0.43113795,-2.2970536,-0.45512438
3,2018-09-26,0.43113795,-0.27470785,0.4065299
4,2018-09-26,0.43113795,1.2680651,1.3751819
5,2018-09-26,0.43113795,1.0667977,0.7947525
6,2018-09-26,0.43113795,1.4583389,2.0535352
7,2018-09-26,0.43113795,-0.89475864,-0.9701326
8,2018-09-26,0.43113795,-0.64539146,0.21938959
9,2018-09-26,0.43113795,0.8511901,0.69225305
10,2018-09-26,0.43113795,0.13687153,-0.036817383
11,2018-09-26,0.43113795,-0.3107677,0.24528468
12,2018-09-26,0.43113795,0.49870822,0.8561073
13,2018-09-26,0.43113795,-0.5415588,-0.62978184
14,2018-09-26,0.43113795,-0.23677759,0.04706729
15,2018-09-26,0.43113795,1.5446333,0.1428819
16,2018-09-26,0.43113795,0.31445345,0.7860367
17,2018-09-26,0.43113795,1.4031281,1.2174648
18,2018-09-26,0.43113795,-0.8567692,0.21419685
19,2018-09-26,0.43113795,-0.22563542,0.2351694
20,2018-09-26,0.43113795,1.2752614,0.9331248
21,2018-09-26,0.43113795,-2.095626,-1.6065853
22,2018-09-26,0.43113795,-0.73248404,-0.08051157
23,2018-09-26,0.43113795,-0.7304724,-0.9506109
0,2018-09-27,0.61004394,-1.2546346,-1.6087823
1,2018-09-27,0.61004394,-0.5577245,0.03386218
2,2018-09-27,0.61004394,-2.5112987,-0.92028177
3,2018-09-27,0.61004394,-0.31707487,0.44660226
4,2018-09-27,0.61004394,1.4036893,1.4205745
5,2018-09-27,0.61004394,0.98528653,0.5322467
6,2018-09-27,0.61004394,1.5124578,2.3139627
7,2018-09-27,0.61004394,-1.031949,-0.47331625
8,2018-09-27,0.61004394,-0.7181158,0.10353277
9,2018-09-27,0.61004394,0.5553875,0.6412273
10,2018-09-27,0.61004394,0.15502739,0.024490647
11,2018-09-27,0.61004394,-0.42093325,-0.12278388
12,2018-09-27,0.61004394,0.50105345,0.760145
13,2018-09-27,0.61004394,-0.42779785,-0.5479696
14,2018-09-27,0.61004394,-0.23823786,-0.01607765
15,2018-09-27,0.61004394,1.538494,0.092099175
16,2018-09-27,0.61004394,0.3864346,0.79321396
17,2018-09-27,0.61004394,1.4031506,0.767798
18,2018-09-27,0.61004394,-0.90122825,0.045077145
19,2018-09-27,0.61004394,-0.3145755,0.0965921
20,2018-09-27,0.61004394,1.217826,0.5243518
21,2018-09-27,0.61004394,-2.2557855,-1.8988664
22,2018-09-27,0.61004394,-0.8508286,-0.22672284
23,2018-09-27,0.61004394,-0.84669507,-1.0809908
0,2018-09-28,0.5772981,-1.279989,-1.4521258
1,2018-09-28,0.5772981,-0.5952299,0.2184393
2,2018-09-28,0.5772981,-2.7365773,-0.901251
3,2018-09-28,0.5772981,-0.35113496,0.39503455
4,2018-09-28,0.5772981,1.3410656,1.3040088
5,2018-09-28,0.5772981,1.0082457,0.4395519
6,2018-09-28,0.5772981,1.2549777,2.0464878
7,2018-09-28,0.5772981,-1.0673304,-0.7507461
8,2018-09-28,0.5772981,-0.7462623,0.124843255
9,2018-09-28,0.5772981,0.6576347,0.9340261
10,2018-09-28,0.5772981,0.37348166,0.4526519
11,2018-09-28,0.5772981,-0.43411648,-0.27504402
12,2018-09-28,0.5772981,0.47452685,0.63479376
13,2018-09-28,0.5772981,-0.44983947,-0.69017255
14,2018-09-28,0.5772981,-0.23776808,-0.06887948
15,2018-09-28,0.5772981,1.508117,-0.087422326
16,2018-09-28,0.5772981,0.43447524,0.88951343
17,2018-09-28,0.5772981,0.92945,1.126981
18,2018-09-28,0.5772981,-0.8744989,0.2894967
19,2018-09-28,0.5772981,-0.3202161,0.06467269
20,2018-09-28,0.5772981,0.9153854,0.8648914
21,2018-09-28,0.5772981,-2.102923,-1.523847
22,2018-09-28,0.5772981,-0.92139673,-0.3003325
23,2018-09-28,0.5772981,-0.6372634,-0.14579375
0,2018-09-29,0.33068293,-1.4437684,-1.7024678
1,2018-09-29,0.33068293,-0.41451642,0.23394677
2,2018-09-29,0.33068293,-2.342929,-1.4471493
3,2018-09-29,0.33068293,-0.483917,0.24814494
4,2018-09-29,0.33068293,0.7151398,-2.2484276
5,2018-09-29,0.33068293,0.7383559,0.02705346
6,2018-09-29,0.33068293,-0.36710703,-1.2752535
7,2018-09-29,0.33068293,-1.3042346,-1.3643456
8,2018-09-29,0.33068293,-0.5894201,-0.18684037
9,2018-09-29,0.33068293,0.44612893,0.47650123
10,2018-09-29,0.33068293,-0.25497198,-1.4051507
11,2018-09-29,0.33068293,-0.32542038,0.0792293
12,2018-09-29,0.33068293,0.6123054,0.9536694
13,2018-09-29,0.33068293,-0.9072267,-1.8156142
14,2018-09-29,0.33068293,-0.17370762,0.14233302
15,2018-09-29,0.33068293,1.326256,-0.007759396
16,2018-09-29,0.33068293,0.4693978,0.8473734
17,2018-09-29,0.33068293,0.38927624,1.1359396
18,2018-09-29,0.33068293,-0.8807065,-0.2893747
19,2018-09-29,0.33068293,-0.24076569,0.35310382
20,2018-09-29,0.33068293,0.9732851,0.9911629
21,2018-09-29,0.33068293,-1.8528442,-1.0068328
22,2018-09-29,0.33068293,-1.1923091,-0.3368827
23,2018-09-29,0.33068293,-0.80956674,-0.98977494
0,2018-09-30,0.14924058,-1.2786158,-0.9213611
1,2018-09-30,0.14924058,-0.4083799,0.45433557
2,2018-09-30,0.14924058,-2.1877778,-1.0945112
3,2018-09-30,0.14924058,-0.61854464,-0.30028376
4,2018-09-30,0.14924058,0.46939552,-0.5266332
5,2018-09-30,0.14924058,0.7165863,-0.3012264
6,2018-09-30,0.14924058,-0.43670672,-1.9862727
7,2018-09-30,0.14924058,-1.1032168,-0.44885898
8,2018-09-30,0.14924058,-0.5938302,-0.056073092
9,2018-09-30,0.14924058,0.0035678607,-0.45473582
10,2018-09-30,0.14924058,-0.31083697,-1.0302972
11,2018-09-30,0.14924058,-0.3364295,0.4770758
12,2018-09-30,0.14924058,0.55351895,0.95396596
13,2018-09-30,0.14924058,-0.8239919,-0.8932812
14,2018-09-30,0.14924058,-0.06589647,0.25113103
15,2018-09-30,0.14924058,1.29253,0.088063456
16,2018-09-30,0.14924058,0.48099598,0.93419224
17,2018-09-30,0.14924058,0.58262014,1.1309866
18,2018-09-30,0.14924058,-0.883706,-0.20842318
19,2018-09-30,0.14924058,-0.21203654,0.46335557
20,2018-09-30,0.14924058,0.86413664,-0.38179415
21,2018-09-30,0.14924058,-1.8985057,-1.0266997
22,2018-09-30,0.14924058,-0.99578,-0.4650582
23,2018-09-30,0.14924058,-0.70971984,-0.65756714
0,2018-10-01,-0.34412646,-1.4333056,-1.1501433
1,2018-10-01,-0.34412646,-0.38454354,0.40086517
2,2018-10-01,-0.34412646,-1.6680871,-1.1121502
3,2018-10-01,-0.34412646,-0.3012037,0.45615387
4,2018-10-01,-0.34412646,1.253017,1.1284374
5,2018-10-01,-0.34412646,1.0586436,0.7497484
6,2018-10-01,-0.34412646,1.3549191,2.4061382
7,2018-10-01,-0.34412646,-0.792773,-0.11122485
8,2018-10-01,-0.34412646,-0.18355054,0.3696243
9,2018-10-01,-0.34412646,0.47979447,0.5884997
10,2018-10-01,-0.34412646,0.7605361,1.0539742
11,2018-10-01,-0.34412646,-0.20686758,0.41265857
12,2018-10-01,-0.34412646,0.6497732,1.0599996
13,2018-10-01,-0.34412646,-0.44228217,-0.27966833
14,2018-10-01,-0.34412646,-0.1491753,0.082212314
15,2018-10-01,-0.34412646,1.5331966,0.71020675
16,2018-10-01,-0.34412646,0.5857508,1.0529231
17,2018-10-01,-0.34412646,1.4979404,1.3884277
18,2018-10-01,-0.34412646,-0.51890147,-0.1556668
19,2018-10-01,-0.34412646,-0.09430172,0.558861
20,2018-10-01,-0.34412646,1.2008308,1.1676369
21,2018-10-01,-0.34412646,-1.6967648,-0.76701915
22,2018-10-01,-0.34412646,-0.41522294,-0.16118252
23,2018-10-01,-0.34412646,-0.49541837,-0.3819796
0,2018-10-02,0.01270077,-1.4937886,-1.1736382
1,2018-10-02,0.01270077,-0.38809353,0.4493601
2,2018-10-02,0.01270077,-2.0171323,-1.2104081
3,2018-10-02,0.01270077,-0.30941433,0.2748344
4,2018-10-02,0.01270077,1.2313331,1.3641992
5,2018-10-02,0.01270077,1.0075929,0.48618805
6,2018-10-02,0.01270077,1.3274901,2.3075364
7,2018-10-02,0.01270077,-0.86437196,-1.2008232
8,2018-10-02,0.01270077,-0.29087952,0.058645684
9,2018-10-02,0.01270077,0.4954968,-0.32343423
10,2018-10-02,0.01270077,0.8023145,0.54175
11,2018-10-02,0.01270077,-0.30166936,0.17161827
12,2018-10-02,0.01270077,0.6378979,0.9078683
13,2018-10-02,0.01270077,-0.609895,-0.80192006
14,2018-10-02,0.01270077,-0.15552378,-0.030894896
15,2018-10-02,0.01270077,1.5442928,0.5466808
16,2018-10-02,0.01270077,0.5431269,0.74210733
17,2018-10-02,0.01270077,1.536836,1.1987789
18,2018-10-02,0.01270077,-0.59127074,0.22862285
19,2018-10-02,0.01270077,-0.020435488,0.43985912
20,2018-10-02,0.01270077,1.4126558,1.302651
21,2018-10-02,0.01270077,-1.8693861,-1.2596635
22,2018-10-02,0.01270077,-0.72657144,-0.17477292
23,2018-10-02,0.01270077,-0.3011936,-0.6784198
0,2018-10-03,0.31272924,-1.5558947,-1.3500282
1,2018-10-03,0.31272924,-0.38276902,0.30584973
2,2018-10-03,0.31272924,-2.2620132,-1.0316507
3,2018-10-03,0.31272924,-0.20759289,0.56646484
4,2018-10-03,0.31272924,1.2730927,1.3075396
5,2018-10-03,0.31272924,1.0539476,0.57312936
6,2018-10-03,0.31272924,1.2803491,2.3188605
7,2018-10-03,0.31272924,-0.9598936,-0.4288601
8,2018-10-03,0.31272924,-0.48923504,-0.0022087784
9,2018-10-03,0.31272924,0.57787186,0.24880026
10,2018-10-03,0.31272924,0.7864034,0.77631396
11,2018-10-03,0.31272924,-0.2939285,0.16143587
12,2018-10-03,0.31272924,0.5975972,0.84986436
13,2018-10-03,0.31272924,-0.55762863,-0.40754387
14,2018-10-03,0.31272924,-0.2645901,0.0077879718
15,2018-10-03,0.31272924,1.5261025,0.45194134
16,2018-10-03,0.31272924,0.3928372,0.8681897
17,2018-10-03,0.31272924,1.52459,0.94910574
18,2018-10-03,0.31272924,-0.7076843,0.21546377
19,2018-10-03,0.31272924,-0.091472484,0.36107898
20,2018-10-03,0.31272924,1.2393341,0.6787852
21,2018-10-03,0.31272924,-2.0320058,-1.4850107
22,2018-10-03,0.31272924,-0.68038607,-0.33833358
23,2018-10-03,0.31272924,-0.47895584,-1.3160748
0,2018-10-04,0.38529137,-1.544608,-1.4952185
1,2018-10-04,0.38529137,-0.35585478,0.2968909
2,2018-10-04,0.38529137,-2.592911,-0.8303338
3,2018-10-04,0.38529137,-0.22393522,0.60415506
4,2018-10-04,0.38529137,1.3724258,1.1306099
5,2018-10-04,0.38529137,1.0664991,0.7711312
6,2018-10-04,0.38529137,1.3348259,2.2000887
7,2018-10-04,0.38529137,-1.1118678,-1.0905057
8,2018-10-04,0.38529137,-0.71463424,0.18198708
9,2018-10-04,0.38529137,0.60351855,0.085598454
10,2018-10-04,0.38529137,0.666099,0.6674097
11,2018-10-04,0.38529137,-0.4037032,0.22400086
12,2018-10-04,0.38529137,0.5129384,0.6904445
13,2018-10-04,0.38529137,-0.44910085,-0.4578763
14,2018-10-04,0.38529137,-0.2837305,0.007983591
15,2018-10-04,0.38529137,1.565032,0.30270103
16,2018-10-04,0.38529137,0.3974107,0.6861321
17,2018-10-04,0.38529137,1.4861574,0.9236637
18,2018-10-04,0.38529137,-0.8186729,0.36916554
19,2018-10-04,0.38529137,-0.07015891,0.44817832
20,2018-10-04,0.38529137,1.3568497,0.525056
21,2018-10-04,0.38529137,-2.104192,-1.6530178
22,2018-10-04,0.38529137,-0.7976777,-0.1580668
23,2018-10-04,0.38529137,-0.64463496,-0.9595735
0,2018-10-05,0.4951698,-1.6081455,-1.4276314
1,2018-10-05,0.4951698,-0.3322914,0.29322535
2,2018-10-05,0.4951698,-2.4571674,-0.7702091
3,2018-10-05,0.4951698,-0.32995808,0.36202332
4,2018-10-05,0.4951698,1.3411298,1.1633306
5,2018-10-05,0.4951698,1.0160439,0.60025454
6,2018-10-05,0.4951698,1.290327,2.2162216
7,2018-10-05,0.4951698,-1.1545913,-0.9402315
8,2018-10-05,0.4951698,-0.6165692,0.09842633
9,2018-10-05,0.4951698,0.36760068,-0.46811834
10,2018-10-05,0.4951698,0.80683476,0.5327438
11,2018-10-05,0.4951698,-0.43679297,-0.091062196
12,2018-10-05,0.4951698,0.5341391,0.63668513
13,2018-10-05,0.4951698,-0.53494835,-0.46683183
14,2018-10-05,0.4951698,-0.26934803,-0.10750136
15,2018-10-05,0.4951698,1.5315367,0.15525045
16,2018-10-05,0.4951698,0.37580442,0.5692707
17,2018-10-05,0.4951698,1.3501846,1.9120594
18,2018-10-05,0.4951698,-0.8212191,0.11071202
19,2018-10-05,0.4951698,-0.17076965,0.09206638
20,2018-10-05,0.4951698,1.2612363,0.8486818
21,2018-10-05,0.4951698,-2.1102173,-1.3510497
22,2018-10-05,0.4951698,-0.7646219,-0.41210085
23,2018-10-05,0.4951698,-0.6075328,-0.81101614
0,2018-10-06,0.3918488,-1.5959468,-1.4930162
1,2018-10-06,0.3918488,-0.372638,0.2837859
2,2018-10-06,0.3918488,-2.2919796,-1.6625077
3,2018-10-06,0.3918488,-0.45996687,-0.009360794
4,2018-10-06,0.3918488,0.6277976,-2.1825867
5,2018-10-06,0.3918488,0.72570115,0.031438798
6,2018-10-06,0.3918488,-0.38212582,-2.3342073
7,2018-10-06,0.3918488,-1.1320992,-0.60328937
8,2018-10-06,0.3918488,-0.5346011,-0.26715153
9,2018-10-06,0.3918488,0.110238045,-0.75734955
10,2018-10-06,0.3918488,0.25231937,-0.052631907
11,2018-10-06,0.3918488,-0.36285195,0.10863845
12,2018-10-06,0.3918488,0.5088911,0.78621465
13,2018-10-06,0.3918488,-0.826383,-0.9715307
14,2018-10-06,0.3918488,-0.059763618,0.15524814
15,2018-10-06,0.3918488,1.3123717,-0.15643816
16,2018-10-06,0.3918488,0.51043576,0.5610704
17,2018-10-06,0.3918488,0.5767025,1.2233287
18,2018-10-06,0.3918488,-0.59397334,0.06063928
19,2018-10-06,0.3918488,-0.14327139,0.2726005
20,2018-10-06,0.3918488,1.1650614,0.9616139
21,2018-10-06,0.3918488,-2.0987628,-1.442767
22,2018-10-06,0.3918488,-1.0426164,-0.50493246
23,2018-10-06,0.3918488,-0.5733993,-1.0558317
0,2018-10-07,0.3805956,-1.2900916,-1.2432224
1,2018-10-07,0.3805956,-0.27462298,0.6016776
2,2018-10-07,0.3805956,-1.9216437,-0.86101276
3,2018-10-07,0.3805956,-0.5298909,-0.05484145
4,2018-10-07,0.3805956,0.62678325,-3.4353888
5,2018-10-07,0.3805956,0.7007041,-0.23227385
6,2018-10-07,0.3805956,-0.2759456,-1.7833632
7,2018-10-07,0.3805956,-0.99647593,-0.49458647
8,2018-10-07,0.3805956,-0.24643381,0.18419355
9,2018-10-07,0.3805956,-0.11959422,-1.8218361
10,2018-10-07,0.3805956,0.108591974,-0.73615587
11,2018-10-07,0.3805956,-0.056565985,0.77622265
12,2018-10-07,0.3805956,0.6550899,1.216143
13,2018-10-07,0.3805956,-0.6402427,-0.48254165
14,2018-10-07,0.3805956,-0.04508341,0.42620063
15,2018-10-07,0.3805956,1.3416038,0.22475456
16,2018-10-07,0.3805956,0.67573917,0.95045364
17,2018-10-07,0.3805956,0.7051147,1.1102861
18,2018-10-07,0.3805956,-0.57489264,-0.4981822
19,2018-10-07,0.3805956,0.005252926,0.72168577
20,2018-10-07,0.3805956,0.887567,0.8510473
21,2018-10-07,0.3805956,-1.8000121,-1.2671304
22,2018-10-07,0.3805956,-0.9518765,-0.0872641
23,2018-10-07,0.3805956,-0.47638166,-0.4772392
0,2018-10-08,0.45697498,-1.5144305,-1.31597
1,2018-10-08,0.45697498,-0.31701937,0.3780492
2,2018-10-08,0.45697498,-2.25861,-0.9164965
3,2018-10-08,0.45697498,-0.34552097,0.5819361
4,2018-10-08,0.45697498,1.4538966,1.4437758
5,2018-10-08,0.45697498,1.0472399,0.74564767
6,2018-10-08,0.45697498,1.3862715,2.2965615
7,2018-10-08,0.45697498,-1.0259098,-1.2079388
8,2018-10-08,0.45697498,-0.55912375,0.16029169
9,2018-10-08,0.45697498,0.15366805,-0.3584684
10,2018-10-08,0.45697498,0.6979276,0.387255
11,2018-10-08,0.45697498,-0.29525435,0.29989293
12,2018-10-08,0.45697498,0.55853975,0.86003006
13,2018-10-08,0.45697498,-0.2861051,-0.18834971
14,2018-10-08,0.45697498,-0.28165317,0.044664618
15,2018-10-08,0.45697498,1.4915943,0.71918565
16,2018-10-08,0.45697498,0.5570886,0.9432494
17,2018-10-08,0.45697498,1.4222873,0.93316007
18,2018-10-08,0.45697498,-0.7117224,0.058661025
19,2018-10-08,0.45697498,-0.13264579,0.4006481
20,2018-10-08,0.45697498,1.1998298,1.110815
21,2018-10-08,0.45697498,-1.9056538,-1.2304691
22,2018-10-08,0.45697498,-0.5261505,0.0106816115
23,2018-10-08,0.45697498,-0.63285327,-1.0161186
0,2018-10-09,0.4894306,-1.4840158,-1.2169853
1,2018-10-09,0.4894306,-0.398637,0.48124844
2,2018-10-09,0.4894306,-2.4786348,-0.7956558
3,2018-10-09,0.4894306,-0.28723964,0.586995
4,2018-10-09,0.4894306,1.4536586,1.4708021
5,2018-10-09,0.4894306,1.1022061,0.8327365
6,2018-10-09,0.4894306,1.4075989,2.3399596
7,2018-10-09,0.4894306,-0.92732865,-0.66276586
8,2018-10-09,0.4894306,-0.6399959,0.25588477
9,2018-10-09,0.4894306,0.1157878,-0.038600594
10,2018-10-09,0.4894306,0.8730923,0.8967874
11,2018-10-09,0.4894306,-0.33883896,0.28376558
12,2018-10-09,0.4894306,0.5155529,0.8495985
13,2018-10-09,0.4894306,-0.4054956,-0.3994452
14,2018-10-09,0.4894306,-0.23375292,0.12817666
15,2018-10-09,0.4894306,1.5851331,0.3632097
16,2018-10-09,0.4894306,0.40638104,0.471156
17,2018-10-09,0.4894306,1.4601611,1.4135622
18,2018-10-09,0.4894306,-0.70913815,0.18834856
19,2018-10-09,0.4894306,-0.18031621,0.276725
20,2018-10-09,0.4894306,1.2774143,0.76598066
21,2018-10-09,0.4894306,-1.9455315,-1.2872894
22,2018-10-09,0.4894306,-0.63919395,0.04773355
23,2018-10-09,0.4894306,-0.7558176,-0.9650524
0,2018-10-10,0.56192845,-1.5401226,-1.2799157
1,2018-10-10,0.56192845,-0.4377252,0.31015337
2,2018-10-10,0.56192845,-2.3388171,-0.7848489
3,2018-10-10,0.56192845,-0.22108167,0.55565244
4,2018-10-10,0.56192845,1.3896205,1.2286443
5,2018-10-10,0.56192845,1.0733985,0.7782928
6,2018-10-10,0.56192845,1.3530643,2.2679944
7,2018-10-10,0.56192845,-0.8865889,-1.3278524
8,2018-10-10,0.56192845,-0.46175835,0.10267377
9,2018-10-10,0.56192845,0.1339299,-0.17133921
10,2018-10-10,0.56192845,0.9192483,0.8261487
11,2018-10-10,0.56192845,-0.2763484,0.468033
12,2018-10-10,0.56192845,0.5646464,0.9692128
13,2018-10-10,0.56192845,-0.38164642,-0.28971338
14,2018-10-10,0.56192845,-0.1792225,0.038496837
15,2018-10-10,0.56192845,1.5825988,0.31538504
16,2018-10-10,0.56192845,0.43526894,0.62022233
17,2018-10-10,0.56192845,1.536669,1.0635602
18,2018-10-10,0.56192845,-0.78935283,0.18949965
19,2018-10-10,0.56192845,-0.16964015,0.23357625
20,2018-10-10,0.56192845,1.303646,0.962388
21,2018-10-10,0.56192845,-1.969272,-1.0437138
22,2018-10-10,0.56192845,-0.60403556,-0.021017628
23,2018-10-10,0.56192845,-0.7993458,-1.0801634
0,2018-10-11,0.55606425,-1.3993341,-1.3500559
1,2018-10-11,0.55606425,-0.40530246,0.28356576
2,2018-10-11,0.55606425,-2.2426054,-1.5092983
3,2018-10-11,0.55606425,-0.10472132,0.666669
4,2018-10-11,0.55606425,1.4123935,1.4400345
5,2018-10-11,0.55606425,1.0911653,0.92120576
6,2018-10-11,0.55606425,1.4228594,2.3537502
7,2018-10-11,0.55606425,-0.89286345,-0.5117103
8,2018-10-11,0.55606425,-0.6395334,0.12369025
9,2018-10-11,0.55606425,0.050104197,-0.13539906
10,2018-10-11,0.55606425,1.001172,0.8110334
11,2018-10-11,0.55606425,-0.32696873,0.3512575
12,2018-10-11,0.55606425,0.5050099,0.7575245
13,2018-10-11,0.55606425,-0.2836314,-0.10868524
14,2018-10-11,0.55606425,-0.23467138,-0.27472967
15,2018-10-11,0.55606425,1.5757618,0.12641646
16,2018-10-11,0.55606425,0.41430172,0.59375995
17,2018-10-11,0.55606425,1.4743693,1.1522378
18,2018-10-11,0.55606425,-0.7350064,-0.044238474
19,2018-10-11,0.55606425,-0.1808837,0.27522066
20,2018-10-11,0.55606425,1.3176756,0.81893414
21,2018-10-11,0.55606425,-2.203007,-1.7698346
22,2018-10-11,0.55606425,-0.48746833,0.27159747
23,2018-10-11,0.55606425,-0.87528294,-0.91854113
0,2018-10-12,0.541836,-1.5045018,-1.3043002
1,2018-10-12,0.541836,-0.4530862,0.13297471
2,2018-10-12,0.541836,-2.4702194,-0.8317584
3,2018-10-12,0.541836,-0.17206934,0.67453945
4,2018-10-12,0.541836,1.3828908,1.3563718
5,2018-10-12,0.541836,1.0180125,0.6248547
6,2018-10-12,0.541836,1.2877959,2.2124722
7,2018-10-12,0.541836,-0.9482229,-1.6826671
8,2018-10-12,0.541836,-0.70131475,-0.055808812
9,2018-10-12,0.541836,-0.004742314,-0.22679457
10,2018-10-12,0.541836,0.78201526,0.6585397
11,2018-10-12,0.541836,-0.39912328,-0.13145924
12,2018-10-12,0.541836,0.5294257,0.73902345
13,2018-10-12,0.541836,-0.34156635,-0.36989528
14,2018-10-12,0.541836,-0.19677736,-0.2948862
15,2018-10-12,0.541836,1.5708089,0.011111976
16,2018-10-12,0.541836,0.41916057,0.6469283
17,2018-10-12,0.541836,1.0155668,1.3732142
18,2018-10-12,0.541836,-0.85306877,0.17367783
19,2018-10-12,0.541836,-0.22650938,0.05447649
20,2018-10-12,0.541836,1.25147,0.5954174
21,2018-10-12,0.541836,-2.0513263,-1.6498083
22,2018-10-12,0.541836,-0.7330442,-0.030640207
23,2018-10-12,0.541836,-1.0277174,-1.2275945
0,2018-10-13,0.46599877,-1.4326601,-1.1887406
1,2018-10-13,0.46599877,-0.41985148,0.088281706
2,2018-10-13,0.46599877,-2.425108,-1.0608764
3,2018-10-13,0.46599877,-0.43288147,0.15161191
4,2018-10-13,0.46599877,0.622007,-1.2999365
5,2018-10-13,0.46599877,0.77649075,0.09557967
6,2018-10-13,0.46599877,-0.20945504,-2.374211
7,2018-10-13,0.46599877,-1.1082137,-0.61714077
8,2018-10-13,0.46599877,-0.7615807,-0.22585636
9,2018-10-13,0.46599877,-0.1879974,-1.1767412
10,2018-10-13,0.46599877,0.0075706365,-0.06667492
11,2018-10-13,0.46599877,-0.5336386,-0.299009
12,2018-10-13,0.46599877,0.4393965,0.7516409
13,2018-10-13,0.46599877,-0.8492435,-0.8041779
14,2018-10-13,0.46599877,-0.11268054,0.05082549
15,2018-10-13,0.46599877,1.3667682,-0.12045044
16,2018-10-13,0.46599877,0.41834167,0.7120202
17,2018-10-13,0.46599877,0.31754282,1.0270545
18,2018-10-13,0.46599877,-0.90207744,-0.013224862
19,2018-10-13,0.46599877,0.006914594,0.36920717
20,2018-10-13,0.46599877,1.0980744,1.2365979
21,2018-10-13,0.46599877,-2.1074662,-1.6657821
22,2018-10-13,0.46599877,-1.2194207,-0.43916026
23,2018-10-13,0.46599877,-0.9126122,-1.3637035
0,2018-10-14,0.3874683,-1.4272182,-1.198033
1,2018-10-14,0.3874683,-0.4432786,0.407672
2,2018-10-14,0.3874683,-2.9220521,-1.3069538
3,2018-10-14,0.3874683,-0.52448887,-0.20160544
4,2018-10-14,0.3874683,0.62485045,-1.8957546
5,2018-10-14,0.3874683,0.6428976,-0.32559872
6,2018-10-14,0.3874683,-0.24021517,-2.318553
7,2018-10-14,0.3874683,-1.3341432,-1.4101658
8,2018-10-14,0.3874683,-0.78995794,-0.15132712
9,2018-10-14,0.3874683,-0.25991112,-2.275266
10,2018-10-14,0.3874683,-0.16613147,-0.7782506
11,2018-10-14,0.3874683,-0.44238493,0.07522543
12,2018-10-14,0.3874683,0.38925788,0.762168
13,2018-10-14,0.3874683,-0.7955508,-0.8418004
14,2018-10-14,0.3874683,-0.13882956,0.28403947
15,2018-10-14,0.3874683,1.2896934,0.0813163
16,2018-10-14,0.3874683,0.37432215,0.4012639
17,2018-10-14,0.3874683,0.62348473,1.0167933
18,2018-10-14,0.3874683,-0.8070431,-0.015999787
19,2018-10-14,0.3874683,-0.13327935,0.3176245
20,2018-10-14,0.3874683,0.8005918,0.98193765
21,2018-10-14,0.3874683,-2.222074,-2.0146964
22,2018-10-14,0.3874683,-1.0414158,-0.2897176
23,2018-10-14,0.3874683,-1.0114796,-1.0872205
0,2018-10-15,0.47044137,-1.5752374,-1.3757663
1,2018-10-15,0.47044137,-0.38005954,0.48646173
2,2018-10-15,0.47044137,-2.3292475,-1.1328908
3,2018-10-15,0.47044137,-0.29339862,0.42754275
4,2018-10-15,0.47044137,1.372029,1.1596429
5,2018-10-15,0.47044137,1.0204843,0.6609558
6,2018-10-15,0.47044137,1.3943211,2.1618652
7,2018-10-15,0.47044137,-1.1492654,-0.42814916
8,2018-10-15,0.47044137,-0.7596135,-0.20973326
9,2018-10-15,0.47044137,-0.10458553,-0.9943668
10,2018-10-15,0.47044137,0.5138591,0.8320115
11,2018-10-15,0.47044137,-0.4562609,-0.083655104
12,2018-10-15,0.47044137,0.4572243,0.69832146
13,2018-10-15,0.47044137,-0.5262014,-0.43462226
14,2018-10-15,0.47044137,-0.21621962,-0.08606698
15,2018-10-15,0.47044137,1.5279014,0.59373426
16,2018-10-15,0.47044137,0.5037152,0.8327633
17,2018-10-15,0.47044137,1.3853136,0.9976843
18,2018-10-15,0.47044137,-0.7028181,0.4384079
19,2018-10-15,0.47044137,-0.14782193,0.30556494
20,2018-10-15,0.47044137,1.116957,1.0628027
21,2018-10-15,0.47044137,-2.2248454,-1.5649364
22,2018-10-15,0.47044137,-0.94253457,-0.66235924
23,2018-10-15,0.47044137,-1.2005253,-0.55870336
0,2018-10-16,0.36420304,-1.5873631,-1.2972089
1,2018-10-16,0.36420304,-0.501893,0.21534947
2,2018-10-16,0.36420304,-2.6124053,-0.8181417
3,2018-10-16,0.36420304,-0.300388,0.48411465
4,2018-10-16,0.36420304,1.3533102,1.229223
5,2018-10-16,0.36420304,1.0295419,0.8132769
6,2018-10-16,0.36420304,1.3790073,2.2403295
7,2018-10-16,0.36420304,-1.203744,-1.474519
8,2018-10-16,0.36420304,-0.77792484,-0.012135335
9,2018-10-16,0.36420304,0.064147174,0.16782343
10,2018-10-16,0.36420304,0.53830564,0.8414224
11,2018-10-16,0.36420304,-0.49247628,-0.12684874
12,2018-10-16,0.36420304,0.40814915,0.6442184
13,2018-10-16,0.36420304,-0.46875322,-0.45262158
14,2018-10-16,0.36420304,-0.35194147,-0.17933758
15,2018-10-16,0.36420304,1.5164886,0.021961974
16,2018-10-16,0.36420304,0.43732008,0.71464
17,2018-10-16,0.36420304,1.3877226,1.1655729
18,2018-10-16,0.36420304,-0.8425294,0.042533893
19,2018-10-16,0.36420304,-0.22960563,0.26361272
20,2018-10-16,0.36420304,1.1467656,0.7947019
21,2018-10-16,0.36420304,-2.248173,-1.8622504
22,2018-10-16,0.36420304,-0.99912214,-0.56724083
23,2018-10-16,0.36420304,-1.2693808,-0.41911134
0,2018-10-17,0.3601245,-1.7214679,-1.3576567
1,2018-10-17,0.3601245,-0.50345236,0.28435937
2,2018-10-17,0.3601245,-2.6832662,-1.6148162
3,2018-10-17,0.3601245,-0.32820418,0.25553325
4,2018-10-17,0.3601245,1.3143803,1.030688
5,2018-10-17,0.3601245,1.0162963,0.73770356
6,2018-10-17,0.3601245,1.2938861,2.3233106
7,2018-10-17,0.3601245,-1.1287473,-0.62996554
8,2018-10-17,0.3601245,-0.7341063,-0.38404953
9,2018-10-17,0.3601245,0.14184827,0.12549359
10,2018-10-17,0.3601245,0.49154633,0.60721135
11,2018-10-17,0.3601245,-0.5264088,-0.18463542
12,2018-10-17,0.3601245,0.45573837,0.72500134
13,2018-10-17,0.3601245,-0.491567,-0.49500608
14,2018-10-17,0.3601245,-0.31016624,-0.23937657
15,2018-10-17,0.3601245,1.5061722,0.24294126
16,2018-10-17,0.3601245,0.43590158,0.5273566
17,2018-10-17,0.3601245,1.3341446,1.1876047
18,2018-10-17,0.3601245,-0.7270458,-0.07666611
19,2018-10-17,0.3601245,-0.2233792,0.24842897
20,2018-10-17,0.3601245,1.1215557,0.25317296
21,2018-10-17,0.3601245,-2.2298782,-1.6875074
22,2018-10-17,0.3601245,-0.8402131,-0.26210108
23,2018-10-17,0.3601245,-1.0618416,-0.8791325
0,2018-10-18,0.38139895,-1.5882931,-1.4972721
1,2018-10-18,0.38139895,-0.43647137,0.22871184
2,2018-10-18,0.38139895,-3.0471573,-1.3671148
3,2018-10-18,0.38139895,-0.23795113,0.54359347
4,2018-10-18,0.38139895,1.3310685,1.0698212
5,2018-10-18,0.38139895,1.0176216,0.7031751
6,2018-10-18,0.38139895,1.2012557,2.2038772
7,2018-10-18,0.38139895,-1.229192,-1.737152
8,2018-10-18,0.38139895,-0.71730703,-0.07900453
9,2018-10-18,0.38139895,0.09744843,0.22658303
10,2018-10-18,0.38139895,0.3696023,0.776271
11,2018-10-18,0.38139895,-0.5716633,-0.18763666
12,2018-10-18,0.38139895,0.4271918,0.5630883
13,2018-10-18,0.38139895,-0.45141765,-0.4250267
14,2018-10-18,0.38139895,-0.25103024,-0.18522784
15,2018-10-18,0.38139895,1.5098451,0.09935705
16,2018-10-18,0.38139895,0.385451,0.51450074
17,2018-10-18,0.38139895,1.3112946,1.0862633
18,2018-10-18,0.38139895,-0.84660375,0.08755408
19,2018-10-18,0.38139895,-0.23564121,0.093555585
20,2018-10-18,0.38139895,1.154184,0.69378
21,2018-10-18,0.38139895,-2.3469534,-1.9848089
22,2018-10-18,0.38139895,-0.9560633,-0.37168637
23,2018-10-18,0.38139895,-1.2224256,-1.0198995
0,2018-10-19,0.2636676,-1.5447406,-1.6204996
1,2018-10-19,0.2636676,-0.4641435,0.07405401
2,2018-10-19,0.2636676,-3.5899866,-1.0604066
3,2018-10-19,0.2636676,-0.2894087,0.455716
4,2018-10-19,0.2636676,1.2717113,0.8979826
5,2018-10-19,0.2636676,1.0369405,0.8369983
6,2018-10-19,0.2636676,1.2139984,2.2053049
7,2018-10-19,0.2636676,-1.2764945,-0.9563853
8,2018-10-19,0.2636676,-0.69454145,-0.39325076
9,2018-10-19,0.2636676,-0.010167738,-0.37357718
10,2018-10-19,0.2636676,0.41752228,0.54150647
11,2018-10-19,0.2636676,-0.44670516,-0.09405901
12,2018-10-19,0.2636676,0.41722134,0.5593731
13,2018-10-19,0.2636676,-0.47923478,-0.56603414
14,2018-10-19,0.2636676,-0.20845537,-0.1912395
15,2018-10-19,0.2636676,1.5194696,0.20232041
16,2018-10-19,0.2636676,0.519413,0.7055168
17,2018-10-19,0.2636676,0.8340247,1.516365
18,2018-10-19,0.2636676,-0.8493445,-0.17244466
19,2018-10-19,0.2636676,-0.18907964,0.18817422
20,2018-10-19,0.2636676,1.2637036,0.82484573
21,2018-10-19,0.2636676,-2.120509,-1.6887053
22,2018-10-19,0.2636676,-0.9845837,-0.7444709
23,2018-10-19,0.2636676,-1.1846129,-1.086769
0,2018-10-20,0.09825365,-1.4804498,-1.509391
1,2018-10-20,0.09825365,-0.45525068,-0.03243454
2,2018-10-20,0.09825365,-2.3749306,-0.91731906
3,2018-10-20,0.09825365,-0.5097545,0.008472641
4,2018-10-20,0.09825365,0.6547678,-2.9205792
5,2018-10-20,0.09825365,0.6909937,0.13060637
6,2018-10-20,0.09825365,-0.38597676,-1.8275862
7,2018-10-20,0.09825365,-1.3201388,-1.872855
8,2018-10-20,0.09825365,-0.8492316,-0.39920202
9,2018-10-20,0.09825365,-0.33867794,-2.1231117
10,2018-10-20,0.09825365,0.37234116,0.0458439
11,2018-10-20,0.09825365,-0.54536843,-0.23537864
12,2018-10-20,0.09825365,0.5020077,0.72150934
13,2018-10-20,0.09825365,-0.7748401,-0.9528615
14,2018-10-20,0.09825365,-0.25079763,-0.0078838635
15,2018-10-20,0.09825365,1.3443848,-0.043353774
16,2018-10-20,0.09825365,0.51789814,0.643103
17,2018-10-20,0.09825365,-0.09134219,0.27160954
18,2018-10-20,0.09825365,-0.7698326,-0.09543526
19,2018-10-20,0.09825365,-0.18476032,0.12901111
20,2018-10-20,0.09825365,0.9629522,0.8080869
21,2018-10-20,0.09825365,-2.183828,-1.7389487
22,2018-10-20,0.09825365,-1.2560201,-0.51360875
23,2018-10-20,0.09825365,-0.89702684,-0.47862887
0,2018-10-21,-0.11874699,-1.5311738,-1.1710608
1,2018-10-21,-0.11874699,-0.4360479,0.17508514
2,2018-10-21,-0.11874699,-2.1308153,-0.9835548
3,2018-10-21,-0.11874699,-0.5425878,-0.1479567
4,2018-10-21,-0.11874699,0.60902244,-1.4802082
5,2018-10-21,-0.11874699,0.59771466,-0.5286251
6,2018-10-21,-0.11874699,-0.34718356,-1.7632898
7,2018-10-21,-0.11874699,-1.2810359,-1.1287187
8,2018-10-21,-0.11874699,-0.7807614,-0.034178816
9,2018-10-21,-0.11874699,-0.38434583,-2.217014
10,2018-10-21,-0.11874699,0.2552422,-0.7708704
11,2018-10-21,-0.11874699,-0.58000654,0.029474543
12,2018-10-21,-0.11874699,0.41682908,0.7746892
13,2018-10-21,-0.11874699,-0.7421109,-0.9084621
14,2018-10-21,-0.11874699,-0.2859147,-0.1930373
15,2018-10-21,-0.11874699,1.2428538,-0.04643095
16,2018-10-21,-0.11874699,0.43866155,0.5541074
17,2018-10-21,-0.11874699,0.011472024,0.7266085
18,2018-10-21,-0.11874699,-0.80486846,-0.123046234
19,2018-10-21,-0.11874699,-0.18603984,0.38053146
20,2018-10-21,-0.11874699,0.8529183,0.88165027
21,2018-10-21,-0.11874699,-2.119858,-1.447804
22,2018-10-21,-0.11874699,-1.2086198,-0.86099035
23,2018-10-21,-0.11874699,-0.90969163,-1.1677676
0,2018-10-22,-0.12870614,-1.5435437,-1.3686104
1,2018-10-22,-0.12870614,-0.3876586,0.34778678
2,2018-10-22,-0.12870614,-2.122522,-0.5556001
3,2018-10-22,-0.12870614,-0.31910586,0.38124585
4,2018-10-22,-0.12870614,1.1863415,0.89751697
5,2018-10-22,-0.12870614,1.0231851,0.674322
6,2018-10-22,-0.12870614,1.2419372,2.2149794
7,2018-10-22,-0.12870614,-1.0360343,-0.90959936
8,2018-10-22,-0.12870614,-0.5707591,0.049912408
9,2018-10-22,-0.12870614,0.02617563,-0.033171374
10,2018-10-22,-0.12870614,0.71075946,0.14724709
11,2018-10-22,-0.12870614,-0.4729744,0.044793494
12,2018-10-22,-0.12870614,0.51136756,0.82027626
13,2018-10-22,-0.12870614,-0.3816923,-0.48102272
14,2018-10-22,-0.12870614,-0.3172249,-0.07894336
15,2018-10-22,-0.12870614,1.5258521,0.6269927
16,2018-10-22,-0.12870614,0.49277815,0.79855365
17,2018-10-22,-0.12870614,0.7806619,0.84937143
18,2018-10-22,-0.12870614,-0.7663198,0.025328936
19,2018-10-22,-0.12870614,-0.05820288,0.39386025
20,2018-10-22,-0.12870614,1.202237,1.1447854
21,2018-10-22,-0.12870614,-2.1055548,-1.1086286
22,2018-10-22,-0.12870614,-0.89321536,-0.22613847
23,2018-10-22,-0.12870614,-0.7518254,-1.0797921
0,2018-10-23,-0.051835697,-1.5332323,-1.0835432
1,2018-10-23,-0.051835697,-0.43435642,0.18051724
2,2018-10-23,-0.051835697,-2.23857,-0.74307317
3,2018-10-23,-0.051835697,-0.30914822,0.36704096
4,2018-10-23,-0.051835697,1.2434548,0.9304398
5,2018-10-23,-0.051835697,1.0926636,0.8417971
6,2018-10-23,-0.051835697,1.3397434,2.1985881
7,2018-10-23,-0.051835697,-1.1573646,-0.87336576
8,2018-10-23,-0.051835697,-0.58015335,0.04958158
9,2018-10-23,-0.051835697,0.09164406,0.17646696
10,2018-10-23,-0.051835697,0.8901631,0.4909721
11,2018-10-23,-0.051835697,-0.40139788,0.019062964
12,2018-10-23,-0.051835697,0.49548718,0.6755402
13,2018-10-23,-0.051835697,-0.4000087,-0.615408
14,2018-10-23,-0.051835697,-0.32806244,-0.19788714
15,2018-10-23,-0.051835697,1.5117049,0.4826688
16,2018-10-23,-0.051835697,0.4077046,0.8742574
17,2018-10-23,-0.051835697,0.7694353,0.36803806
18,2018-10-23,-0.051835697,-0.7774615,0.114227615
19,2018-10-23,-0.051835697,-0.087620184,0.3787425
20,2018-10-23,-0.051835697,1.2591347,0.5934769
21,2018-10-23,-0.051835697,-2.048521,-1.3063267
22,2018-10-23,-0.051835697,-0.99525607,-0.5125279
23,2018-10-23,-0.051835697,-1.1747915,-0.300096
0,2018-10-24,0.16557112,-1.5930129,-1.3953712
1,2018-10-24,0.16557112,-0.38741913,0.27368253
2,2018-10-24,0.16557112,-1.9841976,-0.95827556
3,2018-10-24,0.16557112,-0.3540353,0.42042562
4,2018-10-24,0.16557112,1.2316813,1.1050987
5,2018-10-24,0.16557112,1.0767016,0.82764846
6,2018-10-24,0.16557112,1.3543465,2.121278
7,2018-10-24,0.16557112,-1.1362534,-0.80235344
8,2018-10-24,0.16557112,-0.45877725,-0.62403697
9,2018-10-24,0.16557112,0.06421186,0.46936417
10,2018-10-24,0.16557112,0.73592854,-0.097021125
11,2018-10-24,0.16557112,-0.4499051,-0.08601271
12,2018-10-24,0.16557112,0.58637565,0.86514956
13,2018-10-24,0.16557112,-0.36475036,-0.5377471
14,2018-10-24,0.16557112,-0.2993613,-0.32559007
15,2018-10-24,0.16557112,1.5053606,0.5883647
16,2018-10-24,0.16557112,0.51294523,0.5108509
17,2018-10-24,0.16557112,0.64826703,0.7187442
18,2018-10-24,0.16557112,-0.58067083,0.5842103
19,2018-10-24,0.16557112,-0.12266523,0.45898977
20,2018-10-24,0.16557112,1.0790409,0.60738164
21,2018-10-24,0.16557112,-2.0107615,-1.6416353
22,2018-10-24,0.16557112,-0.7825103,-0.4139537
23,2018-10-24,0.16557112,-1.744366,-0.77202415
0,2018-10-25,0.027959896,-1.6927143,-1.8368764
1,2018-10-25,0.027959896,-0.32521942,0.3764497
2,2018-10-25,0.027959896,-2.3161616,-0.84781146
3,2018-10-25,0.027959896,-0.386803,0.30755815
4,2018-10-25,0.027959896,1.3051883,0.9643438
5,2018-10-25,0.027959896,1.0547096,0.60372394
6,2018-10-25,0.027959896,1.2491578,2.094182
7,2018-10-25,0.027959896,-1.0401601,-0.5345301
8,2018-10-25,0.027959896,-0.55956924,-0.07460673
9,2018-10-25,0.027959896,-0.21795377,-0.12579489
10,2018-10-25,0.027959896,1.0581182,0.5449394
11,2018-10-25,0.027959896,-0.4389313,-0.0024237684
12,2018-10-25,0.027959896,0.5780971,0.84616023
13,2018-10-25,0.027959896,-0.38664564,-0.4484497
14,2018-10-25,0.027959896,-0.34809145,-0.05373217
15,2018-10-25,0.027959896,1.5195646,0.29761645
16,2018-10-25,0.027959896,0.45759502,0.7554624
17,2018-10-25,0.027959896,0.32985026,1.2478138
18,2018-10-25,0.027959896,-0.46294153,0.63882464
19,2018-10-25,0.027959896,-0.25095865,0.39408177
20,2018-10-25,0.027959896,1.1778777,0.5482561
21,2018-10-25,0.027959896,-1.913112,-1.447086
22,2018-10-25,0.027959896,-0.84640604,-0.1607886
23,2018-10-25,0.027959896,-1.3790789,-1.3638285
0,2018-10-26,-0.18658255,-1.5058634,-1.2858183
1,2018-10-26,-0.18658255,-0.25210604,0.49710765
2,2018-10-26,-0.18658255,-1.8144015,-0.9390749
3,2018-10-26,-0.18658255,-0.30191067,0.5806408
4,2018-10-26,-0.18658255,1.1148884,1.1083925
5,2018-10-26,-0.18658255,1.0915998,0.730468
6,2018-10-26,-0.18658255,1.2267454,2.20382
7,2018-10-26,-0.18658255,-0.71492046,-1.3051163
8,2018-10-26,-0.18658255,-0.29117268,-0.070620686
9,2018-10-26,-0.18658255,-0.15637846,-0.34378234
10,2018-10-26,-0.18658255,1.066699,0.44949207
11,2018-10-26,-0.18658255,-0.32233468,0.055351216
12,2018-10-26,-0.18658255,0.6533424,0.8299353
13,2018-10-26,-0.18658255,-0.41296577,-0.54571766
14,2018-10-26,-0.18658255,-0.0870926,-0.078709185
15,2018-10-26,-0.18658255,1.5518878,0.33991405
16,2018-10-26,-0.18658255,0.6675033,0.6313934
17,2018-10-26,-0.18658255,0.15032773,1.033322
18,2018-10-26,-0.18658255,-0.66849655,-0.48734528
19,2018-10-26,-0.18658255,-0.16196033,0.27726296
20,2018-10-26,-0.18658255,1.4333932,0.9785918
21,2018-10-26,-0.18658255,-1.9425908,-1.6760621
22,2018-10-26,-0.18658255,-0.8407563,-0.5246768
23,2018-10-26,-0.18658255,-1.8199104,0.44872224
0,2018-10-27,-0.7868047,-1.2196922,-0.4149312
1,2018-10-27,-0.7868047,0.04438057,0.64779633
2,2018-10-27,-0.7868047,-1.4646869,-0.80345315
3,2018-10-27,-0.7868047,-0.43201578,0.016363027
4,2018-10-27,-0.7868047,0.19719897,-0.59062564
5,2018-10-27,-0.7868047,0.8090938,0.44046918
6,2018-10-27,-0.7868047,-0.23481084,-2.387755
7,2018-10-27,-0.7868047,-0.8143866,0.0236094
8,2018-10-27,-0.7868047,0.10839883,0.52466553
9,2018-10-27,-0.7868047,-0.264152,-2.1765587
10,2018-10-27,-0.7868047,0.5604042,0.0390463
11,2018-10-27,-0.7868047,-0.11641264,0.34193584
12,2018-10-27,-0.7868047,0.81958675,1.316395
13,2018-10-27,-0.7868047,-0.5975495,-0.85171545
14,2018-10-27,-0.7868047,0.18072039,0.82332295
15,2018-10-27,-0.7868047,1.3455634,0.32501107
16,2018-10-27,-0.7868047,0.93905026,1.1583163
17,2018-10-27,-0.7868047,-0.014991255,0.48060328
18,2018-10-27,-0.7868047,-0.49033794,-0.21429773
19,2018-10-27,-0.7868047,0.113158576,0.6412649
20,2018-10-27,-0.7868047,1.1899639,1.3112192
21,2018-10-27,-0.7868047,-1.8745137,-1.372099
22,2018-10-27,-0.7868047,-0.80528134,-0.3872109
23,2018-10-27,-0.7868047,-1.7051328,0.6696804
0,2018-10-28,-0.8881827,-1.0982451,-0.62283194
1,2018-10-28,-0.8881827,0.33786407,0.9169662
2,2018-10-28,-0.8881827,-1.3573841,-1.0080951
3,2018-10-28,-0.8881827,-0.40186858,-0.024518648
4,2018-10-28,-0.8881827,0.010166362,-3.2713609
5,2018-10-28,-0.8881827,0.8462675,0.21752258
6,2018-10-28,-0.8881827,-0.19509092,-2.2864118
7,2018-10-28,-0.8881827,-0.4250856,-0.5028921
8,2018-10-28,-0.8881827,0.3279895,0.23897997
9,2018-10-28,-0.8881827,-0.3231022,-2.4028625
10,2018-10-28,-0.8881827,0.40161946,-1.1258465
11,2018-10-28,-0.8881827,0.24228697,0.630232
12,2018-10-28,-0.8881827,0.91401833,1.3991975
13,2018-10-28,-0.8881827,-0.42727163,-0.7451872
14,2018-10-28,-0.8881827,0.25844306,0.7718569
15,2018-10-28,-0.8881827,1.307896,0.4911171
16,2018-10-28,-0.8881827,1.0535975,0.85537237
17,2018-10-28,-0.8881827,0.6408565,1.4913356
18,2018-10-28,-0.8881827,-0.1441848,0.34201545
19,2018-10-28,-0.8881827,0.39212796,0.8768994
20,2018-10-28,-0.8881827,1.186357,-0.021906164
21,2018-10-28,-0.8881827,-1.9186838,-1.2382567
22,2018-10-28,-0.8881827,-0.6316591,-0.24613772
23,2018-10-28,-0.8881827,-0.44054893,-1.5508544
0,2018-10-29,-0.96163017,-1.2493018,-1.0038099
1,2018-10-29,-0.96163017,0.33750623,0.79241234
2,2018-10-29,-0.96163017,-1.1881307,-0.86224747
3,2018-10-29,-0.96163017,-0.095599584,0.7180342
4,2018-10-29,-0.96163017,0.97447467,1.1433107
5,2018-10-29,-0.96163017,1.2261513,1.0015887
6,2018-10-29,-0.96163017,1.3386016,2.187862
7,2018-10-29,-0.96163017,-0.54109454,-0.49116042
8,2018-10-29,-0.96163017,0.51685673,0.39353555
9,2018-10-29,-0.96163017,0.22636303,0.23106828
10,2018-10-29,-0.96163017,1.0618407,0.7609647
11,2018-10-29,-0.96163017,0.18613985,0.42576757
12,2018-10-29,-0.96163017,0.8942655,1.2533541
13,2018-10-29,-0.96163017,-0.021941174,0.015140594
14,2018-10-29,-0.96163017,0.100164354,0.29890752
15,2018-10-29,-0.96163017,1.5795636,1.0754006
16,2018-10-29,-0.96163017,1.1432725,0.9716358
17,2018-10-29,-0.96163017,1.2810483,1.8362974
18,2018-10-29,-0.96163017,-0.16407205,-0.2237333
19,2018-10-29,-0.96163017,0.40095747,0.5859421
20,2018-10-29,-0.96163017,1.581395,0.51339763
21,2018-10-29,-0.96163017,-1.6239148,-0.7697937
22,2018-10-29,-0.96163017,-0.0776621,0.3378213
23,2018-10-29,-0.96163017,-0.35090923,-1.1762823
0,2018-10-30,-0.68998694,-1.3053123,-1.1585997
1,2018-10-30,-0.68998694,0.36719146,0.7348778
2,2018-10-30,-0.68998694,-1.2700199,-1.1653259
3,2018-10-30,-0.68998694,-0.104340084,0.6959514
4,2018-10-30,-0.68998694,0.93595904,1.231302
5,2018-10-30,-0.68998694,1.2444457,1.026407
6,2018-10-30,-0.68998694,1.3703628,2.2092063
7,2018-10-30,-0.68998694,-0.4946793,-0.71128917
8,2018-10-30,-0.68998694,0.6430586,0.07224817
9,2018-10-30,-0.68998694,-0.01941243,0.19751585
10,2018-10-30,-0.68998694,1.1769279,0.8592595
11,2018-10-30,-0.68998694,0.25636756,0.4888103
12,2018-10-30,-0.68998694,0.90316194,1.1154287
13,2018-10-30,-0.68998694,-0.12906691,-0.31265655
14,2018-10-30,-0.68998694,0.0767308,0.30977556
15,2018-10-30,-0.68998694,1.5432174,0.9677859
16,2018-10-30,-0.68998694,1.1761498,0.677407
17,2018-10-30,-0.68998694,1.6468598,1.3356609
18,2018-10-30,-0.68998694,-0.00017937939,0.82304716
19,2018-10-30,-0.68998694,0.43877897,0.7526762
20,2018-10-30,-0.68998694,1.4890784,0.6521728
21,2018-10-30,-0.68998694,-1.4110048,-1.3432528
22,2018-10-30,-0.68998694,-0.22239009,0.16936
23,2018-10-30,-0.68998694,-0.17147064,-0.37770936
0,2018-10-31,-0.49955893,-1.4996026,-1.2314707
1,2018-10-31,-0.49955893,0.2739899,0.643579
2,2018-10-31,-0.49955893,-1.4311265,-1.1183673
3,2018-10-31,-0.49955893,-0.17542021,0.77577925
4,2018-10-31,-0.49955893,0.9702549,1.2746437
5,2018-10-31,-0.49955893,1.2657887,0.80007255
6,2018-10-31,-0.49955893,1.271076,2.2587762
7,2018-10-31,-0.49955893,-0.7346733,-1.2316624
8,2018-10-31,-0.49955893,0.3379361,0.07382195
9,2018-10-31,-0.49955893,-0.14332093,0.6309887
10,2018-10-31,-0.49955893,1.1120633,0.46744516
11,2018-10-31,-0.49955893,0.069807485,0.27218163
12,2018-10-31,-0.49955893,0.8790375,1.0880224
13,2018-10-31,-0.49955893,-0.10996232,-0.27261105
14,2018-10-31,-0.49955893,0.0061672563,0.29897523
15,2018-10-31,-0.49955893,1.5811803,0.98611933
16,2018-10-31,-0.49955893,1.1512519,0.57175004
17,2018-10-31,-0.49955893,1.4721112,0.9733672
18,2018-10-31,-0.49955893,-0.024960345,0.18741265
19,2018-10-31,-0.49955893,0.4131704,0.47248793
20,2018-10-31,-0.49955893,1.3841635,0.80123514
21,2018-10-31,-0.49955893,-1.5743295,-1.3773243
22,2018-10-31,-0.49955893,-0.3055102,-0.21149518
23,2018-10-31,-0.49955893,-0.17874676,-1.1510822
0,2018-11-01,-0.33925992,-1.4234898,-0.84101367
1,2018-11-01,-0.33925992,0.1550962,0.49627954
2,2018-11-01,-0.33925992,-1.569323,-0.9295566
3,2018-11-01,-0.33925992,-0.26002717,0.72242224
4,2018-11-01,-0.33925992,1.0811054,1.4955645
5,2018-11-01,-0.33925992,1.2213705,0.81618017
6,2018-11-01,-0.33925992,1.2766932,2.2071812
7,2018-11-01,-0.33925992,-0.75633925,-1.1080272
8,2018-11-01,-0.33925992,0.13400972,0.07227924
9,2018-11-01,-0.33925992,-0.15539761,0.270716
10,2018-11-01,-0.33925992,1.100205,0.9445079
11,2018-11-01,-0.33925992,-0.03986581,0.32784066
12,2018-11-01,-0.33925992,0.7990228,1.053077
13,2018-11-01,-0.33925992,-0.118904226,-0.18304457
14,2018-11-01,-0.33925992,-0.069404684,0.2919567
15,2018-11-01,-0.33925992,1.5983622,1.0348494
16,2018-11-01,-0.33925992,1.0657499,0.8123959
17,2018-11-01,-0.33925992,1.5485346,1.3967419
18,2018-11-01,-0.33925992,-0.25529358,0.41197887
19,2018-11-01,-0.33925992,0.500285,0.6194686
20,2018-11-01,-0.33925992,1.3457359,0.5934462
21,2018-11-01,-0.33925992,-1.6659157,-1.6308724
22,2018-11-01,-0.33925992,-0.29651782,-0.15975314
23,2018-11-01,-0.33925992,-0.43636173,-1.2087536
0,2018-11-02,-0.2711619,-1.4510876,-1.1100252
1,2018-11-02,-0.2711619,0.06725122,0.38970986
2,2018-11-02,-0.2711619,-1.5017849,-1.3518761
3,2018-11-02,-0.2711619,-0.3306857,0.7549672
4,2018-11-02,-0.2711619,1.1387271,1.4303713
5,2018-11-02,-0.2711619,1.2473475,1.0207406
6,2018-11-02,-0.2711619,1.2582281,2.1793342
7,2018-11-02,-0.2711619,-0.7174318,-0.9764651
8,2018-11-02,-0.2711619,0.07444153,-0.4780449
9,2018-11-02,-0.2711619,-0.18178336,-0.024985835
10,2018-11-02,-0.2711619,1.0163481,0.6067422
11,2018-11-02,-0.2711619,0.0139241535,0.15535611
12,2018-11-02,-0.2711619,0.7801485,0.97726315
13,2018-11-02,-0.2711619,-0.17893255,-0.19636168
14,2018-11-02,-0.2711619,-0.03210524,0.15663417
15,2018-11-02,-0.2711619,1.5705354,0.7384493
16,2018-11-02,-0.2711619,1.0773298,0.6121172
17,2018-11-02,-0.2711619,1.4291409,1.690327
18,2018-11-02,-0.2711619,-0.32109278,-0.18379733
19,2018-11-02,-0.2711619,0.30542624,0.24532379
20,2018-11-02,-0.2711619,1.2960845,0.89682615
21,2018-11-02,-0.2711619,-1.5604223,-1.2213416
22,2018-11-02,-0.2711619,-0.39118013,0.15308328
23,2018-11-02,-0.2711619,-0.44028237,-0.9184109
0,2018-11-03,-0.19481249,-1.391251,-0.96017516
1,2018-11-03,-0.19481249,0.016791012,0.40516824
2,2018-11-03,-0.19481249,-1.5299617,-1.5756465
3,2018-11-03,-0.19481249,-0.53850293,0.21691903
4,2018-11-03,-0.19481249,0.25244096,-0.7597133
5,2018-11-03,-0.19481249,0.9108909,0.1445602
6,2018-11-03,-0.19481249,-0.2954599,-2.6887171
7,2018-11-03,-0.19481249,-0.86524594,-1.1342015
8,2018-11-03,-0.19481249,0.06487112,-0.3944356
9,2018-11-03,-0.19481249,-0.578672,-2.039241
10,2018-11-03,-0.19481249,0.44784063,-0.2665641
11,2018-11-03,-0.19481249,0.06266305,0.42137074
12,2018-11-03,-0.19481249,0.7705763,0.92465556
13,2018-11-03,-0.19481249,-0.5613754,-0.8649925
14,2018-11-03,-0.19481249,0.041763745,0.50492615
15,2018-11-03,-0.19481249,1.3437608,0.475418
16,2018-11-03,-0.19481249,1.0671569,0.7031345
17,2018-11-03,-0.19481249,0.5967021,1.1560601
18,2018-11-03,-0.19481249,-0.36038652,0.5968159
19,2018-11-03,-0.19481249,0.33224276,0.5793086
20,2018-11-03,-0.19481249,0.92611974,0.96109647
21,2018-11-03,-0.19481249,-1.7062701,-1.8374932
22,2018-11-03,-0.19481249,-0.7256548,-0.60035753
23,2018-11-03,-0.19481249,-0.38318467,-0.8970956
0,2018-11-04,-0.18777339,-1.4282284,-0.88165796
1,2018-11-04,-0.18777339,0.0988408,0.7309528
2,2018-11-04,-0.18777339,-1.444974,-1.1805996
3,2018-11-04,-0.18777339,-0.5497148,0.20095894
4,2018-11-04,-0.18777339,0.15712397,-1.5578432
5,2018-11-04,-0.18777339,0.886982,-0.09246184
6,2018-11-04,-0.18777339,-0.29961866,-2.325398
7,2018-11-04,-0.18777339,-0.90910715,-0.7377197
8,2018-11-04,-0.18777339,0.024743805,0.34295037
9,2018-11-04,-0.18777339,-0.71170264,-2.9552412
10,2018-11-04,-0.18777339,0.3357097,-0.5571043
11,2018-11-04,-0.18777339,0.05391796,0.6212614
12,2018-11-04,-0.18777339,0.7654495,1.2645224
13,2018-11-04,-0.18777339,-0.4198487,-0.3169899
14,2018-11-04,-0.18777339,0.0874119,0.49323955
15,2018-11-04,-0.18777339,1.2953725,0.49537066
16,2018-11-04,-0.18777339,1.0203412,0.9214447
17,2018-11-04,-0.18777339,0.7789204,1.405455
18,2018-11-04,-0.18777339,-0.24152817,0.09642832
19,2018-11-04,-0.18777339,0.38914227,0.8741611
20,2018-11-04,-0.18777339,0.8918303,0.91403496
21,2018-11-04,-0.18777339,-1.6442103,-1.780208
22,2018-11-04,-0.18777339,-0.70050913,-0.11845243
23,2018-11-04,-0.18777339,-0.46413982,-0.9049012
0,2018-11-05,-0.28123105,-1.4390173,-0.9240852
1,2018-11-05,-0.28123105,0.13815472,0.66176087
2,2018-11-05,-0.28123105,-1.4944317,-1.1243567
3,2018-11-05,-0.28123105,-0.29914474,0.6537746
4,2018-11-05,-0.28123105,1.0624348,1.295662
5,2018-11-05,-0.28123105,1.2137191,0.9634251
6,2018-11-05,-0.28123105,1.341261,2.3653073
7,2018-11-05,-0.28123105,-0.8302192,-0.7921745
8,2018-11-05,-0.28123105,0.19295488,0.376093
9,2018-11-05,-0.28123105,-0.2617086,-0.24658306
10,2018-11-05,-0.28123105,0.95798093,0.9125168
11,2018-11-05,-0.28123105,0.0047670878,0.57276344
12,2018-11-05,-0.28123105,0.798203,1.1345975
13,2018-11-05,-0.28123105,-0.12297765,-0.17785987
14,2018-11-05,-0.28123105,-0.07590042,0.2341401
15,2018-11-05,-0.28123105,1.6048051,0.93335605
16,2018-11-05,-0.28123105,1.014563,0.92544574
17,2018-11-05,-0.28123105,1.6543909,1.3126491
18,2018-11-05,-0.28123105,-0.16074413,0.55867
19,2018-11-05,-0.28123105,0.2743156,0.7261555
20,2018-11-05,-0.28123105,1.3115249,1.1403836
21,2018-11-05,-0.28123105,-1.5684967,-1.098879
22,2018-11-05,-0.28123105,-0.31558618,-0.07399379
23,2018-11-05,-0.28123105,-0.36552933,-0.92268324
0,2018-11-06,-0.31251642,-1.5132263,-1.1279223
1,2018-11-06,-0.31251642,0.07001027,0.6318253
2,2018-11-06,-0.31251642,-1.6564142,-1.007859
3,2018-11-06,-0.31251642,-0.2641942,0.67792827
4,2018-11-06,-0.31251642,1.111665,1.5541338
5,2018-11-06,-0.31251642,1.1758595,0.88152564
6,2018-11-06,-0.31251642,1.4650415,2.4772322
7,2018-11-06,-0.31251642,-0.77810335,-1.0532068
8,2018-11-06,-0.31251642,0.11908223,0.12966567
9,2018-11-06,-0.31251642,-0.2244151,0.3991742
10,2018-11-06,-0.31251642,1.1022952,0.932017
11,2018-11-06,-0.31251642,0.09426273,0.45861447
12,2018-11-06,-0.31251642,0.77393126,1.0799636
13,2018-11-06,-0.31251642,-0.2260052,-0.21543653
14,2018-11-06,-0.31251642,-0.05631137,0.35591865
15,2018-11-06,-0.31251642,1.6262059,1.049705
16,2018-11-06,-0.31251642,1.0008866,0.6537113
17,2018-11-06,-0.31251642,1.5976942,0.9436767
18,2018-11-06,-0.31251642,-0.196659,0.60890937
19,2018-11-06,-0.31251642,0.30508122,0.50576496
20,2018-11-06,-0.31251642,1.3867358,0.84596694
21,2018-11-06,-0.31251642,-1.676796,-1.2758601
22,2018-11-06,-0.31251642,-0.28030255,0.03141444
23,2018-11-06,-0.31251642,-0.3114696,-0.9911905
0,2018-11-07,-0.33951056,-1.5377654,-1.1581843
1,2018-11-07,-0.33951056,0.06205151,0.6159314
2,2018-11-07,-0.33951056,-1.441224,-1.191739
3,2018-11-07,-0.33951056,-0.24266914,0.75462204
4,2018-11-07,-0.33951056,0.98810065,1.2434499
5,2018-11-07,-0.33951056,1.2479893,1.0491289
6,2018-11-07,-0.33951056,1.4426645,2.3706565
7,2018-11-07,-0.33951056,-0.7706162,-0.83697283
8,2018-11-07,-0.33951056,0.224394,0.1699413
9,2018-11-07,-0.33951056,-0.35518038,0.047314115
10,2018-11-07,-0.33951056,1.1060112,0.8604865
11,2018-11-07,-0.33951056,0.08478223,0.3103415
12,2018-11-07,-0.33951056,0.8213283,1.1916038
13,2018-11-07,-0.33951056,-0.21355323,-0.23047471
14,2018-11-07,-0.33951056,-0.014416415,0.09504824
15,2018-11-07,-0.33951056,1.5993503,1.0044854
16,2018-11-07,-0.33951056,1.0578623,0.7688486
17,2018-11-07,-0.33951056,1.5959307,1.1418576
18,2018-11-07,-0.33951056,-0.15816216,-0.12724535
19,2018-11-07,-0.33951056,0.403811,0.85078335
20,2018-11-07,-0.33951056,1.4862992,0.61171824
21,2018-11-07,-0.33951056,-1.6383073,-1.1303083
22,2018-11-07,-0.33951056,-0.3651435,0.2883034
23,2018-11-07,-0.33951056,-0.26005885,-0.730761
0,2018-11-08,-0.3229178,-1.5672488,-1.4033029
1,2018-11-08,-0.3229178,0.062339615,0.6221962
2,2018-11-08,-0.3229178,-1.5926083,-0.7691723
3,2018-11-08,-0.3229178,-0.29324585,0.63048434
4,2018-11-08,-0.3229178,1.0935142,1.4044025
5,2018-11-08,-0.3229178,1.1839182,0.66848636
6,2018-11-08,-0.3229178,1.432082,2.314263
7,2018-11-08,-0.3229178,-0.7454765,-1.1864977
8,2018-11-08,-0.3229178,0.32648104,0.14102216
9,2018-11-08,-0.3229178,-0.3087624,0.097886644
10,2018-11-08,-0.3229178,1.1050395,0.93142056
11,2018-11-08,-0.3229178,0.009579594,0.282701
12,2018-11-08,-0.3229178,0.6664151,0.90383357
13,2018-11-08,-0.3229178,-0.23946783,-0.10696897
14,2018-11-08,-0.3229178,-0.1513407,0.26002482
15,2018-11-08,-0.3229178,1.6164855,0.9165178
16,2018-11-08,-0.3229178,1.0015582,0.6170794
17,2018-11-08,-0.3229178,1.5914714,1.1522431
18,2018-11-08,-0.3229178,-0.24113546,0.21777746
19,2018-11-08,-0.3229178,0.37486947,0.44900358
20,2018-11-08,-0.3229178,1.1988765,1.0697277
21,2018-11-08,-0.3229178,-1.5666547,-1.4544687
22,2018-11-08,-0.3229178,-0.32092947,-0.106666334
23,2018-11-08,-0.3229178,-0.47148153,-0.90816176
0,2018-11-09,-0.31159815,-1.4726714,-1.2387501
1,2018-11-09,-0.31159815,0.11705905,0.6731076
2,2018-11-09,-0.31159815,-1.558584,-0.8687662
3,2018-11-09,-0.31159815,-0.3388876,0.46300325
4,2018-11-09,-0.31159815,1.031676,1.3354039
5,2018-11-09,-0.31159815,1.1743753,0.8434879
6,2018-11-09,-0.31159815,1.3712707,2.2001386
7,2018-11-09,-0.31159815,-0.75095373,-0.80360293
8,2018-11-09,-0.31159815,0.16906348,0.08125704
9,2018-11-09,-0.31159815,-0.5674619,-0.48703113
10,2018-11-09,-0.31159815,0.98636967,0.76442677
11,2018-11-09,-0.31159815,-0.008049134,0.123243004
12,2018-11-09,-0.31159815,0.7126785,0.91114324
13,2018-11-09,-0.31159815,-0.3196527,-0.42985854
14,2018-11-09,-0.31159815,-0.16274804,0.24350798
15,2018-11-09,-0.31159815,1.5675777,0.8820258
16,2018-11-09,-0.31159815,0.9701544,0.75178206
17,2018-11-09,-0.31159815,1.4425687,1.5287834
18,2018-11-09,-0.31159815,-0.35112208,-0.05424769
19,2018-11-09,-0.31159815,0.21211499,0.37600324
20,2018-11-09,-0.31159815,1.295611,0.79077107
21,2018-11-09,-0.31159815,-1.4795382,-1.83127
22,2018-11-09,-0.31159815,-0.38668877,0.19252542
23,2018-11-09,-0.31159815,-0.5431732,-0.99854255
0,2018-11-10,-0.2176937,-1.4588169,-1.3176512
1,2018-11-10,-0.2176937,0.1582897,0.4874617
2,2018-11-10,-0.2176937,-1.5416989,-1.2655915
3,2018-11-10,-0.2176937,-0.5013741,0.35745886
4,2018-11-10,-0.2176937,0.07844385,-2.937758
5,2018-11-10,-0.2176937,0.85086715,0.20528828
6,2018-11-10,-0.2176937,0.13838777,-2.0912828
7,2018-11-10,-0.2176937,-0.72267187,-0.628759
8,2018-11-10,-0.2176937,0.21590306,-0.24708821
9,2018-11-10,-0.2176937,-0.9769979,-2.3902419
10,2018-11-10,-0.2176937,0.45298758,-0.4880353
11,2018-11-10,-0.2176937,0.088749215,0.3838846
12,2018-11-10,-0.2176937,0.8291723,1.196255
13,2018-11-10,-0.2176937,-0.6013495,-0.77066916
14,2018-11-10,-0.2176937,0.05797487,0.3200414
15,2018-11-10,-0.2176937,1.3532891,0.46272305
16,2018-11-10,-0.2176937,1.1226857,1.1303207
17,2018-11-10,-0.2176937,0.6321004,1.1056833
18,2018-11-10,-0.2176937,-0.10902139,0.6916317
19,2018-11-10,-0.2176937,0.34300277,0.7843931
20,2018-11-10,-0.2176937,0.986956,0.93282133
21,2018-11-10,-0.2176937,-1.5889312,-2.0418108
22,2018-11-10,-0.2176937,-0.6201875,-0.40823218
23,2018-11-10,-0.2176937,-0.5235002,-0.8127169
0,2018-11-11,-0.1462191,-1.4644823,-0.83771366
1,2018-11-11,-0.1462191,0.0022053113,0.4937612
2,2018-11-11,-0.1462191,-1.4589041,-0.41879123
3,2018-11-11,-0.1462191,-0.6538104,0.05746161
4,2018-11-11,-0.1462191,0.36237115,-0.4164931
5,2018-11-11,-0.1462191,0.8060457,-0.21597333
6,2018-11-11,-0.1462191,0.088466614,-2.9685597
7,2018-11-11,-0.1462191,-0.7504927,-0.51363564
8,2018-11-11,-0.1462191,0.028737405,0.21382517
9,2018-11-11,-0.1462191,-0.96088636,-2.1595676
10,2018-11-11,-0.1462191,0.29756656,-0.55084306
11,2018-11-11,-0.1462191,0.015248166,0.52160424
12,2018-11-11,-0.1462191,0.70085824,1.1011224
13,2018-11-11,-0.1462191,-0.5408073,-0.2704268
14,2018-11-11,-0.1462191,0.06117342,0.579729
15,2018-11-11,-0.1462191,1.3107514,0.6721686
16,2018-11-11,-0.1462191,1.0223869,1.0021755
17,2018-11-11,-0.1462191,0.7380068,1.1410732
18,2018-11-11,-0.1462191,-0.33348328,0.04739831
19,2018-11-11,-0.1462191,0.2416401,0.67681134
20,2018-11-11,-0.1462191,0.9608519,1.2585096
21,2018-11-11,-0.1462191,-1.8644011,-2.035016
22,2018-11-11,-0.1462191,-0.5987813,-0.043334786
23,2018-11-11,-0.1462191,-0.7494292,-1.2316903
0,2018-11-12,-0.22409676,-1.4615494,-0.9672027
1,2018-11-12,-0.22409676,0.069376245,0.7198914
2,2018-11-12,-0.22409676,-1.6074399,-0.56772894
3,2018-11-12,-0.22409676,-0.35647044,0.7008392
4,2018-11-12,-0.22409676,1.080943,1.3061752
5,2018-11-12,-0.22409676,1.1733073,1.1541902
6,2018-11-12,-0.22409676,1.400716,2.299388
7,2018-11-12,-0.22409676,-0.8460638,-0.7323887
8,2018-11-12,-0.22409676,0.30415636,0.39660814
9,2018-11-12,-0.22409676,-0.23054427,0.32864097
10,2018-11-12,-0.22409676,0.9128457,0.8518938
11,2018-11-12,-0.22409676,-0.014779761,0.6446725
12,2018-11-12,-0.22409676,0.73995197,1.1790332
13,2018-11-12,-0.22409676,-0.22020312,-0.1405851
14,2018-11-12,-0.22409676,-0.01848617,0.3471727
15,2018-11-12,-0.22409676,1.5977879,1.0426569
16,2018-11-12,-0.22409676,0.96973145,0.7804991
17,2018-11-12,-0.22409676,1.6318103,1.475528
18,2018-11-12,-0.22409676,-0.14434491,0.541653
19,2018-11-12,-0.22409676,0.25493023,0.82421744
20,2018-11-12,-0.22409676,1.4064882,1.154033
21,2018-11-12,-0.22409676,-1.6661359,-1.3597643
22,2018-11-12,-0.22409676,-0.40276226,-0.027201133
23,2018-11-12,-0.22409676,-0.9192465,-1.3031195
0,2018-11-13,-0.24939056,-1.3692067,-1.089366
1,2018-11-13,-0.24939056,0.15847917,0.73915386
2,2018-11-13,-0.24939056,-1.4264108,-0.77225447
3,2018-11-13,-0.24939056,-0.24719582,0.92204195
4,2018-11-13,-0.24939056,1.2902796,1.3984637
5,2018-11-13,-0.24939056,1.1996449,1.0277373
6,2018-11-13,-0.24939056,1.444384,2.5097349
7,2018-11-13,-0.24939056,-0.789635,-0.74059147
8,2018-11-13,-0.24939056,0.19795366,-0.1163336
9,2018-11-13,-0.24939056,-0.15163293,0.12830976
10,2018-11-13,-0.24939056,1.0988176,0.87747896
11,2018-11-13,-0.24939056,0.04221793,0.37154022
12,2018-11-13,-0.24939056,0.7726105,1.0443358
13,2018-11-13,-0.24939056,-0.12568623,0.09262888
14,2018-11-13,-0.24939056,-0.06268278,0.29579833
15,2018-11-13,-0.24939056,1.6320451,1.0560895
16,2018-11-13,-0.24939056,1.0252606,0.67552143
17,2018-11-13,-0.24939056,1.6892272,1.3107781
18,2018-11-13,-0.24939056,-0.19377701,-0.10842154
19,2018-11-13,-0.24939056,0.3208024,0.64599586
20,2018-11-13,-0.24939056,1.4846402,0.7457819
21,2018-11-13,-0.24939056,-1.6460601,-1.835402
22,2018-11-13,-0.24939056,-0.37858915,0.21840516
23,2018-11-13,-0.24939056,-0.8528857,-1.3292192
0,2018-11-14,-0.27914837,-1.5527833,-1.2658176
1,2018-11-14,-0.27914837,0.050578568,0.6257097
2,2018-11-14,-0.27914837,-1.5151416,-0.9216263
3,2018-11-14,-0.27914837,-0.3005917,0.7701408
4,2018-11-14,-0.27914837,1.2696524,1.3033775
5,2018-11-14,-0.27914837,1.1748172,0.84106296
6,2018-11-14,-0.27914837,1.4538356,2.360872
7,2018-11-14,-0.27914837,-0.8404232,-0.8407607
8,2018-11-14,-0.27914837,0.16080469,0.022951579
9,2018-11-14,-0.27914837,0.07976373,0.37107342
10,2018-11-14,-0.27914837,1.0943272,0.87867224
11,2018-11-14,-0.27914837,0.01591889,0.47581002
12,2018-11-14,-0.27914837,0.78775126,1.0689445
13,2018-11-14,-0.27914837,-0.2131752,-0.15131657
14,2018-11-14,-0.27914837,-0.050251465,0.36644393
15,2018-11-14,-0.27914837,1.5886353,0.9270943
16,2018-11-14,-0.27914837,0.9539855,0.8076511
17,2018-11-14,-0.27914837,1.5711561,0.7419704
18,2018-11-14,-0.27914837,-0.190222,0.44240505
19,2018-11-14,-0.27914837,0.28338733,0.73161983
20,2018-11-14,-0.27914837,1.4810765,-0.25510442
21,2018-11-14,-0.27914837,-1.786288,-1.8324033
22,2018-11-14,-0.27914837,-0.5241778,0.109368
23,2018-11-14,-0.27914837,-0.88626266,-1.3040129
0,2018-11-15,-0.45289448,-1.4031299,-1.1981566
1,2018-11-15,-0.45289448,0.10302938,0.5998234
2,2018-11-15,-0.45289448,-1.4438982,-0.70905066
3,2018-11-15,-0.45289448,-0.2771687,0.76388407
4,2018-11-15,-0.45289448,1.0175464,1.2881
5,2018-11-15,-0.45289448,1.1462982,0.8497056
6,2018-11-15,-0.45289448,1.4596317,2.428647
7,2018-11-15,-0.45289448,-0.76043516,-1.1111794
8,2018-11-15,-0.45289448,0.24653335,0.42665228
9,2018-11-15,-0.45289448,0.008436795,0.23130667
10,2018-11-15,-0.45289448,1.0743371,1.1515117
11,2018-11-15,-0.45289448,-0.016244616,0.20061545
12,2018-11-15,-0.45289448,0.7434129,1.1168206
13,2018-11-15,-0.45289448,-0.36378095,-0.30992725
14,2018-11-15,-0.45289448,-0.033380624,0.23934473
15,2018-11-15,-0.45289448,1.6248342,1.119191
16,2018-11-15,-0.45289448,0.95870537,0.78848803
17,2018-11-15,-0.45289448,1.648748,1.4124038
18,2018-11-15,-0.45289448,-0.27740175,-0.17378658
19,2018-11-15,-0.45289448,0.2641809,0.6151903
20,2018-11-15,-0.45289448,1.2894167,0.95217276
21,2018-11-15,-0.45289448,-1.7670022,-1.8375578
22,2018-11-15,-0.45289448,-0.45405376,0.32761782
23,2018-11-15,-0.45289448,-0.9104119,-1.2037034
0,2018-11-16,-0.8610159,-1.359989,-1.0427054
1,2018-11-16,-0.8610159,0.16373302,0.78755444
2,2018-11-16,-0.8610159,-1.3886479,-0.92374307
3,2018-11-16,-0.8610159,-0.2334272,0.817317
4,2018-11-16,-0.8610159,0.93739593,1.1641123
5,2018-11-16,-0.8610159,1.232987,1.073289
6,2018-11-16,-0.8610159,1.3820623,2.2888277
7,2018-11-16,-0.8610159,-0.58829653,-0.8539311
8,2018-11-16,-0.8610159,0.49293503,0.16136414
9,2018-11-16,-0.8610159,0.0018662798,0.49995047
10,2018-11-16,-0.8610159,1.0714699,0.83865607
11,2018-11-16,-0.8610159,0.07095855,0.28762737
12,2018-11-16,-0.8610159,0.82774186,1.104915
13,2018-11-16,-0.8610159,-0.23730059,-0.14608182
14,2018-11-16,-0.8610159,0.06535145,0.21926475
15,2018-11-16,-0.8610159,1.6296751,0.8153524
16,2018-11-16,-0.8610159,1.0917594,0.8964848
17,2018-11-16,-0.8610159,1.4264535,1.4900626
18,2018-11-16,-0.8610159,-0.015561965,0.7554432
19,2018-11-16,-0.8610159,0.31222522,0.68087524
20,2018-11-16,-0.8610159,1.3780049,0.70834947
21,2018-11-16,-0.8610159,-1.6685426,-1.3721136
22,2018-11-16,-0.8610159,-0.38066876,0.21251355
23,2018-11-16,-0.8610159,-0.68177015,-1.0455751
0,2018-11-17,-1.0640159,-1.3254422,-1.1338587
1,2018-11-17,-1.0640159,0.3078632,0.7474052
2,2018-11-17,-1.0640159,-1.2867467,-0.69801134
3,2018-11-17,-1.0640159,-0.38689795,0.36640328
4,2018-11-17,-1.0640159,0.08406792,-3.430982
5,2018-11-17,-1.0640159,0.92031723,0.18216428
6,2018-11-17,-1.0640159,-0.101280086,-1.7196109
7,2018-11-17,-1.0640159,-0.5030766,-0.60474116
8,2018-11-17,-1.0640159,0.5481697,-0.10807441
9,2018-11-17,-1.0640159,-0.7305728,-2.9939976
10,2018-11-17,-1.0640159,0.5172811,-0.43830776
11,2018-11-17,-1.0640159,0.3153444,0.5093195
12,2018-11-17,-1.0640159,0.9553481,1.2962531
13,2018-11-17,-1.0640159,-0.4849506,-0.76147735
14,2018-11-17,-1.0640159,0.1388791,0.4178958
15,2018-11-17,-1.0640159,1.5206157,0.6620079
16,2018-11-17,-1.0640159,1.2693955,1.030952
17,2018-11-17,-1.0640159,0.67347836,1.0588822
18,2018-11-17,-1.0640159,0.015796397,0.062046017
19,2018-11-17,-1.0640159,0.5770888,0.878823
20,2018-11-17,-1.0640159,1.2045602,0.7937997
21,2018-11-17,-1.0640159,-1.6851919,-1.1757419
22,2018-11-17,-1.0640159,-0.8233157,-0.6342216
23,2018-11-17,-1.0640159,-0.5542383,-0.8057578
0,2018-11-18,-1.2573823,-1.0338773,-0.2485101
1,2018-11-18,-1.2573823,0.44035944,0.8403185
2,2018-11-18,-1.2573823,-1.1700344,-0.8340416
3,2018-11-18,-1.2573823,-0.4411077,0.305708
4,2018-11-18,-1.2573823,0.0067654937,-3.3021138
5,2018-11-18,-1.2573823,0.94462705,0.21632469
6,2018-11-18,-1.2573823,-0.16726647,-2.0320604
7,2018-11-18,-1.2573823,-0.55591923,-0.42670715
8,2018-11-18,-1.2573823,0.6670794,0.43342245
9,2018-11-18,-1.2573823,-0.73321813,-2.158927
10,2018-11-18,-1.2573823,0.49304608,-0.5539283
11,2018-11-18,-1.2573823,0.32878456,0.7108116
12,2018-11-18,-1.2573823,0.92623127,1.2150276
13,2018-11-18,-1.2573823,-0.3441341,-0.31925467
14,2018-11-18,-1.2573823,0.2934647,0.7856032
15,2018-11-18,-1.2573823,1.4666895,0.57543766
16,2018-11-18,-1.2573823,1.2287021,0.9554193
17,2018-11-18,-1.2573823,0.8806005,1.1631849
18,2018-11-18,-1.2573823,0.16024315,-0.013985861
19,2018-11-18,-1.2573823,0.57619876,0.8558775
20,2018-11-18,-1.2573823,1.0258607,1.09844
21,2018-11-18,-1.2573823,-1.7385942,-1.3919708
22,2018-11-18,-1.2573823,-0.7096336,-0.24476494
23,2018-11-18,-1.2573823,-0.32678705,-0.4358495
0,2018-11-19,-1.2829345,-1.0048765,-1.1876732
1,2018-11-19,-1.2829345,0.534652,1.0214422
2,2018-11-19,-1.2829345,-0.9542589,-0.83746624
3,2018-11-19,-1.2829345,-0.12343229,0.8640276
4,2018-11-19,-1.2829345,0.92365754,1.1078604
5,2018-11-19,-1.2829345,1.3300023,1.114721
6,2018-11-19,-1.2829345,1.5266957,2.3636422
7,2018-11-19,-1.2829345,-0.41387278,-0.42893547
8,2018-11-19,-1.2829345,0.9269492,0.49214736
9,2018-11-19,-1.2829345,-0.07205409,0.20880617
10,2018-11-19,-1.2829345,1.0381094,0.7742128
11,2018-11-19,-1.2829345,0.40041748,0.6974588
12,2018-11-19,-1.2829345,1.0866983,1.2849325
13,2018-11-19,-1.2829345,0.07687806,-0.083106026
14,2018-11-19,-1.2829345,0.19132578,0.3879226
15,2018-11-19,-1.2829345,1.687673,1.0539565
16,2018-11-19,-1.2829345,1.3925039,1.0600368
17,2018-11-19,-1.2829345,1.8012197,1.1820798
18,2018-11-19,-1.2829345,0.3209492,0.3122837
19,2018-11-19,-1.2829345,0.6478431,0.8640023
20,2018-11-19,-1.2829345,1.4497938,0.24041413
21,2018-11-19,-1.2829345,-1.4950516,-0.7520247
22,2018-11-19,-1.2829345,-0.18344043,0.31764752
23,2018-11-19,-1.2829345,-0.10944712,-0.523987
0,2018-11-20,-1.1117657,-1.1145071,-1.2140182
1,2018-11-20,-1.1117657,0.5058623,0.84819007
2,2018-11-20,-1.1117657,-1.0939358,-1.3109778
3,2018-11-20,-1.1117657,-0.076300934,0.73783475
4,2018-11-20,-1.1117657,0.926251,1.185619
5,2018-11-20,-1.1117657,1.3094172,1.0864313
6,2018-11-20,-1.1117657,1.5856625,2.35978
7,2018-11-20,-1.1117657,-0.41402462,-0.6166797
8,2018-11-20,-1.1117657,0.8122703,0.13526557
9,2018-11-20,-1.1117657,-0.020870402,0.39100498
10,2018-11-20,-1.1117657,1.1208657,0.76949376
11,2018-11-20,-1.1117657,0.32271135,0.5297827
12,2018-11-20,-1.1117657,0.9956827,1.0485796
13,2018-11-20,-1.1117657,-0.05171632,-0.2307831
14,2018-11-20,-1.1117657,0.1311745,0.4581143
15,2018-11-20,-1.1117657,1.6435208,0.97231126
16,2018-11-20,-1.1117657,1.3470039,0.77814245
17,2018-11-20,-1.1117657,1.6945995,1.1770025
18,2018-11-20,-1.1117657,0.34503007,0.6447692
19,2018-11-20,-1.1117657,0.7086234,0.75731695
20,2018-11-20,-1.1117657,1.5854679,-0.10707637
21,2018-11-20,-1.1117657,-1.4878474,-1.2975733
22,2018-11-20,-1.1117657,-0.3421655,-0.12759747
23,2018-11-20,-1.1117657,-0.049232993,-0.56818247
0,2018-11-21,-0.9289612,-1.2178181,-1.5310758
1,2018-11-21,-0.9289612,0.5173875,0.76841015
2,2018-11-21,-0.9289612,-1.120712,-1.2728163
3,2018-11-21,-0.9289612,-0.12695244,0.7807649
4,2018-11-21,-0.9289612,0.90464336,1.1876216
5,2018-11-21,-0.9289612,1.3147134,1.2021688
6,2018-11-21,-0.9289612,1.5557836,2.2816207
7,2018-11-21,-0.9289612,-0.50946456,-1.049936
8,2018-11-21,-0.9289612,0.68102056,0.12956479
9,2018-11-21,-0.9289612,0.033986203,0.49723807
10,2018-11-21,-0.9289612,1.1794012,0.9190321
11,2018-11-21,-0.9289612,0.32890934,0.39996168
12,2018-11-21,-0.9289612,1.0635303,1.1779864
13,2018-11-21,-0.9289612,0.010101675,-0.05500639
14,2018-11-21,-0.9289612,0.090009466,0.13707946
15,2018-11-21,-0.9289612,1.6460918,0.9559241
16,2018-11-21,-0.9289612,1.3466842,0.8406568
17,2018-11-21,-0.9289612,1.6773515,1.2739985
18,2018-11-21,-0.9289612,0.26303214,0.5306538
19,2018-11-21,-0.9289612,0.67447937,0.7551118
20,2018-11-21,-0.9289612,1.5899088,0.031766362
21,2018-11-21,-0.9289612,-1.3769263,-1.163431
22,2018-11-21,-0.9289612,-0.30886427,0.18071996
23,2018-11-21,-0.9289612,-0.09070633,-0.8736381
0,2018-11-22,-0.85442865,-1.2662094,-1.3567743
1,2018-11-22,-0.85442865,0.41550967,0.7411569
2,2018-11-22,-0.85442865,-1.242311,-1.4567697
3,2018-11-22,-0.85442865,-0.1265657,0.8917243
4,2018-11-22,-0.85442865,0.88507587,1.1867448
5,2018-11-22,-0.85442865,1.3156483,1.1146415
6,2018-11-22,-0.85442865,1.5174786,2.220743
7,2018-11-22,-0.85442865,-0.5539254,-0.6940545
8,2018-11-22,-0.85442865,0.6761383,0.18241668
9,2018-11-22,-0.85442865,0.047149256,0.15926084
10,2018-11-22,-0.85442865,1.1851376,0.80819154
11,2018-11-22,-0.85442865,0.31299594,0.5071086
12,2018-11-22,-0.85442865,1.036178,1.0499835
13,2018-11-22,-0.85442865,-0.048383348,-0.25533187
14,2018-11-22,-0.85442865,0.051900286,0.20722261
15,2018-11-22,-0.85442865,1.6066375,0.9269121
16,2018-11-22,-0.85442865,1.3241035,0.87999326
17,2018-11-22,-0.85442865,1.7405316,1.4158502
18,2018-11-22,-0.85442865,0.11217635,0.3255402
19,2018-11-22,-0.85442865,0.6829607,0.7903146
20,2018-11-22,-0.85442865,1.3620709,0.6308058
21,2018-11-22,-0.85442865,-1.4097615,-1.4715018
22,2018-11-22,-0.85442865,-0.32611266,0.19331308
23,2018-11-22,-0.85442865,-0.03556667,-0.458382
0,2018-11-23,-0.87117517,-1.4428412,-1.1316595
1,2018-11-23,-0.87117517,0.35718337,0.6709109
2,2018-11-23,-0.87117517,-1.2048928,-1.2148782
3,2018-11-23,-0.87117517,-0.16955528,0.88126594
4,2018-11-23,-0.87117517,0.8356598,1.093306
5,2018-11-23,-0.87117517,1.3369949,1.1936609
6,2018-11-23,-0.87117517,1.4687254,2.172334
7,2018-11-23,-0.87117517,-0.670561,-0.8420948
8,2018-11-23,-0.87117517,0.5985198,-0.075432934
9,2018-11-23,-0.87117517,-0.056583878,0.19196695
10,2018-11-23,-0.87117517,1.0989769,0.7750137
11,2018-11-23,-0.87117517,0.24655354,0.18507749
12,2018-11-23,-0.87117517,0.9832923,0.8831324
13,2018-11-23,-0.87117517,-0.099779904,-0.42223608
14,2018-11-23,-0.87117517,0.17396773,0.33699125
15,2018-11-23,-0.87117517,1.5659689,0.99417233
16,2018-11-23,-0.87117517,1.3091117,0.8897888
17,2018-11-23,-0.87117517,1.515833,1.5978882
18,2018-11-23,-0.87117517,0.22411689,0.49481812
19,2018-11-23,-0.87117517,0.62216485,0.61912614
20,2018-11-23,-0.87117517,1.5132841,1.1820775
21,2018-11-23,-0.87117517,-1.4380466,-1.485424
22,2018-11-23,-0.87117517,-0.30886105,0.20404033
23,2018-11-23,-0.87117517,-0.15197702,-0.7128986
0,2018-11-24,-0.71960396,-1.5210272,-1.3334502
1,2018-11-24,-0.71960396,0.2864666,0.32615182
2,2018-11-24,-0.71960396,-1.4537016,-1.062506
3,2018-11-24,-0.71960396,-0.4607041,0.24851489
4,2018-11-24,-0.71960396,-0.0024314853,-3.5039668
5,2018-11-24,-0.71960396,0.97276896,0.16576366
6,2018-11-24,-0.71960396,0.4992216,0.13527152
7,2018-11-24,-0.71960396,-0.78774947,-1.0621146
8,2018-11-24,-0.71960396,0.359619,-0.17191015
9,2018-11-24,-0.71960396,-0.68562245,-2.8151438
10,2018-11-24,-0.71960396,0.5340735,-0.87846553
11,2018-11-24,-0.71960396,0.054251947,0.15862201
12,2018-11-24,-0.71960396,0.9871244,1.0821964
13,2018-11-24,-0.71960396,-0.48626453,-0.6365344
14,2018-11-24,-0.71960396,0.19853446,0.54345846
15,2018-11-24,-0.71960396,1.3748871,0.62326366
16,2018-11-24,-0.71960396,1.1062135,0.7294772
17,2018-11-24,-0.71960396,0.5609657,1.0531709
18,2018-11-24,-0.71960396,-0.13524151,0.16126134
19,2018-11-24,-0.71960396,0.5803662,0.53963846
20,2018-11-24,-0.71960396,0.859342,0.9693348
21,2018-11-24,-0.71960396,-1.3967623,-1.5630699
22,2018-11-24,-0.71960396,-0.8666126,-0.71201277
23,2018-11-24,-0.71960396,-0.09856875,-0.45041203
0,2018-11-25,-0.85510606,-1.4417961,-0.9593263
1,2018-11-25,-0.85510606,0.38911107,0.98626703
2,2018-11-25,-0.85510606,-1.130121,-0.46639302
3,2018-11-25,-0.85510606,-0.5077772,0.16520251
4,2018-11-25,-0.85510606,-0.035628144,-3.353829
5,2018-11-25,-0.85510606,0.9560775,-0.1474594
6,2018-11-25,-0.85510606,-0.1065142,-1.6588944
7,2018-11-25,-0.85510606,-0.7041119,-0.28973833
8,2018-11-25,-0.85510606,0.4293971,0.08817891
9,2018-11-25,-0.85510606,-0.72577226,-2.8120248
10,2018-11-25,-0.85510606,0.57303274,0.022322336
11,2018-11-25,-0.85510606,0.24801931,0.76239043
12,2018-11-25,-0.85510606,1.0254886,1.213987
13,2018-11-25,-0.85510606,-0.38421598,-0.3585616
14,2018-11-25,-0.85510606,0.23084615,0.84585106
15,2018-11-25,-0.85510606,1.3548012,0.5612
16,2018-11-25,-0.85510606,1.1696042,0.9739602
17,2018-11-25,-0.85510606,0.82316244,1.4274542
18,2018-11-25,-0.85510606,0.08908779,-0.069585435
19,2018-11-25,-0.85510606,0.6661619,0.8288237
20,2018-11-25,-0.85510606,0.97121924,0.79138476
21,2018-11-25,-0.85510606,-1.4439079,-1.1140076
22,2018-11-25,-0.85510606,-0.7972391,-0.28316513
23,2018-11-25,-0.85510606,-0.2932954,-0.36868227
0,2018-11-26,-0.97158813,-1.3813049,-1.030086
1,2018-11-26,-0.97158813,0.38295162,0.9932472
2,2018-11-26,-0.97158813,-1.1781235,-0.79743016
3,2018-11-26,-0.97158813,-0.14087476,0.92968374
4,2018-11-26,-0.97158813,0.9662595,1.2688982
5,2018-11-26,-0.97158813,1.3663406,1.2428689
6,2018-11-26,-0.97158813,1.5181906,2.419725
7,2018-11-26,-0.97158813,-0.44799018,-0.22911458
8,2018-11-26,-0.97158813,0.70986253,0.24750821
9,2018-11-26,-0.97158813,-0.2104547,-0.32873496
10,2018-11-26,-0.97158813,1.0683259,0.81078833
11,2018-11-26,-0.97158813,0.2814935,0.5239536
12,2018-11-26,-0.97158813,0.9789261,1.0914434
13,2018-11-26,-0.97158813,-0.04166419,-0.12613606
14,2018-11-26,-0.97158813,0.12745388,0.49041227
15,2018-11-26,-0.97158813,1.6605963,1.1755557
16,2018-11-26,-0.97158813,1.2221733,0.9405545
17,2018-11-26,-0.97158813,1.7333289,0.9562516
18,2018-11-26,-0.97158813,0.22105367,0.4091029
19,2018-11-26,-0.97158813,0.5914451,0.79517365
20,2018-11-26,-0.97158813,1.4034461,0.9694418
21,2018-11-26,-0.97158813,-1.3179431,-1.1314502
22,2018-11-26,-0.97158813,-0.30609098,0.2326296
23,2018-11-26,-0.97158813,-0.23635736,-0.6259926
0,2018-11-27,-0.99226767,-1.2948078,-1.2864861
1,2018-11-27,-0.99226767,0.35908085,0.7859753
2,2018-11-27,-0.99226767,-1.1922321,-0.7454864
3,2018-11-27,-0.99226767,0.25386453,1.0158409
4,2018-11-27,-0.99226767,0.9303721,1.3144056
5,2018-11-27,-0.99226767,1.4106506,1.1839528
6,2018-11-27,-0.99226767,1.489132,2.338617
7,2018-11-27,-0.99226767,-0.43782702,-0.45861754
8,2018-11-27,-0.99226767,0.67160016,0.25322184
9,2018-11-27,-0.99226767,-0.12068655,-0.051581122
10,2018-11-27,-0.99226767,1.1296608,0.9847926
11,2018-11-27,-0.99226767,0.2724704,0.48427787
12,2018-11-27,-0.99226767,0.882509,1.0219151
13,2018-11-27,-0.99226767,-0.094622865,-0.12032002
14,2018-11-27,-0.99226767,0.111796945,0.5061633
15,2018-11-27,-0.99226767,1.6537533,1.144097
16,2018-11-27,-0.99226767,1.2257031,1.0396167
17,2018-11-27,-0.99226767,1.7550416,1.4656792
18,2018-11-27,-0.99226767,0.21831344,0.7576729
19,2018-11-27,-0.99226767,0.62642956,0.81909144
20,2018-11-27,-0.99226767,1.5519433,1.0323079
21,2018-11-27,-0.99226767,-1.3782908,-1.1901255
22,2018-11-27,-0.99226767,-0.4012942,0.12852839
23,2018-11-27,-0.99226767,-0.19187403,-0.5177333
0,2018-11-28,-0.84795296,-1.3421346,-1.3523852
1,2018-11-28,-0.84795296,0.34349686,0.81172234
2,2018-11-28,-0.84795296,-1.3848957,-0.422341
3,2018-11-28,-0.84795296,0.4607041,1.584883
4,2018-11-28,-0.84795296,0.9229226,1.2614558
5,2018-11-28,-0.84795296,1.3399007,0.8855738
6,2018-11-28,-0.84795296,1.4940708,2.250366
7,2018-11-28,-0.84795296,-0.4157684,-0.21453208
8,2018-11-28,-0.84795296,0.6605153,0.45315206
9,2018-11-28,-0.84795296,-0.13977005,-0.3103628
10,2018-11-28,-0.84795296,1.1574632,0.78607076
11,2018-11-28,-0.84795296,0.24251957,0.40084466
12,2018-11-28,-0.84795296,0.9217546,1.0831556
13,2018-11-28,-0.84795296,-0.10641557,-0.2051149
14,2018-11-28,-0.84795296,0.13326558,0.3850539
15,2018-11-28,-0.84795296,1.6501731,1.0516117
16,2018-11-28,-0.84795296,1.2612505,1.0696156
17,2018-11-28,-0.84795296,1.6166322,0.89169747
18,2018-11-28,-0.84795296,0.24926212,0.63948745
19,2018-11-28,-0.84795296,0.68821955,0.71444553
20,2018-11-28,-0.84795296,1.5525268,0.6511533
21,2018-11-28,-0.84795296,-1.4350471,-1.3084178
22,2018-11-28,-0.84795296,-0.33937666,0.17228107
23,2018-11-28,-0.84795296,-0.21339954,-0.60313517
0,2018-11-29,-0.90010923,-1.2799537,-1.0449528
1,2018-11-29,-0.90010923,0.3956637,0.87729216
2,2018-11-29,-0.90010923,-1.2191312,-0.75824887
3,2018-11-29,-0.90010923,0.49924773,1.4032733
4,2018-11-29,-0.90010923,0.9544943,1.2967
5,2018-11-29,-0.90010923,1.3407706,0.7863719
6,2018-11-29,-0.90010923,1.4885622,2.265876
7,2018-11-29,-0.90010923,-0.4879129,-0.30692467
8,2018-11-29,-0.90010923,0.68101734,0.2247469
9,2018-11-29,-0.90010923,-0.022566937,-0.021460649
10,2018-11-29,-0.90010923,1.1649586,1.0174783
11,2018-11-29,-0.90010923,0.22782926,0.46044734
12,2018-11-29,-0.90010923,0.93019825,1.1650451
13,2018-11-29,-0.90010923,-0.051146526,-0.2423032
14,2018-11-29,-0.90010923,0.13895893,0.26441917
15,2018-11-29,-0.90010923,1.6248049,1.0982403
16,2018-11-29,-0.90010923,1.3145849,0.9611095
17,2018-11-29,-0.90010923,1.7639766,1.5071716
18,2018-11-29,-0.90010923,0.19198275,0.48116177
19,2018-11-29,-0.90010923,0.6957324,0.855502
20,2018-11-29,-0.90010923,1.6274914,0.98448956
21,2018-11-29,-0.90010923,-1.3898779,-1.0822251
22,2018-11-29,-0.90010923,-0.36103797,0.0207942
23,2018-11-29,-0.90010923,-0.16372018,-0.38299337
0,2018-11-30,-0.8219575,-1.3444843,-1.1994163
1,2018-11-30,-0.8219575,0.36378416,0.7709141
2,2018-11-30,-0.8219575,-1.2354323,-1.2999895
3,2018-11-30,-0.8219575,0.48397756,1.6761001
4,2018-11-30,-0.8219575,0.8769822,1.1399429
5,2018-11-30,-0.8219575,1.3818122,1.0344934
6,2018-11-30,-0.8219575,1.4950286,2.2636747
7,2018-11-30,-0.8219575,-0.44868982,-0.6209435
8,2018-11-30,-0.8219575,0.5972866,-0.27019227
9,2018-11-30,-0.8219575,-0.21886352,-0.27379185
10,2018-11-30,-0.8219575,1.1183838,0.9772443
11,2018-11-30,-0.8219575,0.21544474,-0.015941868
12,2018-11-30,-0.8219575,0.9979936,0.915789
13,2018-11-30,-0.8219575,-0.14873305,-0.54974437
14,2018-11-30,-0.8219575,0.20082693,0.19688487
15,2018-11-30,-0.8219575,1.6459514,0.96447915
16,2018-11-30,-0.8219575,1.3520973,0.5153914
17,2018-11-30,-0.8219575,1.8232719,2.0796018
18,2018-11-30,-0.8219575,0.23460256,0.5358634
19,2018-11-30,-0.8219575,0.6887811,0.5735858
20,2018-11-30,-0.8219575,1.4300722,0.6193708
21,2018-11-30,-0.8219575,-1.4138831,-1.6431098
22,2018-11-30,-0.8219575,-0.33957943,0.077865526
23,2018-11-30,-0.8219575,-0.17849764,-0.44466543
0,2018-12-01,-0.62809265,-1.3353379,-1.137098
1,2018-12-01,-0.62809265,0.31215182,0.4759203
2,2018-12-01,-0.62809265,-1.3793716,-0.8753975
3,2018-12-01,-0.62809265,0.3671809,0.28391442
4,2018-12-01,-0.62809265,0.011493127,-2.6578987
5,2018-12-01,-0.62809265,1.0124677,0.053078573
6,2018-12-01,-0.62809265,0.04534399,-0.59814894
7,2018-12-01,-0.62809265,-0.61365324,-0.55777127
8,2018-12-01,-0.62809265,0.54105,-0.13497636
9,2018-12-01,-0.62809265,-0.67598325,-3.264997
10,2018-12-01,-0.62809265,0.58400196,-0.67454064
11,2018-12-01,-0.62809265,0.17847195,0.12684548
12,2018-12-01,-0.62809265,0.96960485,1.0165743
13,2018-12-01,-0.62809265,-0.41448247,-0.5959657
14,2018-12-01,-0.62809265,0.17153488,0.45935148
15,2018-12-01,-0.62809265,1.4089292,0.59202546
16,2018-12-01,-0.62809265,1.2365475,0.6177399
17,2018-12-01,-0.62809265,1.0862451,1.8057182
18,2018-12-01,-0.62809265,0.150258,0.16137661
19,2018-12-01,-0.62809265,0.6194746,0.6417294
20,2018-12-01,-0.62809265,1.1192567,0.97687685
21,2018-12-01,-0.62809265,-1.5405406,-1.4871521
22,2018-12-01,-0.62809265,-0.7693853,-0.68242925
23,2018-12-01,-0.62809265,-0.34508422,-0.72667986
0,2018-12-02,-0.29409114,-1.1443819,-0.71733093
1,2018-12-02,-0.29409114,0.38827473,1.0151681
2,2018-12-02,-0.29409114,-0.99160194,-0.3073514
3,2018-12-02,-0.29409114,0.36323825,0.28690338
4,2018-12-02,-0.29409114,0.061765235,-3.0900676
5,2018-12-02,-0.29409114,1.0054027,0.10118226
6,2018-12-02,-0.29409114,-0.091987684,-2.6303444
7,2018-12-02,-0.29409114,-0.39798278,0.12533115
8,2018-12-02,-0.29409114,0.52286524,0.33820793
9,2018-12-02,-0.29409114,-0.68413377,-3.0695431
10,2018-12-02,-0.29409114,0.45274442,-0.3636928
11,2018-12-02,-0.29409114,0.35087252,0.7453508
12,2018-12-02,-0.29409114,0.90994537,1.1285356
13,2018-12-02,-0.29409114,-0.3752759,-0.63209516
14,2018-12-02,-0.29409114,0.37055838,0.6562532
15,2018-12-02,-0.29409114,1.400063,0.7473373
16,2018-12-02,-0.29409114,1.3205779,1.3640903
17,2018-12-02,-0.29409114,0.9043456,1.3130542
18,2018-12-02,-0.29409114,0.3571797,0.38427642
19,2018-12-02,-0.29409114,0.6432554,1.0240903
20,2018-12-02,-0.29409114,0.76654875,0.43001312
21,2018-12-02,-0.29409114,-1.3577199,-1.2888633
22,2018-12-02,-0.29409114,-0.6544228,-0.14221315
23,2018-12-02,-0.29409114,-0.3674213,-0.56571746
0,2018-12-03,-0.20063224,-1.3100945,-0.85502505
1,2018-12-03,-0.20063224,0.2485602,0.918006
2,2018-12-03,-0.20063224,-1.1805485,-0.88228047
3,2018-12-03,-0.20063224,0.30835685,1.170674
4,2018-12-03,-0.20063224,1.186208,1.6158676
5,2018-12-03,-0.20063224,1.3696731,1.2263367
6,2018-12-03,-0.20063224,1.5279216,2.3479016
7,2018-12-03,-0.20063224,-0.43970248,-0.35465017
8,2018-12-03,-0.20063224,0.41235608,0.22153431
9,2018-12-03,-0.20063224,-0.23526777,0.34013557
10,2018-12-03,-0.20063224,1.1103346,0.8960632
11,2018-12-03,-0.20063224,0.1711128,0.6396781
12,2018-12-03,-0.20063224,0.89527017,1.1645468
13,2018-12-03,-0.20063224,-0.09829349,-0.064089864
14,2018-12-03,-0.20063224,-0.06371042,0.4467415
15,2018-12-03,-0.20063224,1.678747,1.082334
16,2018-12-03,-0.20063224,1.1557732,1.1390116
17,2018-12-03,-0.20063224,1.604151,1.3477123
18,2018-12-03,-0.20063224,-0.058330417,-0.0052840374
19,2018-12-03,-0.20063224,0.5225611,0.7554371
20,2018-12-03,-0.20063224,0.6561955,1.2561895
21,2018-12-03,-0.20063224,-1.3576497,-0.9013304
22,2018-12-03,-0.20063224,-0.35232958,0.15615317
23,2018-12-03,-0.20063224,-0.3990884,-0.7984815
0,2018-12-04,-0.5202054,-1.4258015,-1.4043967
1,2018-12-04,-0.5202054,0.119420804,0.83090574
2,2018-12-04,-0.5202054,-1.4973367,-0.78519374
3,2018-12-04,-0.5202054,0.013251137,1.0421157
4,2018-12-04,-0.5202054,1.0949167,1.2303154
5,2018-12-04,-0.5202054,1.3429397,1.0362985
6,2018-12-04,-0.5202054,1.5691178,2.2908502
7,2018-12-04,-0.5202054,-0.5882277,-0.34306067
8,2018-12-04,-0.5202054,0.40103176,0.5012966
9,2018-12-04,-0.5202054,-0.33250013,0.31791985
10,2018-12-04,-0.5202054,1.186524,1.0671712
11,2018-12-04,-0.5202054,0.1269139,0.6224973
12,2018-12-04,-0.5202054,0.8354506,0.9982194
13,2018-12-04,-0.5202054,-0.21011521,-0.23561549
14,2018-12-04,-0.5202054,-0.07786442,0.35211268
15,2018-12-04,-0.5202054,1.6668402,1.0051091
16,2018-12-04,-0.5202054,1.0626678,1.0077971
17,2018-12-04,-0.5202054,1.6632856,1.4400913
18,2018-12-04,-0.5202054,-0.03580385,0.62216437
19,2018-12-04,-0.5202054,0.508013,0.89952034
20,2018-12-04,-0.5202054,1.5365117,0.66922706
21,2018-12-04,-0.5202054,-1.3322238,-1.0791396
22,2018-12-04,-0.5202054,-0.38727736,0.076280236
23,2018-12-04,-0.5202054,-0.3502743,-0.7851817
0,2018-12-05,-0.4898864,-1.3477476,-1.0277468
1,2018-12-05,-0.4898864,0.12599315,0.5288153
2,2018-12-05,-0.4898864,-1.347248,-0.5370674
3,2018-12-05,-0.4898864,0.14971435,1.1398313
4,2018-12-05,-0.4898864,0.9175444,1.3080436
5,2018-12-05,-0.4898864,1.3519917,0.9054039
6,2018-12-05,-0.4898864,1.5352197,2.4385166
7,2018-12-05,-0.4898864,-0.48591447,-0.40644246
8,2018-12-05,-0.4898864,0.5434003,0.031677566
9,2018-12-05,-0.4898864,-0.2058835,-0.33675614
10,2018-12-05,-0.4898864,1.1317381,0.5722909
11,2018-12-05,-0.4898864,0.24284942,0.45857936
12,2018-12-05,-0.4898864,0.9705375,1.1736517
13,2018-12-05,-0.4898864,-0.16148229,-0.16538757
14,2018-12-05,-0.4898864,0.041844487,0.3417199
15,2018-12-05,-0.4898864,1.6183251,0.968339
16,2018-12-05,-0.4898864,1.1201532,1.0724418
17,2018-12-05,-0.4898864,1.6051823,0.88907385
18,2018-12-05,-0.4898864,0.10236692,-0.059032705
19,2018-12-05,-0.4898864,0.5950891,0.73924553
20,2018-12-05,-0.4898864,1.4725347,0.8843103
21,2018-12-05,-0.4898864,-1.3779136,-1.2803471
22,2018-12-05,-0.4898864,-0.4635728,-0.08499952
23,2018-12-05,-0.4898864,-0.26544482,-0.47673577
0,2018-12-06,-0.41181052,-1.2384019,-1.4509432
1,2018-12-06,-0.41181052,0.20774932,0.6714636
2,2018-12-06,-0.41181052,-1.4405459,-0.8292725
3,2018-12-06,-0.41181052,0.032237828,0.85873395
4,2018-12-06,-0.41181052,0.96892446,1.3627481
5,2018-12-06,-0.41181052,1.32264,1.0388178
6,2018-12-06,-0.41181052,1.6989156,2.1716673
7,2018-12-06,-0.41181052,-0.5260537,-0.3496189
8,2018-12-06,-0.41181052,0.47475028,0.13887668
9,2018-12-06,-0.41181052,-0.12632209,-0.35529533
10,2018-12-06,-0.41181052,1.1677182,0.92602456
11,2018-12-06,-0.41181052,0.1407197,0.27725932
12,2018-12-06,-0.41181052,0.8911362,0.91063845
13,2018-12-06,-0.41181052,-0.11862575,-0.15025428
14,2018-12-06,-0.41181052,-0.077575855,0.2216166
15,2018-12-06,-0.41181052,1.6690266,1.0959231
16,2018-12-06,-0.41181052,1.1312596,0.8795165
17,2018-12-06,-0.41181052,1.6686156,1.2417953
18,2018-12-06,-0.41181052,-0.034440387,0.59760064
19,2018-12-06,-0.41181052,0.5852517,0.412485
20,2018-12-06,-0.41181052,1.5059915,0.61391264
21,2018-12-06,-0.41181052,-1.3277829,-1.5590038
22,2018-12-06,-0.41181052,-0.37472448,0.10300115
23,2018-12-06,-0.41181052,-0.1885727,-0.17604867
0,2018-12-07,-0.5989859,-1.3443004,-1.1621289
1,2018-12-07,-0.5989859,0.11100557,0.51291966
2,2018-12-07,-0.5989859,-1.4812815,-0.35511354
3,2018-12-07,-0.5989859,0.020077648,0.9839295
4,2018-12-07,-0.5989859,1.0311027,1.5623057
5,2018-12-07,-0.5989859,1.2721013,0.9164729
6,2018-12-07,-0.5989859,1.3842827,1.8973079
7,2018-12-07,-0.5989859,-0.6055009,-0.7248347
8,2018-12-07,-0.5989859,0.34251282,0.04638722
9,2018-12-07,-0.5989859,0.10694911,-0.45406687
10,2018-12-07,-0.5989859,1.0631478,0.5156315
11,2018-12-07,-0.5989859,0.043655258,0.055335104
12,2018-12-07,-0.5989859,0.7799343,0.7779357
13,2018-12-07,-0.5989859,-0.22692183,-0.3746993
14,2018-12-07,-0.5989859,-0.0891768,0.3233765
15,2018-12-07,-0.5989859,1.6087277,0.9847983
16,2018-12-07,-0.5989859,1.0149933,0.9890651
17,2018-12-07,-0.5989859,1.4772426,1.717715
18,2018-12-07,-0.5989859,-0.06980795,0.26363325
19,2018-12-07,-0.5989859,0.42078736,0.6798661
20,2018-12-07,-0.5989859,1.3230524,0.5090539
21,2018-12-07,-0.5989859,-1.4371161,-1.9215175
22,2018-12-07,-0.5989859,-0.52137244,-0.089513734
23,2018-12-07,-0.5989859,-0.4489793,-0.82339543
0,2018-12-08,-0.6201475,-1.2367347,-1.0745411
1,2018-12-08,-0.6201475,0.28226382,0.75341225
2,2018-12-08,-0.6201475,-1.130299,-0.08239432
3,2018-12-08,-0.6201475,-0.060538482,0.54541653
4,2018-12-08,-0.6201475,-0.09681441,-3.1889892
5,2018-12-08,-0.6201475,1.0773,0.2306619
6,2018-12-08,-0.6201475,0.2227282,-1.2360567
7,2018-12-08,-0.6201475,-0.44266888,-0.4022903
8,2018-12-08,-0.6201475,0.5884213,0.10349959
9,2018-12-08,-0.6201475,0.03215846,-2.5502033
10,2018-12-08,-0.6201475,0.57968813,-0.61441016
11,2018-12-08,-0.6201475,0.2020881,0.2875305
12,2018-12-08,-0.6201475,0.8364879,0.8528853
13,2018-12-08,-0.6201475,-0.4808024,-0.66671777
14,2018-12-08,-0.6201475,0.210418,0.39795753
15,2018-12-08,-0.6201475,1.3713683,0.53853
16,2018-12-08,-0.6201475,1.2309785,0.9252194
17,2018-12-08,-0.6201475,0.67399627,1.3584921
18,2018-12-08,-0.6201475,0.19444038,0.49307904
19,2018-12-08,-0.6201475,0.59094137,0.72212917
20,2018-12-08,-0.6201475,1.1180025,1.0468566
21,2018-12-08,-0.6201475,-1.3870188,-1.5276041
22,2018-12-08,-0.6201475,-0.7532191,-0.7975092
23,2018-12-08,-0.6201475,-0.36158803,-0.2957074
0,2018-12-09,-0.74251205,-1.1476332,-0.84461945
1,2018-12-09,-0.74251205,0.35225984,0.8880724
2,2018-12-09,-0.74251205,-1.012878,-0.4097356
3,2018-12-09,-0.74251205,-0.18247701,0.26443854
4,2018-12-09,-0.74251205,-0.09759478,-3.0833719
5,2018-12-09,-0.74251205,1.0534008,0.041435353
6,2018-12-09,-0.74251205,0.1277452,-1.7599239
7,2018-12-09,-0.74251205,-0.5619869,0.025813384
8,2018-12-09,-0.74251205,0.51063716,0.14866227
9,2018-12-09,-0.74251205,-0.5644166,-1.3264538
10,2018-12-09,-0.74251205,0.42845482,-0.6094205
11,2018-12-09,-0.74251205,0.32563233,0.8791356
12,2018-12-09,-0.74251205,0.87844753,1.1846585
13,2018-12-09,-0.74251205,-0.3262824,-0.34823078
14,2018-12-09,-0.74251205,0.22130601,0.5474552
15,2018-12-09,-0.74251205,1.4091334,0.72589505
16,2018-12-09,-0.74251205,1.256578,1.2467272
17,2018-12-09,-0.74251205,0.79197884,1.2924589
18,2018-12-09,-0.74251205,0.2750345,0.6123312
19,2018-12-09,-0.74251205,0.61230814,0.9233016
20,2018-12-09,-0.74251205,0.9052021,0.7657229
21,2018-12-09,-0.74251205,-1.2242905,-1.1240771
22,2018-12-09,-0.74251205,-0.62412745,-0.23096913
23,2018-12-09,-0.74251205,-0.3242303,-0.5612535
0,2018-12-10,-0.9922551,-1.0986396,-0.9461009
1,2018-12-10,-0.9922551,0.28586927,0.84699374
2,2018-12-10,-0.9922551,-1.1984746,-0.6473493
3,2018-12-10,-0.9922551,0.1560587,1.1672691
4,2018-12-10,-0.9922551,0.9417717,1.258441
5,2018-12-10,-0.9922551,1.3528799,1.1129351
6,2018-12-10,-0.9922551,1.4848113,2.3379776
7,2018-12-10,-0.9922551,-0.6197173,-0.01279143
8,2018-12-10,-0.9922551,0.74012905,0.6415338
9,2018-12-10,-0.9922551,0.17891374,0.8419302
10,2018-12-10,-0.9922551,1.1193838,1.0905485
11,2018-12-10,-0.9922551,0.24021104,0.48106664
12,2018-12-10,-0.9922551,0.94118303,1.2261522
13,2018-12-10,-0.9922551,-0.03257227,-0.22619371
14,2018-12-10,-0.9922551,0.030640386,0.3648859
15,2018-12-10,-0.9922551,1.6632975,1.1726321
16,2018-12-10,-0.9922551,1.247653,1.0845591
17,2018-12-10,-0.9922551,1.7197832,1.1869131
18,2018-12-10,-0.9922551,0.24498133,0.5004123
19,2018-12-10,-0.9922551,0.55782264,0.8249075
20,2018-12-10,-0.9922551,1.2632269,1.1275157
21,2018-12-10,-0.9922551,-1.3337046,-1.3508394
22,2018-12-10,-0.9922551,-0.23795985,0.14811568
23,2018-12-10,-0.9922551,-0.2541806,-0.32316074
0,2018-12-11,-1.282186,-1.058744,-0.9115059
1,2018-12-11,-1.282186,0.30466512,0.72064745
2,2018-12-11,-1.282186,-1.4151213,-0.25107694
3,2018-12-11,-1.282186,0.21840428,1.2925153
4,2018-12-11,-1.282186,0.91714025,1.3753242
5,2018-12-11,-1.282186,1.3512815,0.9011386
6,2018-12-11,-1.282186,1.486557,2.2333455
7,2018-12-11,-1.282186,-0.35903177,0.5122573
8,2018-12-11,-1.282186,0.83735126,0.5648888
9,2018-12-11,-1.282186,0.14940836,0.3273493
10,2018-12-11,-1.282186,1.3403605,1.0924242
11,2018-12-11,-1.282186,0.18001801,0.42028064
12,2018-12-11,-1.282186,0.9025376,0.9441336
13,2018-12-11,-1.282186,-0.12298683,-0.28487545
14,2018-12-11,-1.282186,0.04400484,0.5703466
15,2018-12-11,-1.282186,1.664916,1.0061044
16,2018-12-11,-1.282186,1.1258383,0.9467725
17,2018-12-11,-1.282186,1.6978797,1.2562623
18,2018-12-11,-1.282186,0.09278411,0.44493163
19,2018-12-11,-1.282186,0.60989547,0.8233548
20,2018-12-11,-1.282186,1.5122005,0.69279385
21,2018-12-11,-1.282186,-1.3721739,-1.435502
22,2018-12-11,-1.282186,-0.37885478,-0.20131509
23,2018-12-11,-1.282186,-0.4453761,-1.1336501
0,2018-12-12,-1.5042716,-1.1041743,-1.0732807
1,2018-12-12,-1.5042716,0.50099105,0.78740984
2,2018-12-12,-1.5042716,-1.0831653,-0.36035115
3,2018-12-12,-1.5042716,0.5216784,1.6271012
4,2018-12-12,-1.5042716,0.90829283,1.3214467
5,2018-12-12,-1.5042716,1.3662448,1.0313839
6,2018-12-12,-1.5042716,1.3999947,2.2195036
7,2018-12-12,-1.5042716,-0.092870355,-0.4164254
8,2018-12-12,-1.5042716,0.9334115,0.049484346
9,2018-12-12,-1.5042716,0.04736717,-0.49392942
10,2018-12-12,-1.5042716,1.2738813,0.72912276
11,2018-12-12,-1.5042716,0.3541087,0.45164597
12,2018-12-12,-1.5042716,1.129102,1.115528
13,2018-12-12,-1.5042716,0.0041303136,-0.046165902
14,2018-12-12,-1.5042716,0.14997402,0.3311637
15,2018-12-12,-1.5042716,1.6284796,1.054836
16,2018-12-12,-1.5042716,1.3325467,1.1375513
17,2018-12-12,-1.5042716,1.6343546,1.0563818
18,2018-12-12,-1.5042716,0.32465652,0.5792204
19,2018-12-12,-1.5042716,0.84704924,1.0146177
20,2018-12-12,-1.5042716,1.420282,0.23195146
21,2018-12-12,-1.5042716,-1.2797238,-1.223999
22,2018-12-12,-1.5042716,-0.23162651,0.050351016
23,2018-12-12,-1.5042716,-0.37603426,-0.63578737
0,2018-12-13,-1.4157302,-0.95798784,-1.1612264
1,2018-12-13,-1.4157302,0.55847,0.765253
2,2018-12-13,-1.4157302,-1.1990582,-0.56450444
3,2018-12-13,-1.4157302,0.6814068,1.3474722
4,2018-12-13,-1.4157302,0.9425832,1.2880172
5,2018-12-13,-1.4157302,1.3483918,0.9440599
6,2018-12-13,-1.4157302,1.5206932,2.3380861
7,2018-12-13,-1.4157302,-0.20526463,-0.8166312
8,2018-12-13,-1.4157302,0.81616247,0.092366904
9,2018-12-13,-1.4157302,0.1529262,0.43804196
10,2018-12-13,-1.4157302,1.3378152,1.0683699
11,2018-12-13,-1.4157302,0.4076133,0.29703513
12,2018-12-13,-1.4157302,1.0786643,0.7534441
13,2018-12-13,-1.4157302,0.111380845,-0.31368986
14,2018-12-13,-1.4157302,0.10434146,0.38050997
15,2018-12-13,-1.4157302,1.5972694,1.0089865
16,2018-12-13,-1.4157302,1.3994029,0.9243019
17,2018-12-13,-1.4157302,1.668277,1.1106225
18,2018-12-13,-1.4157302,0.41445678,0.68266076
19,2018-12-13,-1.4157302,0.9264868,0.80914587
20,2018-12-13,-1.4157302,1.5488902,0.6152678
21,2018-12-13,-1.4157302,-1.2277391,-1.2492747
22,2018-12-13,-1.4157302,-0.2516156,-0.22286318
23,2018-12-13,-1.4157302,-0.41820633,-0.8611296
0,2018-12-14,-1.4583695,-0.9212522,-0.9307639
1,2018-12-14,-1.4583695,0.5581934,0.8519153
2,2018-12-14,-1.4583695,-0.96408904,-0.9727487
3,2018-12-14,-1.4583695,0.57103527,1.3906014
4,2018-12-14,-1.4583695,0.84722495,1.1094592
5,2018-12-14,-1.4583695,1.3743857,0.91414696
6,2018-12-14,-1.4583695,1.4504572,2.1321068
7,2018-12-14,-1.4583695,-0.3389133,-0.36409074
8,2018-12-14,-1.4583695,0.9432085,-0.13009162
9,2018-12-14,-1.4583695,0.050752442,0.524804
10,2018-12-14,-1.4583695,1.2038573,0.7118572
11,2018-12-14,-1.4583695,0.4091309,0.21678439
12,2018-12-14,-1.4583695,1.0799879,0.79183084
13,2018-12-14,-1.4583695,0.041283872,-0.2928951
14,2018-12-14,-1.4583695,0.11478125,0.008137978
15,2018-12-14,-1.4583695,1.6282374,0.9248723
16,2018-12-14,-1.4583695,1.4735862,0.96784425
17,2018-12-14,-1.4583695,1.4027817,1.2900094
18,2018-12-14,-1.4583695,0.36400715,0.39352655
19,2018-12-14,-1.4583695,0.84730846,0.537828
20,2018-12-14,-1.4583695,1.413929,0.59907967
21,2018-12-14,-1.4583695,-1.3130246,-1.5967649
22,2018-12-14,-1.4583695,-0.34062725,-0.3277745
23,2018-12-14,-1.4583695,-0.3787135,-0.7193943
0,2018-12-15,-1.1859183,-0.9746302,-1.2236668
1,2018-12-15,-1.1859183,0.59887487,0.7115412
2,2018-12-15,-1.1859183,-1.0408015,-1.8083973
3,2018-12-15,-1.1859183,-0.31294778,0.46722865
4,2018-12-15,-1.1859183,-0.13410835,-3.0420468
5,2018-12-15,-1.1859183,1.1149269,0.26248944
6,2018-12-15,-1.1859183,0.17105454,-2.5486615
7,2018-12-15,-1.1859183,-0.29937917,-0.49490944
8,2018-12-15,-1.1859183,0.8598618,-0.40335742
9,2018-12-15,-1.1859183,-0.5587159,-2.9668913
10,2018-12-15,-1.1859183,0.7822992,-0.3421888
11,2018-12-15,-1.1859183,0.35314757,0.09344281
12,2018-12-15,-1.1859183,1.1228981,0.98009425
13,2018-12-15,-1.1859183,-0.2532603,-0.65775335
14,2018-12-15,-1.1859183,0.27753067,0.03178727
15,2018-12-15,-1.1859183,1.4087385,0.5235739
16,2018-12-15,-1.1859183,1.4757969,0.9509319
17,2018-12-15,-1.1859183,1.0838071,1.0395029
18,2018-12-15,-1.1859183,0.37819234,0.5136776
19,2018-12-15,-1.1859183,0.77398723,0.65410066
20,2018-12-15,-1.1859183,1.1033458,0.79910177
21,2018-12-15,-1.1859183,-1.3943022,-1.5468583
22,2018-12-15,-1.1859183,-0.59750956,-0.52887404
23,2018-12-15,-1.1859183,-0.47887602,-0.82286364
0,2018-12-16,-0.94538486,-0.9521325,-0.81482804
1,2018-12-16,-0.94538486,0.5915868,0.8899534
2,2018-12-16,-0.94538486,-0.91834134,-0.9849882
3,2018-12-16,-0.94538486,-0.31553617,0.41708994
4,2018-12-16,-0.94538486,-0.10861675,-3.0411463
5,2018-12-16,-0.94538486,1.078439,-0.010509389
6,2018-12-16,-0.94538486,0.26036668,-1.9096737
7,2018-12-16,-0.94538486,-0.3274275,-0.34671682
8,2018-12-16,-0.94538486,0.8153321,0.21295792
9,2018-12-16,-0.94538486,-0.58008087,-2.8507888
10,2018-12-16,-0.94538486,0.6253051,-0.5837774
11,2018-12-16,-0.94538486,0.3407424,0.49438182
12,2018-12-16,-0.94538486,1.1274192,1.1587762
13,2018-12-16,-0.94538486,-0.16439594,-0.4103165
14,2018-12-16,-0.94538486,0.1118075,0.18548407
15,2018-12-16,-0.94538486,1.399958,0.57499003
16,2018-12-16,-0.94538486,1.4903717,1.137182
17,2018-12-16,-0.94538486,1.0001956,0.74599785
18,2018-12-16,-0.94538486,0.38122618,0.37179953
19,2018-12-16,-0.94538486,0.78041923,0.687768
20,2018-12-16,-0.94538486,0.85355186,1.2206526
21,2018-12-16,-0.94538486,-1.4050169,-1.4853954
22,2018-12-16,-0.94538486,-0.5421336,-0.28729805
23,2018-12-16,-0.94538486,-0.6258492,-0.9766724
0,2018-12-17,-1.0449841,-1.0603777,-0.82520896
1,2018-12-17,-1.0449841,0.47685787,0.9101226
2,2018-12-17,-1.0449841,-1.0882696,-0.7392542
3,2018-12-17,-1.0449841,0.3556988,1.7159295
4,2018-12-17,-1.0449841,0.93806297,1.2698352
5,2018-12-17,-1.0449841,1.4204614,1.1728216
6,2018-12-17,-1.0449841,1.4827019,2.3297927
7,2018-12-17,-1.0449841,-0.429204,-0.47252455
8,2018-12-17,-1.0449841,0.71981055,0.13598879
9,2018-12-17,-1.0449841,0.017709471,0.46829996
10,2018-12-17,-1.0449841,1.0925875,0.8431101
11,2018-12-17,-1.0449841,0.28439754,0.5700248
12,2018-12-17,-1.0449841,1.0150162,0.96500504
13,2018-12-17,-1.0449841,-0.0026773866,-0.31213892
14,2018-12-17,-1.0449841,-0.038077522,0.18730909
15,2018-12-17,-1.0449841,1.6512061,1.0449046
16,2018-12-17,-1.0449841,1.3530914,1.0428714
17,2018-12-17,-1.0449841,0.93398404,0.9376888
18,2018-12-17,-1.0449841,0.261064,0.52880996
19,2018-12-17,-1.0449841,0.77898556,0.8412141
20,2018-12-17,-1.0449841,1.4421085,0.9254338
21,2018-12-17,-1.0449841,-1.4197677,-1.3227247
22,2018-12-17,-1.0449841,-0.23292117,0.02603662
23,2018-12-17,-1.0449841,-0.5374147,-0.75743854
0,2018-12-18,-1.0421237,-0.96833724,-0.971668
1,2018-12-18,-1.0421237,0.49019617,0.8982841
2,2018-12-18,-1.0421237,-1.0296235,-0.59284383
3,2018-12-18,-1.0421237,0.3561291,1.3662118
4,2018-12-18,-1.0421237,0.89663273,1.3104521
5,2018-12-18,-1.0421237,1.4070556,1.0829853
6,2018-12-18,-1.0421237,1.5517428,2.4207044
7,2018-12-18,-1.0421237,-0.2961719,-0.21492428
8,2018-12-18,-1.0421237,0.74297434,0.41407222
9,2018-12-18,-1.0421237,0.059946667,0.5496408
10,2018-12-18,-1.0421237,1.2237983,0.8279265
11,2018-12-18,-1.0421237,0.29047123,0.48356712
12,2018-12-18,-1.0421237,0.967867,0.94225985
13,2018-12-18,-1.0421237,-0.052599452,-0.26499012
14,2018-12-18,-1.0421237,0.025032371,0.34574103
15,2018-12-18,-1.0421237,1.6111665,1.0560906
16,2018-12-18,-1.0421237,1.4277242,0.7762004
17,2018-12-18,-1.0421237,0.9044571,0.6875018
18,2018-12-18,-1.0421237,0.34674862,0.5760234
19,2018-12-18,-1.0421237,0.84712404,0.9020178
20,2018-12-18,-1.0421237,1.3423625,0.56587493
21,2018-12-18,-1.0421237,-1.3246622,-1.3396482
22,2018-12-18,-1.0421237,-0.21566038,-0.06713789
23,2018-12-18,-1.0421237,-0.4288888,-0.67957383
0,2018-12-19,-0.9577395,-0.9217055,-0.8458321
1,2018-12-19,-0.9577395,0.47635826,0.79314953
2,2018-12-19,-0.9577395,-0.91904414,-0.97496134
3,2018-12-19,-0.9577395,0.4692409,1.4251578
4,2018-12-19,-0.9577395,0.89435446,1.2606277
5,2018-12-19,-0.9577395,1.4235618,1.0072412
6,2018-12-19,-0.9577395,1.555345,2.3904355
7,2018-12-19,-0.9577395,-0.3512368,-0.2816851
8,2018-12-19,-0.9577395,0.7542867,-0.0354281
9,2018-12-19,-0.9577395,-0.032149285,0.23292668
10,2018-12-19,-0.9577395,1.2540373,0.6280195
11,2018-12-19,-0.9577395,0.4463964,0.3830306
12,2018-12-19,-0.9577395,1.0990975,1.1857306
13,2018-12-19,-0.9577395,-0.010829286,-0.20455317
14,2018-12-19,-0.9577395,0.082983844,0.20423366
15,2018-12-19,-0.9577395,1.6363997,1.0669583
16,2018-12-19,-0.9577395,1.5141714,0.80113316
17,2018-12-19,-0.9577395,0.68736947,0.6700931
18,2018-12-19,-0.9577395,0.36003557,0.3999753
19,2018-12-19,-0.9577395,0.84007776,0.70475966
20,2018-12-19,-0.9577395,1.4198265,1.0502125
21,2018-12-19,-0.9577395,-1.307495,-1.1558834
22,2018-12-19,-0.9577395,-0.1831895,0.08166784
23,2018-12-19,-0.9577395,-0.5187074,-0.9759329
0,2018-12-20,-0.7246381,-1.17163,-1.4837306
1,2018-12-20,-0.7246381,0.39639452,0.77581877
2,2018-12-20,-0.7246381,-1.2010006,-0.83679557
3,2018-12-20,-0.7246381,0.24731418,1.576683
4,2018-12-20,-0.7246381,0.90473324,1.282284
5,2018-12-20,-0.7246381,1.3715018,0.8613434
6,2018-12-20,-0.7246381,1.3405353,2.1897771
7,2018-12-20,-0.7246381,-0.38105506,-0.44277865
8,2018-12-20,-0.7246381,0.635326,-0.29774627
9,2018-12-20,-0.7246381,0.026305003,-0.060648292
10,2018-12-20,-0.7246381,1.0715144,0.6531402
11,2018-12-20,-0.7246381,0.29974663,0.13642721
12,2018-12-20,-0.7246381,0.9503098,0.828625
13,2018-12-20,-0.7246381,-0.082757674,-0.36394
14,2018-12-20,-0.7246381,0.0022094403,0.0426482
15,2018-12-20,-0.7246381,1.5886207,0.8568219
16,2018-12-20,-0.7246381,1.3810763,0.7069851
17,2018-12-20,-0.7246381,0.03385729,0.7165716
18,2018-12-20,-0.7246381,0.19451012,0.38772184
19,2018-12-20,-0.7246381,0.8426437,0.274657
20,2018-12-20,-0.7246381,1.3878368,0.6255006
21,2018-12-20,-0.7246381,-1.4263396,-1.4132853
22,2018-12-20,-0.7246381,-0.29691833,-0.02810904
23,2018-12-20,-0.7246381,-0.57296443,-0.94828224
0,2018-12-21,-0.42136943,-1.0459838,-1.2266952
1,2018-12-21,-0.42136943,0.35954422,0.63840467
2,2018-12-21,-0.42136943,-0.9320154,-0.6880457
3,2018-12-21,-0.42136943,-0.051404815,0.7237586
4,2018-12-21,-0.42136943,0.7567769,0.88896644
5,2018-12-21,-0.42136943,1.374633,1.1217046
6,2018-12-21,-0.42136943,1.2892259,1.967703
7,2018-12-21,-0.42136943,-0.30535144,-0.8974291
8,2018-12-21,-0.42136943,0.69948375,-0.05213576
9,2018-12-21,-0.42136943,-0.26072544,-0.45787993
10,2018-12-21,-0.42136943,0.83580154,0.5870176
11,2018-12-21,-0.42136943,0.28598765,0.21087706
12,2018-12-21,-0.42136943,0.98599714,0.9411145
13,2018-12-21,-0.42136943,-0.23289502,-0.60234886
14,2018-12-21,-0.42136943,0.11516249,-0.18589583
15,2018-12-21,-0.42136943,1.5159417,0.6273107
16,2018-12-21,-0.42136943,1.3555242,0.8050137
17,2018-12-21,-0.42136943,-0.35905424,-0.8407166
18,2018-12-21,-0.42136943,0.21308805,-0.28879762
19,2018-12-21,-0.42136943,0.7774854,0.2652682
20,2018-12-21,-0.42136943,1.4173684,0.97706175
21,2018-12-21,-0.42136943,-1.2454027,-1.2025667
22,2018-12-21,-0.42136943,-0.21456942,0.2068212
23,2018-12-21,-0.42136943,-0.58970314,-0.8568568
0,2018-12-22,-0.34410122,-1.2379371,-1.1994009
1,2018-12-22,-0.34410122,0.32438678,0.7102896
2,2018-12-22,-0.34410122,-1.0503563,-0.63285655
3,2018-12-22,-0.34410122,-0.47753274,0.28385824
4,2018-12-22,-0.34410122,-0.013335551,-2.2838128
5,2018-12-22,-0.34410122,1.063768,0.3816601
6,2018-12-22,-0.34410122,0.18347117,-1.2112195
7,2018-12-22,-0.34410122,-0.4606963,-0.9053715
8,2018-12-22,-0.34410122,0.37971085,-0.22232312
9,2018-12-22,-0.34410122,-0.76328135,-2.7038767
10,2018-12-22,-0.34410122,0.4202483,-0.6574714
11,2018-12-22,-0.34410122,0.15196693,0.18786104
12,2018-12-22,-0.34410122,0.7615596,0.79316413
13,2018-12-22,-0.34410122,-0.5942358,-0.6487205
14,2018-12-22,-0.34410122,0.12481365,0.41219443
15,2018-12-22,-0.34410122,1.1988494,0.431337
16,2018-12-22,-0.34410122,1.264606,0.8875189
17,2018-12-22,-0.34410122,-0.6857202,-2.186737
18,2018-12-22,-0.34410122,0.05137591,0.44669795
19,2018-12-22,-0.34410122,0.61578697,0.37554467
20,2018-12-22,-0.34410122,0.6631996,1.179043
21,2018-12-22,-0.34410122,-1.3558418,-1.196825
22,2018-12-22,-0.34410122,-0.7038843,-0.640661
23,2018-12-22,-0.34410122,-0.7392427,-1.0368192
0,2018-12-23,-0.33356482,-1.4446497,-1.2170272
1,2018-12-23,-0.33356482,0.27211487,0.68760264
2,2018-12-23,-0.33356482,-1.1681696,-0.78161067
3,2018-12-23,-0.33356482,-0.53301233,0.14519289
4,2018-12-23,-0.33356482,-0.05437077,-3.020054
5,2018-12-23,-0.33356482,1.0110942,0.025175508
6,2018-12-23,-0.33356482,0.08679394,-1.8684611
7,2018-12-23,-0.33356482,-0.4701025,-0.994316
8,2018-12-23,-0.33356482,0.25599596,-0.08802778
9,2018-12-23,-0.33356482,-0.759914,-3.5845482
10,2018-12-23,-0.33356482,0.25216797,-0.96802336
11,2018-12-23,-0.33356482,0.16047025,0.27963668
12,2018-12-23,-0.33356482,0.6104079,0.47641778
13,2018-12-23,-0.33356482,-0.44577524,-0.59683025
14,2018-12-23,-0.33356482,-0.020951146,-0.36209983
15,2018-12-23,-0.33356482,1.130509,0.3255387
16,2018-12-23,-0.33356482,1.0923903,0.9261618
17,2018-12-23,-0.33356482,-0.7441075,-1.7610197
18,2018-12-23,-0.33356482,-0.08136989,-0.0526647
19,2018-12-23,-0.33356482,0.5116529,0.46056855
20,2018-12-23,-0.33356482,1.1048697,1.0552756
21,2018-12-23,-0.33356482,-1.5854056,-1.7025794
22,2018-12-23,-0.33356482,-0.6868304,-0.368128
23,2018-12-23,-0.33356482,-0.73471737,-1.1965537
0,2018-12-24,-0.8968548,-1.2380358,-0.961569
1,2018-12-24,-0.8968548,0.24385597,0.7801542
2,2018-12-24,-0.8968548,-1.1769036,-0.90323484
3,2018-12-24,-0.8968548,-0.39282253,0.49024007
4,2018-12-24,-0.8968548,0.40137908,-0.5984276
5,2018-12-24,-0.8968548,1.0480647,0.21072094
6,2018-12-24,-0.8968548,0.7827814,0.21785992
7,2018-12-24,-0.8968548,-0.3586129,-0.17588603
8,2018-12-24,-0.8968548,0.54356086,0.4793097
9,2018-12-24,-0.8968548,-0.6592473,-2.2665648
10,2018-12-24,-0.8968548,0.5005488,-0.70472324
11,2018-12-24,-0.8968548,0.12899168,0.15560582
12,2018-12-24,-0.8968548,0.71525174,0.7761498
13,2018-12-24,-0.8968548,-0.34783822,-0.7296893
14,2018-12-24,-0.8968548,0.0738043,0.25090224
15,2018-12-24,-0.8968548,1.1697978,0.31965283
16,2018-12-24,-0.8968548,0.99273145,0.4994432
17,2018-12-24,-0.8968548,-0.7063511,-1.8695151
18,2018-12-24,-0.8968548,-0.044797596,0.597499
19,2018-12-24,-0.8968548,0.70924044,0.85489523
20,2018-12-24,-0.8968548,0.80628514,0.78132147
21,2018-12-24,-0.8968548,-1.4855762,-1.5584161
22,2018-12-24,-0.8968548,-0.53710735,-0.32011715
23,2018-12-24,-0.8968548,-0.728779,-1.0040239
0,2018-12-25,-1.2114004,-1.2387377,-1.5435847
1,2018-12-25,-1.2114004,0.22949047,0.37109202
2,2018-12-25,-1.2114004,-1.4794699,-0.75689906
3,2018-12-25,-1.2114004,-0.4838876,0.12803645
4,2018-12-25,-1.2114004,0.3018882,-0.53313774
5,2018-12-25,-1.2114004,0.65433794,-0.8080847
6,2018-12-25,-1.2114004,0.6692957,0.2526914
7,2018-12-25,-1.2114004,-0.5379345,-1.020507
8,2018-12-25,-1.2114004,0.44852787,-0.5867476
9,2018-12-25,-1.2114004,-0.80721784,-2.695582
10,2018-12-25,-1.2114004,0.6387425,-0.4664308
11,2018-12-25,-1.2114004,0.09089076,-0.39887407
12,2018-12-25,-1.2114004,0.6242371,0.4670729
13,2018-12-25,-1.2114004,-0.3836104,-0.46382043
14,2018-12-25,-1.2114004,0.072018765,-0.5062433
15,2018-12-25,-1.2114004,1.0749097,0.0056994422
16,2018-12-25,-1.2114004,0.8434704,0.36749166
17,2018-12-25,-1.2114004,-0.7136162,-2.384198
18,2018-12-25,-1.2114004,0.046640478,0.10941421
19,2018-12-25,-1.2114004,0.70681584,0.08736862
20,2018-12-25,-1.2114004,0.50199026,1.0819443
21,2018-12-25,-1.2114004,-1.5926359,-1.8804898
22,2018-12-25,-1.2114004,-0.78132117,-0.8806342
23,2018-12-25,-1.2114004,-0.53546584,-0.9409332
0,2018-12-26,-1.2757498,-1.1515318,-1.6318908
1,2018-12-26,-1.2757498,0.4713251,0.619909
2,2018-12-26,-1.2757498,-1.0255795,-0.9523657
3,2018-12-26,-1.2757498,-0.37721515,0.3336941
4,2018-12-26,-1.2757498,0.43070325,0.017480744
5,2018-12-26,-1.2757498,0.99199283,0.49083632
6,2018-12-26,-1.2757498,0.77683944,0.429404
7,2018-12-26,-1.2757498,-0.6076589,-0.84449154
8,2018-12-26,-1.2757498,0.56025964,-0.036301292
9,2018-12-26,-1.2757498,-0.78725165,-2.3320549
10,2018-12-26,-1.2757498,0.62354845,-0.43649828
11,2018-12-26,-1.2757498,0.22687319,0.068995126
12,2018-12-26,-1.2757498,0.82563704,0.76871353
13,2018-12-26,-1.2757498,-0.1296523,-0.42836645
14,2018-12-26,-1.2757498,0.09871051,-0.30367336
15,2018-12-26,-1.2757498,1.1486057,0.1930626
16,2018-12-26,-1.2757498,1.0730219,0.24070218
17,2018-12-26,-1.2757498,-0.76954544,-2.257089
18,2018-12-26,-1.2757498,0.27877438,0.52980226
19,2018-12-26,-1.2757498,0.8600797,0.13750619
20,2018-12-26,-1.2757498,0.6690732,0.7817756
21,2018-12-26,-1.2757498,-1.4965994,-1.3734972
22,2018-12-26,-1.2757498,-0.53110296,-0.38045838
23,2018-12-26,-1.2757498,-0.4645385,-0.6529534
0,2018-12-27,-1.1949323,-1.159118,-1.4740885
1,2018-12-27,-1.1949323,0.4164708,0.60386777
2,2018-12-27,-1.1949323,-1.1870782,-2.2077286
3,2018-12-27,-1.1949323,-0.1898669,0.7164286
4,2018-12-27,-1.1949323,0.46087292,0.1475223
5,2018-12-27,-1.1949323,1.1027268,0.22261502
6,2018-12-27,-1.1949323,0.7693931,0.54289997
7,2018-12-27,-1.1949323,-0.7069186,-1.1023765
8,2018-12-27,-1.1949323,0.7339127,0.1598594
9,2018-12-27,-1.1949323,-0.72811335,-2.586066
10,2018-12-27,-1.1949323,0.62614924,-0.3606166
11,2018-12-27,-1.1949323,0.2948956,0.12334753
12,2018-12-27,-1.1949323,0.9946629,0.7886181
13,2018-12-27,-1.1949323,-0.26051393,-0.8046595
14,2018-12-27,-1.1949323,0.23897557,0.069302365
15,2018-12-27,-1.1949323,1.1718278,0.300218
16,2018-12-27,-1.1949323,1.1027199,-0.06710931
17,2018-12-27,-1.1949323,-0.6621293,-2.1311176
18,2018-12-27,-1.1949323,0.2489052,0.34539104
19,2018-12-27,-1.1949323,0.83264935,0.18516897
20,2018-12-27,-1.1949323,0.7459641,0.5814674
21,2018-12-27,-1.1949323,-1.5432179,-1.6064796
22,2018-12-27,-1.1949323,-0.55637664,-0.6832004
23,2018-12-27,-1.1949323,-0.5423543,-0.79171807
0,2018-12-28,-1.2914336,-1.1857097,-1.4625661
1,2018-12-28,-1.2914336,0.41538122,0.67040765
2,2018-12-28,-1.2914336,-1.0298947,-0.8268397
3,2018-12-28,-1.2914336,-0.20576331,0.677969
4,2018-12-28,-1.2914336,0.4439764,0.10515718
5,2018-12-28,-1.2914336,1.1529095,0.48051813
6,2018-12-28,-1.2914336,0.769884,0.42453116
7,2018-12-28,-1.2914336,-0.7061405,-0.9329796
8,2018-12-28,-1.2914336,0.5743526,-0.9971381
9,2018-12-28,-1.2914336,-0.70315486,-2.4707088
10,2018-12-28,-1.2914336,0.7610187,-0.3663231
11,2018-12-28,-1.2914336,0.25465912,-0.111160025
12,2018-12-28,-1.2914336,0.9841465,0.6044178
13,2018-12-28,-1.2914336,-0.21208334,-0.54543096
14,2018-12-28,-1.2914336,0.17303322,0.0006917655
15,2018-12-28,-1.2914336,1.1329929,0.2199799
16,2018-12-28,-1.2914336,1.1078026,-0.14132193
17,2018-12-28,-1.2914336,-0.6432527,-2.1757548
18,2018-12-28,-1.2914336,0.19660716,0.47548303
19,2018-12-28,-1.2914336,0.79398596,0.12319026
20,2018-12-28,-1.2914336,0.7067296,0.4662095
21,2018-12-28,-1.2914336,-1.5187215,-1.4269224
22,2018-12-28,-1.2914336,-0.6107988,-0.5528365
23,2018-12-28,-1.2914336,-0.50199854,-0.8692054
0,2018-12-29,-1.2844653,-1.1944314,-1.7206703
1,2018-12-29,-1.2844653,0.46117756,0.65813196
2,2018-12-29,-1.2844653,-0.99479777,-1.400495
3,2018-12-29,-1.2844653,-0.31629908,0.49660385
4,2018-12-29,-1.2844653,-0.1147184,-3.355447
5,2018-12-29,-1.2844653,1.0628785,0.19715145
6,2018-12-29,-1.2844653,0.16193555,-2.4409342
7,2018-12-29,-1.2844653,-0.5461093,-0.48276988
8,2018-12-29,-1.2844653,0.70674473,0.08700213
9,2018-12-29,-1.2844653,-0.83167356,-3.666729
10,2018-12-29,-1.2844653,0.4930924,-1.3947911
11,2018-12-29,-1.2844653,0.29203883,0.20513408
12,2018-12-29,-1.2844653,0.9414973,0.6644443
13,2018-12-29,-1.2844653,-0.3810422,-0.7250324
14,2018-12-29,-1.2844653,0.21913418,0.04747042
15,2018-12-29,-1.2844653,1.0411143,-0.1090084
16,2018-12-29,-1.2844653,1.196406,0.15324381
17,2018-12-29,-1.2844653,-0.6900285,-2.3078566
18,2018-12-29,-1.2844653,0.35725036,0.50179774
19,2018-12-29,-1.2844653,0.7962225,0.2920357
20,2018-12-29,-1.2844653,0.47586554,0.581014
21,2018-12-29,-1.2844653,-1.5224265,-1.6130595
22,2018-12-29,-1.2844653,-0.69490844,-0.9163737
23,2018-12-29,-1.2844653,-0.50144476,-0.89494765
0,2018-12-30,-1.0056365,-1.3046085,-1.7049142
1,2018-12-30,-1.0056365,0.33662125,0.35942885
2,2018-12-30,-1.0056365,-1.0013765,-0.99957913
3,2018-12-30,-1.0056365,-0.45833272,0.337511
4,2018-12-30,-1.0056365,-0.10309774,-3.2160945
5,2018-12-30,-1.0056365,1.029702,-0.14587028
6,2018-12-30,-1.0056365,0.052064985,-2.541538
7,2018-12-30,-1.0056365,-0.9284618,-1.1955771
8,2018-12-30,-1.0056365,0.46186066,-0.6108412
9,2018-12-30,-1.0056365,-0.947037,-3.0867083
10,2018-12-30,-1.0056365,0.3958894,-1.129034
11,2018-12-30,-1.0056365,0.19810505,0.123035304
12,2018-12-30,-1.0056365,0.8306266,0.38813704
13,2018-12-30,-1.0056365,-0.49441367,-1.091473
14,2018-12-30,-1.0056365,0.07249542,-0.12859723
15,2018-12-30,-1.0056365,0.9977908,-0.20652682
16,2018-12-30,-1.0056365,1.0143483,-0.0527978
17,2018-12-30,-1.0056365,-0.773111,-2.0060759
18,2018-12-30,-1.0056365,0.15343407,0.5111006
19,2018-12-30,-1.0056365,0.72844505,0.08796162
20,2018-12-30,-1.0056365,0.3350307,0.7909456
21,2018-12-30,-1.0056365,-1.5265425,-1.5310382
22,2018-12-30,-1.0056365,-0.80914193,-0.94490397
23,2018-12-30,-1.0056365,-0.6519478,-1.1221815
0,2018-12-31,-0.9176476,-1.3733066,-1.8566204
1,2018-12-31,-0.9176476,0.4036789,0.6172117
2,2018-12-31,-0.9176476,-1.1474973,-1.4103484
3,2018-12-31,-0.9176476,-0.3402997,0.4844735
4,2018-12-31,-0.9176476,0.48240533,-0.15934254
5,2018-12-31,-0.9176476,0.955037,-0.48526633
6,2018-12-31,-0.9176476,0.64814776,0.22605428
7,2018-12-31,-0.9176476,-0.77595353,-1.4773256
8,2018-12-31,-0.9176476,0.5457662,-0.41002765
9,2018-12-31,-0.9176476,-1.0918682,-1.4513456
10,2018-12-31,-0.9176476,0.5901917,-0.617266
11,2018-12-31,-0.9176476,0.07542972,-0.15045258
12,2018-12-31,-0.9176476,0.87994725,0.41347152
13,2018-12-31,-0.9176476,-0.39821583,-0.90379447
14,2018-12-31,-0.9176476,0.120967776,-0.12678276
15,2018-12-31,-0.9176476,1.1239638,0.052075926
16,2018-12-31,-0.9176476,0.96369493,-0.13884369
17,2018-12-31,-0.9176476,-0.5924186,-1.9843278
18,2018-12-31,-0.9176476,-0.033365943,0.2623596
19,2018-12-31,-0.9176476,0.66092867,-0.2517825
20,2018-12-31,-0.9176476,0.6926614,0.66308343
21,2018-12-31,-0.9176476,-1.5554625,-1.5670612
22,2018-12-31,-0.9176476,-0.668141,-0.813976
23,2018-12-31,-0.9176476,-0.6046008,-0.86631715
0,2019-01-01,-1.1307399,-1.4094954,-1.7281338
1,2019-01-01,-1.1307399,0.21188653,0.41664058
2,2019-01-01,-1.1307399,-1.1548097,-1.150885
3,2019-01-01,-1.1307399,-0.4975044,0.16733016
4,2019-01-01,-1.1307399,0.277093,-0.5890455
5,2019-01-01,-1.1307399,0.61877453,-0.5834238
6,2019-01-01,-1.1307399,0.64084274,0.20203811
7,2019-01-01,-1.1307399,-0.9589563,-0.961219
8,2019-01-01,-1.1307399,0.3745304,-0.15497197
9,2019-01-01,-1.1307399,-1.4581999,-3.7882178
10,2019-01-01,-1.1307399,0.5291357,-0.7100217
11,2019-01-01,-1.1307399,0.091540836,-0.071216755
12,2019-01-01,-1.1307399,0.7918747,0.3840292
13,2019-01-01,-1.1307399,-0.37006107,-0.74277073
14,2019-01-01,-1.1307399,0.079897694,0.20613635
15,2019-01-01,-1.1307399,1.058287,-0.1930793
16,2019-01-01,-1.1307399,0.96668524,-0.10630233
17,2019-01-01,-1.1307399,-0.67891705,-1.895909
18,2019-01-01,-1.1307399,-0.019474363,-0.085936956
19,2019-01-01,-1.1307399,0.67047936,0.37540984
20,2019-01-01,-1.1307399,0.2818422,0.82103956
21,2019-01-01,-1.1307399,-1.5176094,-1.3659381
22,2019-01-01,-1.1307399,-0.7461018,-1.0621506
23,2019-01-01,-1.1307399,-0.76987714,-0.96862364
0,2019-01-02,-1.3954949,-1.2792127,-1.3641484
1,2019-01-02,-1.3954949,0.38580427,0.6176103
2,2019-01-02,-1.3954949,-1.0868593,-0.80828
3,2019-01-02,-1.3954949,-0.39676797,0.28358552
4,2019-01-02,-1.3954949,0.3231435,-0.40167585
5,2019-01-02,-1.3954949,0.8213819,0.2925942
6,2019-01-02,-1.3954949,0.6658013,0.12716326
7,2019-01-02,-1.3954949,-0.69055563,-0.7896144
8,2019-01-02,-1.3954949,0.56569105,-0.15529992
9,2019-01-02,-1.3954949,-1.3968568,-3.191055
10,2019-01-02,-1.3954949,0.6715538,-0.54769915
11,2019-01-02,-1.3954949,0.12383877,0.247308
12,2019-01-02,-1.3954949,0.89803106,0.65828234
13,2019-01-02,-1.3954949,-0.3593286,-0.4175132
14,2019-01-02,-1.3954949,0.18234673,0.16468565
15,2019-01-02,-1.3954949,1.0737169,0.0791804
16,2019-01-02,-1.3954949,1.0007701,0.22693112
17,2019-01-02,-1.3954949,-0.5704324,-1.6628202
18,2019-01-02,-1.3954949,0.12245465,0.1940664
19,2019-01-02,-1.3954949,0.805631,0.3835388
20,2019-01-02,-1.3954949,0.6840117,0.47590035
21,2019-01-02,-1.3954949,-1.4431522,-1.4798864
22,2019-01-02,-1.3954949,-0.6956535,-0.663598
23,2019-01-02,-1.3954949,-0.6565612,-0.8520837
0,2019-01-03,-1.4442786,-1.1364368,-1.2145222
1,2019-01-03,-1.4442786,0.5606666,0.6296382
2,2019-01-03,-1.4442786,-1.3052461,-0.59672034
3,2019-01-03,-1.4442786,-0.25109583,0.46326196
4,2019-01-03,-1.4442786,0.66074836,0.8969589
5,2019-01-03,-1.4442786,1.1512129,0.34135243
6,2019-01-03,-1.4442786,1.0077177,1.1984022
7,2019-01-03,-1.4442786,-0.575089,-0.894463
8,2019-01-03,-1.4442786,0.6516289,-0.13923666
9,2019-01-03,-1.4442786,-1.0062097,-1.7087922
10,2019-01-03,-1.4442786,1.026531,0.6997211
11,2019-01-03,-1.4442786,0.16806243,0.21927778
12,2019-01-03,-1.4442786,1.0204027,0.836884
13,2019-01-03,-1.4442786,-0.03985755,-0.19943905
14,2019-01-03,-1.4442786,0.28030485,0.40758088
15,2019-01-03,-1.4442786,1.2289617,0.4999656
16,2019-01-03,-1.4442786,0.932482,0.40357107
17,2019-01-03,-1.4442786,-0.39687026,-1.2749429
18,2019-01-03,-1.4442786,0.15231054,0.61441743
19,2019-01-03,-1.4442786,0.852777,0.29585087
20,2019-01-03,-1.4442786,1.0302337,1.3176881
21,2019-01-03,-1.4442786,-1.4939835,-1.462816
22,2019-01-03,-1.4442786,-0.4854447,-0.34243697
23,2019-01-03,-1.4442786,-0.5727511,-0.7893568
0,2019-01-04,-1.3635157,-1.1064177,-1.4365035
1,2019-01-04,-1.3635157,0.54134315,0.48869887
2,2019-01-04,-1.3635157,-1.2856488,-0.96009076
3,2019-01-04,-1.3635157,-0.31166688,0.43070564
4,2019-01-04,-1.3635157,0.65208447,0.8218715
5,2019-01-04,-1.3635157,1.1653095,0.41790232
6,2019-01-04,-1.3635157,0.94852066,1.2100296
7,2019-01-04,-1.3635157,-0.6714519,-1.2083249
8,2019-01-04,-1.3635157,0.55018187,-0.2962538
9,2019-01-04,-1.3635157,-0.7928088,-2.498962
10,2019-01-04,-1.3635157,1.1112384,0.28000087
11,2019-01-04,-1.3635157,0.17702773,-0.005891802
12,2019-01-04,-1.3635157,1.0984176,0.73451805
13,2019-01-04,-1.3635157,-0.005619484,-0.4964506
14,2019-01-04,-1.3635157,0.24193694,0.21269229
15,2019-01-04,-1.3635157,1.208735,0.37267867
16,2019-01-04,-1.3635157,0.93802625,0.15368606
17,2019-01-04,-1.3635157,-0.47103423,-1.7906911
18,2019-01-04,-1.3635157,0.21324815,0.16520922
19,2019-01-04,-1.3635157,0.88849646,0.38809907
20,2019-01-04,-1.3635157,1.0420796,0.5791541
21,2019-01-04,-1.3635157,-1.5768367,-1.7565271
22,2019-01-04,-1.3635157,-0.53901535,-0.6545814
23,2019-01-04,-1.3635157,-0.5109556,-0.8757671
0,2019-01-05,-1.2181053,-1.0213019,-0.9399074
1,2019-01-05,-1.2181053,0.56211585,0.6824774
2,2019-01-05,-1.2181053,-1.0776522,-1.2306371
3,2019-01-05,-1.2181053,-0.36281663,0.28403506
4,2019-01-05,-1.2181053,-0.14946662,-2.8649085
5,2019-01-05,-1.2181053,1.0654461,-0.043409966
6,2019-01-05,-1.2181053,0.14389944,-2.013895
7,2019-01-05,-1.2181053,-0.72376835,-0.92599076
8,2019-01-05,-1.2181053,0.6539705,-0.063274205
9,2019-01-05,-1.2181053,-0.82534206,-3.138549
10,2019-01-05,-1.2181053,0.6561799,-0.7925642
11,2019-01-05,-1.2181053,0.28421313,0.267677
12,2019-01-05,-1.2181053,1.0770903,0.98746526
13,2019-01-05,-1.2181053,-0.2669459,-0.59635043
14,2019-01-05,-1.2181053,0.3140644,0.28146783
15,2019-01-05,-1.2181053,1.1171433,0.1085485
16,2019-01-05,-1.2181053,1.0997545,-0.0764609
17,2019-01-05,-1.2181053,-0.74479336,-2.8471532
18,2019-01-05,-1.2181053,0.29237282,0.61611354
19,2019-01-05,-1.2181053,0.9315278,0.46201095
20,2019-01-05,-1.2181053,0.6622591,0.79931694
21,2019-01-05,-1.2181053,-1.5223801,-1.4042774
22,2019-01-05,-1.2181053,-0.60222805,-0.5529899
23,2019-01-05,-1.2181053,-0.47864205,-0.8815703
0,2019-01-06,-1.1912278,-0.93241274,-0.58814627
1,2019-01-06,-1.1912278,0.5479963,0.81749195
2,2019-01-06,-1.1912278,-0.9051292,-0.5805901
3,2019-01-06,-1.1912278,-0.4390501,0.13654342
4,2019-01-06,-1.1912278,-0.14427379,-3.1603456
5,2019-01-06,-1.1912278,1.0715698,-0.010739914
6,2019-01-06,-1.1912278,0.10346108,-2.7385232
7,2019-01-06,-1.1912278,-0.3829952,-0.49423453
8,2019-01-06,-1.1912278,0.7158183,0.19179684
9,2019-01-06,-1.1912278,-0.8055672,-2.507284
10,2019-01-06,-1.1912278,0.6697962,-0.5734784
11,2019-01-06,-1.1912278,0.3126569,0.5158367
12,2019-01-06,-1.1912278,1.1092945,1.2908981
13,2019-01-06,-1.1912278,-0.17272584,-0.31833008
14,2019-01-06,-1.1912278,0.3417976,0.605099
15,2019-01-06,-1.1912278,1.1333603,0.3032246
16,2019-01-06,-1.1912278,1.1271757,0.57665896
17,2019-01-06,-1.1912278,-0.76975554,-1.6676822
18,2019-01-06,-1.1912278,0.32866663,0.63431275
19,2019-01-06,-1.1912278,0.95278585,0.77567875
20,2019-01-06,-1.1912278,0.7407158,0.8521009
21,2019-01-06,-1.1912278,-1.4536383,-1.2898296
22,2019-01-06,-1.1912278,-0.50509936,-0.33795977
23,2019-01-06,-1.1912278,-0.52337956,-0.70227647
0,2019-01-07,-1.1650908,-0.98048824,-0.93503916
1,2019-01-07,-1.1650908,0.49684653,0.9013427
2,2019-01-07,-1.1650908,-0.9801694,-0.9255529
3,2019-01-07,-1.1650908,0.3043128,1.6589572
4,2019-01-07,-1.1650908,0.8893108,1.2584517
5,2019-01-07,-1.1650908,1.4191502,1.1767168
6,2019-01-07,-1.1650908,1.5142076,2.4148397
7,2019-01-07,-1.1650908,-0.34303948,-0.645493
8,2019-01-07,-1.1650908,0.8392102,0.047560368
9,2019-01-07,-1.1650908,-0.28468794,-0.17978214
10,2019-01-07,-1.1650908,1.2180705,0.82330954
11,2019-01-07,-1.1650908,0.34758452,0.56557614
12,2019-01-07,-1.1650908,1.1267357,1.0838042
13,2019-01-07,-1.1650908,0.19726779,0.05953748
14,2019-01-07,-1.1650908,0.28057232,0.5199981
15,2019-01-07,-1.1650908,1.5429885,1.2690167
16,2019-01-07,-1.1650908,1.2846813,0.8736951
17,2019-01-07,-1.1650908,-0.10952603,0.73984814
18,2019-01-07,-1.1650908,0.41285568,0.2608255
19,2019-01-07,-1.1650908,0.94147485,0.47231743
20,2019-01-07,-1.1650908,1.0105767,0.07486679
21,2019-01-07,-1.1650908,-1.345251,-1.3361329
22,2019-01-07,-1.1650908,-0.15090303,0.03418016
23,2019-01-07,-1.1650908,-0.50195175,-0.7563803
0,2019-01-08,-1.2052352,-1.1282469,-1.1362348
1,2019-01-08,-1.2052352,0.4453527,0.7585463
2,2019-01-08,-1.2052352,-1.0758662,-1.1487995
3,2019-01-08,-1.2052352,0.44988674,1.5636778
4,2019-01-08,-1.2052352,0.8880198,1.3521395
5,2019-01-08,-1.2052352,1.41133,1.0495551
6,2019-01-08,-1.2052352,1.5105319,2.4025438
7,2019-01-08,-1.2052352,-0.31497875,-0.7784033
8,2019-01-08,-1.2052352,0.77040195,-0.22332653
9,2019-01-08,-1.2052352,-0.007066906,0.6988362
10,2019-01-08,-1.2052352,1.2802298,1.165729
11,2019-01-08,-1.2052352,0.27828488,0.46337205
12,2019-01-08,-1.2052352,1.0945548,1.0327439
13,2019-01-08,-1.2052352,0.06699109,-0.20831175
14,2019-01-08,-1.2052352,0.34692252,0.63278764
15,2019-01-08,-1.2052352,1.5238583,1.0811138
16,2019-01-08,-1.2052352,1.3060247,0.6848306
17,2019-01-08,-1.2052352,0.18357715,1.0130209
18,2019-01-08,-1.2052352,0.33072883,0.44496095
19,2019-01-08,-1.2052352,0.8656781,0.5027327
20,2019-01-08,-1.2052352,1.205859,0.9632107
21,2019-01-08,-1.2052352,-1.2259243,-1.1463547
22,2019-01-08,-1.2052352,-0.25118575,-0.03291419
23,2019-01-08,-1.2052352,-0.45068592,-0.725677
0,2019-01-09,-1.413582,-1.0825803,-0.9367088
1,2019-01-09,-1.413582,0.5019953,0.97778976
2,2019-01-09,-1.413582,-1.049998,-1.2592773
3,2019-01-09,-1.413582,0.4529362,1.3642088
4,2019-01-09,-1.413582,0.90326655,1.3052977
5,2019-01-09,-1.413582,1.3854306,1.000209
6,2019-01-09,-1.413582,1.5218388,2.3138645
7,2019-01-09,-1.413582,-0.3567792,-0.6158815
8,2019-01-09,-1.413582,0.8038321,0.0031446852
9,2019-01-09,-1.413582,0.07658262,0.837352
10,2019-01-09,-1.413582,1.3538369,1.1660271
11,2019-01-09,-1.413582,0.3730766,0.4077023
12,2019-01-09,-1.413582,1.1985824,1.2332275
13,2019-01-09,-1.413582,0.069683164,-0.08965143
14,2019-01-09,-1.413582,0.3568604,0.41328052
15,2019-01-09,-1.413582,1.5391964,1.0374626
16,2019-01-09,-1.413582,1.3515682,0.7944717
17,2019-01-09,-1.413582,0.003847711,0.45033303
18,2019-01-09,-1.413582,0.5018026,0.22703832
19,2019-01-09,-1.413582,0.895995,0.47880474
20,2019-01-09,-1.413582,1.2783159,0.8525041
21,2019-01-09,-1.413582,-1.0468256,-1.0910563
22,2019-01-09,-1.413582,-0.27915516,0.005988653
23,2019-01-09,-1.413582,-0.35750452,-0.536154
0,2019-01-10,-1.4844713,-1.0792547,-0.9987807
1,2019-01-10,-1.4844713,0.54370815,0.830386
2,2019-01-10,-1.4844713,-1.2286828,-0.77478087
3,2019-01-10,-1.4844713,0.28725478,1.3573072
4,2019-01-10,-1.4844713,0.90721476,1.3381243
5,2019-01-10,-1.4844713,1.3500837,0.8481011
6,2019-01-10,-1.4844713,1.474751,2.2328181
7,2019-01-10,-1.4844713,-0.36319694,-0.455054
8,2019-01-10,-1.4844713,0.87735796,0.22276653
9,2019-01-10,-1.4844713,0.1062394,0.43194112
10,2019-01-10,-1.4844713,1.4030524,1.0711246
11,2019-01-10,-1.4844713,0.27967587,0.42140335
12,2019-01-10,-1.4844713,1.1069205,0.87181824
13,2019-01-10,-1.4844713,0.0058305184,-0.37233075
14,2019-01-10,-1.4844713,0.3066461,0.64827925
15,2019-01-10,-1.4844713,1.4951998,0.80286455
16,2019-01-10,-1.4844713,1.2970048,0.5095696
17,2019-01-10,-1.4844713,0.49672404,1.4858253
18,2019-01-10,-1.4844713,0.38831556,0.60516155
19,2019-01-10,-1.4844713,0.91195154,0.47961867
20,2019-01-10,-1.4844713,1.3412523,0.7875905
21,2019-01-10,-1.4844713,-0.903596,-1.4433045
22,2019-01-10,-1.4844713,-0.29642606,-0.025231894
23,2019-01-10,-1.4844713,-0.32431152,-0.8021373
0,2019-01-11,-1.3464744,-1.0149273,-1.2836831
1,2019-01-11,-1.3464744,0.57698965,0.46669012
2,2019-01-11,-1.3464744,-1.052039,-0.8643454
3,2019-01-11,-1.3464744,0.26255593,1.4987332
4,2019-01-11,-1.3464744,0.8712549,1.2249573
5,2019-01-11,-1.3464744,1.3651001,0.99524903
6,2019-01-11,-1.3464744,1.4283376,2.1542013
7,2019-01-11,-1.3464744,-0.36371076,-0.5800048
8,2019-01-11,-1.3464744,0.84061134,-0.18563193
9,2019-01-11,-1.3464744,-0.23398781,-0.24883978
10,2019-01-11,-1.3464744,1.3366508,0.77274793
11,2019-01-11,-1.3464744,0.28706852,0.13629238
12,2019-01-11,-1.3464744,1.1473409,0.9867944
13,2019-01-11,-1.3464744,0.02468967,-0.349262
14,2019-01-11,-1.3464744,0.34721383,0.278747
15,2019-01-11,-1.3464744,1.4430311,0.84307635
16,2019-01-11,-1.3464744,1.3486766,0.7038541
17,2019-01-11,-1.3464744,0.23982796,1.1282909
18,2019-01-11,-1.3464744,0.38534182,0.49560234
19,2019-01-11,-1.3464744,0.898193,0.32397947
20,2019-01-11,-1.3464744,1.2958097,0.8904977
21,2019-01-11,-1.3464744,-0.9841506,-1.8490921
22,2019-01-11,-1.3464744,-0.26670048,-0.042866066
23,2019-01-11,-1.3464744,-0.2833176,-0.71369565
0,2019-01-12,-1.1375214,-0.9837368,-0.70923936
1,2019-01-12,-1.1375214,0.5491083,0.58116436
2,2019-01-12,-1.1375214,-0.864411,-0.99978954
3,2019-01-12,-1.1375214,-0.38270617,0.4159699
4,2019-01-12,-1.1375214,0.011072893,-2.6443648
5,2019-01-12,-1.1375214,1.076209,0.22461054
6,2019-01-12,-1.1375214,0.0029659534,-1.6293811
7,2019-01-12,-1.1375214,-0.38461375,-0.83540034
8,2019-01-12,-1.1375214,0.6992186,-0.18993269
9,2019-01-12,-1.1375214,-0.7352367,-2.9725876
10,2019-01-12,-1.1375214,0.8415036,-0.97644
11,2019-01-12,-1.1375214,0.31436813,0.398881
12,2019-01-12,-1.1375214,1.1141139,0.79146606
13,2019-01-12,-1.1375214,-0.24570711,-0.63247585
14,2019-01-12,-1.1375214,0.3584193,0.3448268
15,2019-01-12,-1.1375214,1.2977797,0.42945194
16,2019-01-12,-1.1375214,1.3641331,0.7042046
17,2019-01-12,-1.1375214,-0.7141227,-2.0939803
18,2019-01-12,-1.1375214,0.31886086,0.44370747
19,2019-01-12,-1.1375214,0.8953904,0.15333317
20,2019-01-12,-1.1375214,0.98747075,0.8548492
21,2019-01-12,-1.1375214,-0.9488606,-1.1455507
22,2019-01-12,-1.1375214,-0.6240077,-0.79701287
23,2019-01-12,-1.1375214,-0.38708422,-0.7155059
0,2019-01-13,-0.8808019,-0.95034885,-0.89307255
1,2019-01-13,-0.8808019,0.55863696,0.94476837
2,2019-01-13,-0.8808019,-0.8944352,-0.90863067
3,2019-01-13,-0.8808019,-0.40762478,0.31091687
4,2019-01-13,-0.8808019,-0.04132195,-2.4611695
5,2019-01-13,-0.8808019,1.0902097,0.20314299
6,2019-01-13,-0.8808019,-0.027367974,-2.169704
7,2019-01-13,-0.8808019,-0.2927605,-0.46266955
8,2019-01-13,-0.8808019,0.8218586,0.21269287
9,2019-01-13,-0.8808019,-0.8048249,-3.577118
10,2019-01-13,-0.8808019,0.80151534,-0.44799384
11,2019-01-13,-0.8808019,0.46286538,0.6799344
12,2019-01-13,-0.8808019,1.1025282,1.2376097
13,2019-01-13,-0.8808019,-0.118960194,-0.22222953
14,2019-01-13,-0.8808019,0.46329844,0.658071
15,2019-01-13,-0.8808019,1.26332,0.5007013
16,2019-01-13,-0.8808019,1.3613575,1.2093592
17,2019-01-13,-0.8808019,-0.6262896,-2.3236551
18,2019-01-13,-0.8808019,0.47022176,0.25808454
19,2019-01-13,-0.8808019,0.90420336,0.7033094
20,2019-01-13,-0.8808019,0.99294984,1.2363746
21,2019-01-13,-0.8808019,-0.8924281,-1.3031667
22,2019-01-13,-0.8808019,-0.5280558,-0.3779232
23,2019-01-13,-0.8808019,-0.4513103,-0.94105506
0,2019-01-14,-1.0528929,-1.1388229,-0.96970105
1,2019-01-14,-1.0528929,0.45444554,0.83501375
2,2019-01-14,-1.0528929,-1.0665972,-0.724585
3,2019-01-14,-1.0528929,0.21289124,1.5976615
4,2019-01-14,-1.0528929,0.9401866,1.1982944
5,2019-01-14,-1.0528929,1.4156035,1.0020562
6,2019-01-14,-1.0528929,1.5161349,2.4695017
7,2019-01-14,-1.0528929,-0.46386182,-0.40971583
8,2019-01-14,-1.0528929,0.72762936,-0.017695734
9,2019-01-14,-1.0528929,-0.19683655,0.19882055
10,2019-01-14,-1.0528929,1.2841656,1.037346
11,2019-01-14,-1.0528929,0.24181077,0.5374007
12,2019-01-14,-1.0528929,1.0684855,1.1843709
13,2019-01-14,-1.0528929,-0.02151773,-0.2533164
14,2019-01-14,-1.0528929,0.2173248,0.58584046
15,2019-01-14,-1.0528929,1.517592,1.0282574
16,2019-01-14,-1.0528929,1.2561884,0.78767294
17,2019-01-14,-1.0528929,0.6048953,1.7388787
18,2019-01-14,-1.0528929,0.2563359,0.16163072
19,2019-01-14,-1.0528929,0.79705423,0.6881696
20,2019-01-14,-1.0528929,1.270163,0.01514884
21,2019-01-14,-1.0528929,-1.0383613,-1.8329357
22,2019-01-14,-1.0528929,-0.25722823,-0.099149734
23,2019-01-14,-1.0528929,-0.52766675,-0.8639125
0,2019-01-15,-1.1775402,-1.063873,-1.2359239
1,2019-01-15,-1.1775402,0.35360816,0.804657
2,2019-01-15,-1.1775402,-1.3917346,-0.45334154
3,2019-01-15,-1.1775402,0.2713813,1.6447592
4,2019-01-15,-1.1775402,0.8867187,1.2289964
5,2019-01-15,-1.1775402,1.3688662,0.7712681
6,2019-01-15,-1.1775402,1.5869471,2.3695383
7,2019-01-15,-1.1775402,-0.505387,-0.1840967
8,2019-01-15,-1.1775402,0.5294257,0.37880808
9,2019-01-15,-1.1775402,-0.15767127,0.11714945
10,2019-01-15,-1.1775402,1.4279389,1.0613003
11,2019-01-15,-1.1775402,0.20480494,0.48604402
12,2019-01-15,-1.1775402,1.0682002,1.0258946
13,2019-01-15,-1.1775402,-0.100725435,-0.47482425
14,2019-01-15,-1.1775402,0.19020914,0.63043714
15,2019-01-15,-1.1775402,1.5283593,0.9771906
16,2019-01-15,-1.1775402,1.1078361,0.7813314
17,2019-01-15,-1.1775402,0.7090987,1.7942668
18,2019-01-15,-1.1775402,0.35081518,0.37448218
19,2019-01-15,-1.1775402,0.79140216,0.71282804
20,2019-01-15,-1.1775402,1.2992266,0.7219056
21,2019-01-15,-1.1775402,-1.1339824,-1.3581861
22,2019-01-15,-1.1775402,-0.43913636,-0.26978415
23,2019-01-15,-1.1775402,-0.4940118,-0.95256114
0,2019-01-16,-0.9823892,-1.1409636,-1.1933911
1,2019-01-16,-0.9823892,0.4001289,0.7306847
2,2019-01-16,-0.9823892,-1.30715,-0.68002737
3,2019-01-16,-0.9823892,0.29919475,1.6718076
4,2019-01-16,-0.9823892,0.8842771,1.2582254
5,2019-01-16,-0.9823892,1.3197668,0.91172856
6,2019-01-16,-0.9823892,1.4760722,2.335339
7,2019-01-16,-0.9823892,-0.7861561,-0.52914405
8,2019-01-16,-0.9823892,0.6358055,0.07978797
9,2019-01-16,-0.9823892,-0.35966855,-0.038100995
10,2019-01-16,-0.9823892,1.3706284,1.0010133
11,2019-01-16,-0.9823892,0.29661417,0.36358693
12,2019-01-16,-0.9823892,1.1546712,0.8017146
13,2019-01-16,-0.9823892,0.01603404,-0.25536773
14,2019-01-16,-0.9823892,0.2624261,0.47380337
15,2019-01-16,-0.9823892,1.5436987,0.8375008
16,2019-01-16,-0.9823892,1.1299939,0.69661075
17,2019-01-16,-0.9823892,0.7651068,1.7779593
18,2019-01-16,-0.9823892,0.36582983,0.7009646
19,2019-01-16,-0.9823892,0.8414999,0.44671407
20,2019-01-16,-0.9823892,1.2964258,0.48987183
21,2019-01-16,-0.9823892,-1.2152917,-1.5360091
22,2019-01-16,-0.9823892,-0.37190259,-0.102799006
23,2019-01-16,-0.9823892,-0.4150151,-0.8381007
0,2019-01-17,-1.1598245,-1.0824552,-1.1171657
1,2019-01-17,-1.1598245,0.39859983,0.6905316
2,2019-01-17,-1.1598245,-1.1358519,-1.111801
3,2019-01-17,-1.1598245,0.27875972,1.5773113
4,2019-01-17,-1.1598245,0.90506583,1.3137492
5,2019-01-17,-1.1598245,1.3619595,1.0813916
6,2019-01-17,-1.1598245,1.5328254,2.354242
7,2019-01-17,-1.1598245,-0.55972797,-0.12096941
8,2019-01-17,-1.1598245,0.6145382,0.10988179
9,2019-01-17,-1.1598245,-0.15901181,0.30058295
10,2019-01-17,-1.1598245,1.3210944,1.3926331
11,2019-01-17,-1.1598245,0.3177387,0.52649283
12,2019-01-17,-1.1598245,1.1161302,0.8813365
13,2019-01-17,-1.1598245,0.017108023,-0.16253805
14,2019-01-17,-1.1598245,0.2288138,0.3072018
15,2019-01-17,-1.1598245,1.5623455,0.9173866
16,2019-01-17,-1.1598245,1.2164937,0.7339097
17,2019-01-17,-1.1598245,0.5679835,1.7043211
18,2019-01-17,-1.1598245,0.3535935,0.5037302
19,2019-01-17,-1.1598245,0.89041734,0.6479375
20,2019-01-17,-1.1598245,1.3574667,0.65252036
21,2019-01-17,-1.1598245,-1.169695,-1.351888
22,2019-01-17,-1.1598245,-0.20722862,0.16512157
23,2019-01-17,-1.1598245,-0.5301065,-0.72386634
0,2019-01-18,-1.3927203,-1.0481317,-0.9101743
1,2019-01-18,-1.3927203,0.41257215,0.6102592
2,2019-01-18,-1.3927203,-1.2291498,-0.7299402
3,2019-01-18,-1.3927203,0.0894126,1.191661
4,2019-01-18,-1.3927203,0.83205754,1.1693074
5,2019-01-18,-1.3927203,1.292485,0.7661912
6,2019-01-18,-1.3927203,1.405488,2.177269
7,2019-01-18,-1.3927203,-0.46563405,-0.70658565
8,2019-01-18,-1.3927203,0.67573595,0.42107078
9,2019-01-18,-1.3927203,-0.22775999,-0.7420136
10,2019-01-18,-1.3927203,1.3484908,0.99009424
11,2019-01-18,-1.3927203,0.19341412,0.17207931
12,2019-01-18,-1.3927203,1.1238981,0.78252625
13,2019-01-18,-1.3927203,-0.04443792,-0.4208326
14,2019-01-18,-1.3927203,0.2896555,0.5932491
15,2019-01-18,-1.3927203,1.508539,0.7655679
16,2019-01-18,-1.3927203,1.1483626,0.778918
17,2019-01-18,-1.3927203,0.56768394,1.6449083
18,2019-01-18,-1.3927203,0.24898778,0.59193915
19,2019-01-18,-1.3927203,0.7798632,0.30986953
20,2019-01-18,-1.3927203,1.2722206,0.5879934
21,2019-01-18,-1.3927203,-1.1449292,-1.5005419
22,2019-01-18,-1.3927203,-0.3462729,-0.3092004
23,2019-01-18,-1.3927203,-0.37190762,-0.2770401
0,2019-01-19,-1.3289694,-1.0288193,-0.90698785
1,2019-01-19,-1.3289694,0.4528151,0.45764038
2,2019-01-19,-1.3289694,-1.0429664,-0.7438846
3,2019-01-19,-1.3289694,-0.34343493,0.14857003
4,2019-01-19,-1.3289694,-0.09380396,-2.927297
5,2019-01-19,-1.3289694,0.9608166,0.0059736934
6,2019-01-19,-1.3289694,-0.06032653,-2.2225826
7,2019-01-19,-1.3289694,-0.5775682,-0.5890691
8,2019-01-19,-1.3289694,0.73101,-0.29759303
9,2019-01-19,-1.3289694,-0.45870432,-2.7905493
10,2019-01-19,-1.3289694,0.8427198,-1.0372603
11,2019-01-19,-1.3289694,0.26784876,0.12978227
12,2019-01-19,-1.3289694,1.1339352,0.83347714
13,2019-01-19,-1.3289694,-0.3152641,-0.72763664
14,2019-01-19,-1.3289694,0.4859989,0.4127579
15,2019-01-19,-1.3289694,1.3096867,0.50221336
16,2019-01-19,-1.3289694,1.3188607,0.5968485
17,2019-01-19,-1.3289694,-0.34167966,-1.268359
18,2019-01-19,-1.3289694,0.29415286,0.6306255
19,2019-01-19,-1.3289694,0.94594187,0.13146268
20,2019-01-19,-1.3289694,0.9017618,1.0508265
21,2019-01-19,-1.3289694,-1.2247503,-1.266394
22,2019-01-19,-1.3289694,-0.7014982,-0.7899414
23,2019-01-19,-1.3289694,-0.5644193,-0.964796
